,,,,,,,,,,,,,,,,,,,,,,,,,,,,,,,,,,,,,,,,,,,,,,,,,,,,,,,,,,,,,,,,,,,,,,,,,,,,,,,,,,,,,,,,,,,,,,,,,,,,,,,,,,,,,100mlあたり,,,,,,,,,,,
NO,min,h,計測日時,計測タイム(s),総個数,0μm,1μm,2μm,3μm,4μm,5μm,6μm,7μm,8μm,9μm,10μm,11μm,12μm,13μm,14μm,15μm,16μm,17μm,18μm,19μm,20μm,21μm,22μm,23μm,24μm,25μm,26μm,27μm,28μm,29μm,30μm,31μm,32μm,33μm,34μm,35μm,36μm,37μm,38μm,39μm,40μm,41μm,42μm,43μm,44μm,45μm,46μm,47μm,48μm,49μm,50μm,51μm,52μm,53μm,54μm,55μm,56μm,57μm,58μm,59μm,60μm,61μm,62μm,63μm,64μm,65μm,66μm,67μm,68μm,69μm,70μm,71μm,72μm,73μm,74μm,75μm,76μm,77μm,78μm,79μm,80μm,81μm,82μm,83μm,84μm,85μm,86μm,87μm,88μm,89μm,90μm,91μm,92μm,93μm,94μm,95μm,96μm,97μm,98μm,99μm,100μm,100μm<,,～10μm,10～20μm,20～30μm,30～40μm,40～50μm,50～60μm,60～70μm,70～80μm,80～90μm,90～100μm,３０＜,100μm<
1,0,0.0,12/22/2024 15:45:49,25.36,4259,0,0,0,0,336,1912,1223,328,196,101,56,29,28,14,12,8,2,0,3,3,1,2,0,2,0,2,0,0,0,0,0,0,1,0,0,0,0,0,0,0,0,0,0,0,0,0,0,0,0,0,0,0,0,0,0,0,0,0,0,0,0,0,0,0,0,0,0,0,0,0,0,0,0,0,0,0,0,0,0,0,0,0,0,0,0,0,0,0,0,0,0,0,0,0,0,0,0,0,0,0,0,0,,16372,615,28,4,0,0,0,0,0,0,4,0
2,2,0.0,12/22/2024 15:47:32,19.83,3068,0,0,0,0,240,1435,897,234,111,57,28,17,12,9,8,5,2,1,3,0,0,1,2,0,1,1,2,0,0,0,0,0,0,0,1,0,0,0,0,0,0,0,1,0,0,0,0,0,0,0,0,0,0,0,0,0,0,0,0,0,0,0,0,0,0,0,0,0,0,0,0,0,0,0,0,0,0,0,0,0,0,0,0,0,0,0,0,0,0,0,0,0,0,0,0,0,0,0,0,0,0,0,,15139,429,35,5,0,0,0,0,0,0,5,0
3,4,0.1,12/22/2024 15:49:53,25.5,8218,0,0,0,0,587,3471,2369,722,405,183,147,84,55,43,34,17,19,9,8,7,6,8,12,5,4,4,1,2,2,2,2,2,2,0,3,0,1,0,0,0,2,0,0,0,0,0,0,0,0,0,0,0,0,0,0,0,0,0,0,0,0,0,0,0,0,0,0,0,0,0,0,0,0,0,0,0,0,0,0,0,0,0,0,0,0,0,0,0,0,0,0,0,0,0,0,0,0,0,0,0,0,0,,30918,1682,188,47,0,0,0,0,0,0,47,0
4,6,0.1,12/22/2024 15:52:10,24.23,7396,0,0,0,1,505,3079,2145,649,388,200,132,85,46,42,25,16,17,17,7,5,9,7,5,2,4,1,4,0,1,1,0,0,1,0,1,1,0,0,0,0,0,0,0,0,0,0,0,0,0,0,0,0,0,0,0,0,0,0,0,0,0,0,0,0,0,0,0,0,0,0,0,0,0,0,0,0,0,0,0,0,0,0,0,0,0,0,0,0,0,0,0,0,0,0,0,0,0,0,0,0,0,0,,29298,1655,140,12,0,0,0,0,0,0,12,0
5,8,0.1,12/22/2024 15:54:28,23.81,5941,0,0,0,0,390,2485,1765,541,292,127,98,61,49,35,20,20,6,12,9,10,5,1,3,3,2,2,1,2,0,0,0,1,1,0,0,0,0,0,0,0,0,0,0,0,0,0,0,0,0,0,0,0,0,0,0,0,0,0,0,0,0,0,0,0,0,0,0,0,0,0,0,0,0,0,0,0,0,0,0,0,0,0,0,0,0,0,0,0,0,0,0,0,0,0,0,0,0,0,0,0,0,0,,23931,1365,80,8,0,0,0,0,0,0,8,0
6,10,0.2,12/22/2024 15:56:44,23.41,5366,0,0,0,0,391,2296,1612,459,251,124,63,43,38,22,18,8,10,9,2,8,3,1,2,0,2,3,0,0,0,0,0,0,0,0,0,0,1,0,0,0,0,0,0,0,0,0,0,0,0,0,0,0,0,0,0,0,0,0,0,0,0,0,0,0,0,0,0,0,0,0,0,0,0,0,0,0,0,0,0,0,0,0,0,0,0,0,0,0,0,0,0,0,0,0,0,0,0,0,0,0,0,0,,22196,957,47,4,0,0,0,0,0,0,4,0
7,12,0.2,12/22/2024 15:58:59,22.84,5425,0,0,0,0,371,2318,1610,490,273,137,68,44,32,26,14,10,9,5,2,1,4,2,4,0,0,2,1,1,0,0,1,0,0,0,0,0,0,0,0,0,0,0,0,0,0,0,0,0,0,0,0,0,0,0,0,0,0,0,0,0,0,0,0,0,0,0,0,0,0,0,0,0,0,0,0,0,0,0,0,0,0,0,0,0,0,0,0,0,0,0,0,0,0,0,0,0,0,0,0,0,0,0,,23060,941,66,4,0,0,0,0,0,0,4,0
8,14,0.2,12/22/2024 16:01:12,22.34,5101,0,0,0,0,373,2215,1568,421,212,124,69,35,23,20,10,6,4,2,3,3,3,0,1,1,2,2,2,0,0,0,0,0,0,1,0,0,0,0,1,0,0,0,0,0,0,0,0,0,0,0,0,0,0,0,0,0,0,0,0,0,0,0,0,0,0,0,0,0,0,0,0,0,0,0,0,0,0,0,0,0,0,0,0,0,0,0,0,0,0,0,0,0,0,0,0,0,0,0,0,0,0,0,,22301,797,49,9,0,0,0,0,0,0,9,0
9,16,0.3,12/22/2024 16:03:26,22,4864,0,0,0,0,372,2187,1416,399,212,101,54,31,27,19,12,2,12,4,4,1,4,1,0,1,1,0,0,1,0,1,0,0,1,0,0,1,0,0,0,0,0,0,0,0,0,0,0,0,0,0,0,0,0,0,0,0,0,0,0,0,0,0,0,0,0,0,0,0,0,0,0,0,0,0,0,0,0,0,0,0,0,0,0,0,0,0,0,0,0,0,0,0,0,0,0,0,0,0,0,0,0,0,,21550,773,41,9,0,0,0,0,0,0,9,0
10,18,0.3,12/22/2024 16:05:38,21.66,4519,0,0,0,0,321,2063,1295,395,179,91,64,24,20,17,13,9,2,8,3,8,1,2,3,1,0,0,0,0,0,0,0,0,0,0,0,0,0,0,0,0,0,0,0,0,0,0,0,0,0,0,0,0,0,0,0,0,0,0,0,0,0,0,0,0,0,0,0,0,0,0,0,0,0,0,0,0,0,0,0,0,0,0,0,0,0,0,0,0,0,0,0,0,0,0,0,0,0,0,0,0,0,0,,20351,780,32,0,0,0,0,0,0,0,0,0
11,20,0.3,12/22/2024 16:07:50,21.42,4384,0,0,0,0,334,1996,1299,338,178,82,61,30,21,7,6,6,6,2,3,6,4,2,1,1,1,0,0,0,0,0,0,0,0,0,0,0,0,0,0,0,0,0,0,0,0,0,0,0,0,0,0,0,0,0,0,0,0,0,0,0,0,0,0,0,0,0,0,0,0,0,0,0,0,0,0,0,0,0,0,0,0,0,0,0,0,0,0,0,0,0,0,0,0,0,0,0,0,0,0,0,0,0,,20019,710,42,0,0,0,0,0,0,0,0,0
12,22,0.4,12/22/2024 16:10:01,21.22,4176,0,0,0,0,313,1887,1231,353,154,74,54,22,26,20,13,2,5,9,6,2,1,1,3,0,0,0,0,0,0,0,0,0,0,0,0,0,0,0,0,0,0,0,0,0,0,0,0,0,0,0,0,0,0,0,0,0,0,0,0,0,0,0,0,0,0,0,0,0,0,0,0,0,0,0,0,0,0,0,0,0,0,0,0,0,0,0,0,0,0,0,0,0,0,0,0,0,0,0,0,0,0,0,,19161,754,24,0,0,0,0,0,0,0,0,0
13,24,0.4,12/22/2024 16:12:12,20.95,3909,0,0,0,0,317,1722,1199,294,159,77,45,25,18,11,12,6,6,5,2,2,3,0,0,1,0,2,1,0,0,0,0,0,0,0,0,0,0,2,0,0,0,0,0,0,0,0,0,0,0,0,0,0,0,0,0,0,0,0,0,0,0,0,0,0,0,0,0,0,0,0,0,0,0,0,0,0,0,0,0,0,0,0,0,0,0,0,0,0,0,0,0,0,0,0,0,0,0,0,0,0,0,0,,18200,644,33,10,0,0,0,0,0,0,10,0
14,26,0.4,12/22/2024 16:14:22,20.66,3928,0,0,0,0,290,1789,1120,315,188,63,65,23,25,11,14,3,7,3,2,0,2,1,0,0,0,1,2,1,1,0,0,0,1,0,0,0,0,0,0,0,0,0,0,0,0,0,0,0,1,0,0,0,0,0,0,0,0,0,0,0,0,0,0,0,0,0,0,0,0,0,0,0,0,0,0,0,0,0,0,0,0,0,0,0,0,0,0,0,0,0,0,0,0,0,0,0,0,0,0,0,0,0,,18538,750,39,5,0,0,0,0,0,0,5,0
15,28,0.5,12/22/2024 16:16:32,20.58,3709,0,0,0,1,308,1647,1097,294,146,78,52,28,11,11,11,6,4,3,3,1,0,4,1,1,1,0,1,0,0,0,0,0,0,0,0,0,0,0,0,0,0,0,0,0,0,0,0,0,0,0,0,0,0,0,0,0,0,0,0,0,0,0,0,0,0,0,0,0,0,0,0,0,0,0,0,0,0,0,0,0,0,0,0,0,0,0,0,0,0,0,0,0,0,0,0,0,0,0,0,0,0,0,,17604,632,39,0,0,0,0,0,0,0,0,0
16,30,0.5,12/22/2024 16:18:42,20.2,3489,0,0,0,0,300,1606,971,266,139,79,31,37,17,17,8,3,4,4,0,2,3,0,0,0,0,1,1,0,0,0,0,0,0,0,0,0,0,0,0,0,0,0,0,0,0,0,0,0,0,0,0,0,0,0,0,0,0,0,0,0,0,0,0,0,0,0,0,0,0,0,0,0,0,0,0,0,0,0,0,0,0,0,0,0,0,0,0,0,0,0,0,0,0,0,0,0,0,0,0,0,0,0,,16792,624,25,0,0,0,0,0,0,0,0,0
17,32,0.5,12/22/2024 16:20:50,20.08,3331,0,0,0,0,251,1535,941,272,133,69,31,23,21,12,4,8,7,3,3,2,4,0,2,2,1,0,0,1,1,0,0,1,1,0,3,0,0,0,0,0,0,0,0,0,0,0,0,0,0,0,0,0,0,0,0,0,0,0,0,0,0,0,0,0,0,0,0,0,0,0,0,0,0,0,0,0,0,0,0,0,0,0,0,0,0,0,0,0,0,0,0,0,0,0,0,0,0,0,0,0,0,0,,16096,588,55,25,0,0,0,0,0,0,25,0
18,34,0.6,12/22/2024 16:22:58,19.88,3330,0,0,0,0,274,1545,981,223,100,73,32,37,11,14,4,3,7,5,6,2,2,1,2,4,1,1,0,0,0,0,1,0,0,0,0,0,0,0,0,1,0,0,0,0,0,0,0,0,0,0,0,0,0,0,0,0,0,0,0,0,0,0,0,0,0,0,0,0,0,0,0,0,0,0,0,0,0,0,0,0,0,0,0,0,0,0,0,0,0,0,0,0,0,0,0,0,0,0,0,0,0,0,,16237,619,60,10,0,0,0,0,0,0,10,0
19,36,0.6,12/22/2024 16:25:06,19.73,3209,0,0,0,0,271,1450,934,227,144,66,37,26,15,7,5,4,2,1,6,1,2,0,3,1,1,1,2,0,1,0,0,0,0,0,1,0,0,0,0,0,0,1,0,0,0,0,0,0,0,0,0,0,0,0,0,0,0,0,0,0,0,0,0,0,0,0,0,0,0,0,0,0,0,0,0,0,0,0,0,0,0,0,0,0,0,0,0,0,0,0,0,0,0,0,0,0,0,0,0,0,0,0,,15859,537,56,5,0,0,0,0,0,0,5,0
20,38,0.6,12/22/2024 16:27:15,20.19,3253,0,0,0,0,291,1481,895,229,140,60,49,21,21,14,13,11,4,7,3,0,4,2,0,1,0,1,0,0,0,0,1,1,1,0,0,2,1,0,0,0,0,0,0,0,0,0,0,0,0,0,0,0,0,0,0,0,0,0,0,0,0,0,0,0,0,0,0,0,0,0,0,0,0,0,0,0,0,0,0,0,0,0,0,0,0,0,0,0,0,0,0,0,0,0,0,0,0,0,0,0,0,0,,15577,728,45,30,0,0,0,0,0,0,30,0
21,40,0.7,12/22/2024 16:29:26,21.03,3348,0,0,0,0,284,1518,967,255,126,68,43,27,12,13,11,4,2,8,1,0,0,1,1,1,0,0,2,1,0,1,1,0,0,0,1,0,0,0,0,0,0,0,0,0,0,0,0,0,0,0,0,0,0,0,0,0,0,0,0,0,0,0,0,0,0,0,0,0,0,0,0,0,0,0,0,0,0,0,0,0,0,0,0,0,0,0,0,0,0,0,0,0,0,0,0,0,0,0,0,0,0,0,,15506,575,38,10,0,0,0,0,0,0,10,0
22,42,0.7,12/22/2024 16:31:41,22.81,3395,0,0,0,0,288,1511,1011,270,113,67,37,30,14,14,9,6,3,3,2,3,3,2,3,0,1,1,0,2,1,0,0,0,0,0,0,0,0,0,1,0,0,0,0,0,0,0,0,0,0,0,0,0,0,0,0,0,0,0,0,0,0,0,0,0,0,0,0,0,0,0,0,0,0,0,0,0,0,0,0,0,0,0,0,0,0,0,0,0,0,0,0,0,0,0,0,0,0,0,0,0,0,0,,14454,544,57,4,0,0,0,0,0,0,4,0
23,44,0.7,12/22/2024 16:33:56,23.47,3339,0,0,0,0,298,1545,950,262,120,59,33,20,11,12,7,8,2,0,1,2,2,1,0,2,1,1,0,0,1,0,1,0,0,0,0,0,0,0,0,0,0,0,0,0,0,0,0,0,0,0,0,0,0,0,0,0,0,0,0,0,0,0,0,0,0,0,0,0,0,0,0,0,0,0,0,0,0,0,0,0,0,0,0,0,0,0,0,0,0,0,0,0,0,0,0,0,0,0,0,0,0,0,,13920,418,38,4,0,0,0,0,0,0,4,0
24,46,0.8,12/22/2024 16:36:13,23.88,3463,0,0,0,0,264,1650,953,284,113,64,46,24,16,7,6,10,7,2,3,5,2,1,1,1,1,2,0,0,0,1,0,0,0,0,0,0,0,0,0,0,0,0,0,0,0,0,0,0,0,0,0,0,0,0,0,0,0,0,0,0,0,0,0,0,0,0,0,0,0,0,0,0,0,0,0,0,0,0,0,0,0,0,0,0,0,0,0,0,0,0,0,0,0,0,0,0,0,0,0,0,0,0,,14129,536,38,0,0,0,0,0,0,0,0,0
25,48,0.8,12/22/2024 16:38:31,24.5,3298,0,0,0,0,266,1543,986,211,118,59,41,21,10,14,7,6,1,1,2,2,1,1,2,0,2,0,0,1,0,0,1,0,1,0,1,0,0,0,0,0,0,0,0,0,0,0,0,0,0,0,0,0,0,0,0,0,0,0,0,0,0,0,0,0,0,0,0,0,0,0,0,0,0,0,0,0,0,0,0,0,0,0,0,0,0,0,0,0,0,0,0,0,0,0,0,0,0,0,0,0,0,0,,13159,433,33,12,0,0,0,0,0,0,12,0
26,50,0.8,12/22/2024 16:40:49,25.11,3234,0,0,0,0,290,1530,918,230,109,53,32,13,18,7,8,2,2,3,3,3,4,2,0,2,0,1,0,0,2,1,0,0,0,0,1,0,0,0,0,0,0,0,0,0,0,0,0,0,0,0,0,0,0,0,0,0,0,0,0,0,0,0,0,0,0,0,0,0,0,0,0,0,0,0,0,0,0,0,0,0,0,0,0,0,0,0,0,0,0,0,0,0,0,0,0,0,0,0,0,0,0,0,,12593,378,48,4,0,0,0,0,0,0,4,0
27,52,0.9,12/22/2024 16:43:09,25.45,3570,0,0,0,0,288,1664,1036,247,127,70,41,21,17,9,14,8,7,3,2,2,1,3,0,0,1,1,1,2,2,1,0,0,0,0,2,0,0,0,0,0,0,0,0,0,0,0,0,0,0,0,0,0,0,0,0,0,0,0,0,0,0,0,0,0,0,0,0,0,0,0,0,0,0,0,0,0,0,0,0,0,0,0,0,0,0,0,0,0,0,0,0,0,0,0,0,0,0,0,0,0,0,0,,13646,491,47,8,0,0,0,0,0,0,8,0
28,54,0.9,12/22/2024 16:45:30,25.86,3457,0,0,0,0,290,1585,952,257,117,78,50,23,25,19,11,12,5,7,4,6,2,2,5,1,0,1,0,1,2,1,1,0,0,0,0,0,0,0,0,0,0,0,0,0,0,0,0,0,0,0,0,0,0,0,0,0,0,0,0,0,0,0,0,0,0,0,0,0,0,0,0,0,0,0,0,0,0,0,0,0,0,0,0,0,0,0,0,0,0,0,0,0,0,0,0,0,0,0,0,0,0,0,,12873,634,62,4,0,0,0,0,0,0,4,0
29,56,0.9,12/22/2024 16:47:52,26.42,3306,0,0,0,0,306,1578,938,209,110,56,42,23,4,9,8,7,2,3,5,2,2,0,0,1,0,0,0,1,0,0,0,0,0,0,0,0,0,0,0,0,0,0,0,0,0,0,0,0,0,0,0,0,0,0,0,0,0,0,0,0,0,0,0,0,0,0,0,0,0,0,0,0,0,0,0,0,0,0,0,0,0,0,0,0,0,0,0,0,0,0,0,0,0,0,0,0,0,0,0,0,0,0,,12260,405,15,0,0,0,0,0,0,0,0,0
30,58,1.0,12/22/2024 16:50:15,26.91,3380,0,0,0,0,296,1662,885,225,104,74,34,20,14,17,14,3,4,5,2,1,5,1,4,2,0,1,4,1,0,0,1,1,0,0,0,0,0,0,0,0,0,0,0,0,0,0,0,0,0,0,0,0,0,0,0,0,0,0,0,0,0,0,0,0,0,0,0,0,0,0,0,0,0,0,0,0,0,0,0,0,0,0,0,0,0,0,0,0,0,0,0,0,0,0,0,0,0,0,0,0,0,0,,12189,442,71,7,0,0,0,0,0,0,7,0
31,60,1.0,12/22/2024 16:52:38,27.2,3263,0,0,0,0,290,1505,981,188,123,55,37,21,16,12,7,2,4,7,3,2,0,1,4,0,0,2,0,1,1,0,0,0,0,1,0,0,0,0,0,0,0,0,0,0,0,0,0,0,0,0,0,0,0,0,0,0,0,0,0,0,0,0,0,0,0,0,0,0,0,0,0,0,0,0,0,0,0,0,0,0,0,0,0,0,0,0,0,0,0,0,0,0,0,0,0,0,0,0,0,0,0,0,,11688,408,33,4,0,0,0,0,0,0,4,0
32,62,1.0,12/22/2024 16:55:02,27.45,3441,0,0,0,1,294,1644,969,215,126,58,41,27,10,15,8,9,3,2,4,3,5,1,2,2,0,1,1,0,0,0,0,0,0,0,0,0,0,0,0,0,0,0,0,0,0,0,0,0,0,0,0,0,0,0,0,0,0,0,0,0,0,0,0,0,0,0,0,0,0,0,0,0,0,0,0,0,0,0,0,0,0,0,0,0,0,0,0,0,0,0,0,0,0,0,0,0,0,0,0,0,0,0,,12197,463,44,0,0,0,0,0,0,0,0,0
33,64,1.1,12/22/2024 16:57:26,27.73,3336,0,0,0,0,295,1570,965,218,103,58,33,23,18,13,10,5,3,3,6,1,2,2,1,2,0,2,0,0,0,0,1,0,2,0,0,0,0,0,0,0,0,0,0,0,0,0,0,0,0,0,0,0,0,0,0,0,0,0,0,0,0,0,0,0,0,0,0,0,0,0,0,0,0,0,0,0,0,0,0,0,0,0,0,0,0,0,0,0,0,0,0,0,0,0,0,0,0,0,0,0,0,0,,11691,422,36,11,0,0,0,0,0,0,11,0
34,66,1.1,12/22/2024 16:59:50,27.36,3418,0,0,0,0,312,1586,970,244,113,52,51,30,22,7,10,5,3,3,0,0,1,2,1,1,1,1,0,0,0,1,0,0,0,1,1,0,0,0,0,0,0,0,0,0,0,0,0,0,0,0,0,0,0,0,0,0,0,0,0,0,0,0,0,0,0,0,0,0,0,0,0,0,0,0,0,0,0,0,0,0,0,0,0,0,0,0,0,0,0,0,0,0,0,0,0,0,0,0,0,0,0,0,,12164,482,29,7,0,0,0,0,0,0,7,0
35,68,1.1,12/22/2024 17:02:15,27.39,3410,0,0,0,0,296,1574,960,231,127,78,44,29,14,8,8,10,6,4,4,6,2,3,1,0,1,1,1,1,0,0,0,0,0,0,0,1,0,0,0,0,0,0,0,0,0,0,0,0,0,0,0,0,0,0,0,0,0,0,0,0,0,0,0,0,0,0,0,0,0,0,0,0,0,0,0,0,0,0,0,0,0,0,0,0,0,0,0,0,0,0,0,0,0,0,0,0,0,0,0,0,0,0,,12085,493,37,4,0,0,0,0,0,0,4,0
36,70,1.2,12/22/2024 17:04:32,24.3,3057,0,0,0,0,257,1387,896,197,132,66,30,27,17,13,7,10,6,2,0,1,0,2,0,0,0,0,2,2,2,0,0,0,0,0,0,0,0,1,0,0,0,0,0,0,0,0,0,0,0,0,0,0,0,0,0,0,0,0,0,0,0,0,0,0,0,0,0,0,0,0,0,0,0,0,0,0,0,0,0,0,0,0,0,0,0,0,0,0,0,0,0,0,0,0,0,0,0,0,0,0,0,0,,12202,465,33,4,0,0,0,0,0,0,4,0
37,72,1.2,12/22/2024 17:06:50,24.06,2955,0,0,0,0,260,1422,808,207,100,50,47,22,6,7,5,4,2,2,1,4,2,0,2,1,1,0,0,0,0,0,1,0,0,0,1,0,0,0,0,0,0,0,0,0,0,0,0,0,0,0,0,0,0,0,0,0,0,0,0,0,0,0,0,0,0,0,0,0,0,0,0,0,0,0,0,0,0,0,0,0,0,0,0,0,0,0,0,0,0,0,0,0,0,0,0,0,0,0,0,0,0,0,,12028,424,29,8,0,0,0,0,0,0,8,0
38,74,1.2,12/22/2024 17:09:06,23.92,2876,0,0,0,0,253,1364,781,204,105,40,41,21,13,13,8,5,4,8,2,3,1,1,3,0,1,1,1,1,0,0,1,1,0,0,0,0,0,0,0,0,0,0,0,0,0,0,0,0,0,0,0,0,0,0,0,0,0,0,0,0,0,0,0,0,0,0,0,0,0,0,0,0,0,0,0,0,0,0,0,0,0,0,0,0,0,0,0,0,0,0,0,0,0,0,0,0,0,0,0,0,0,0,,11656,497,42,8,0,0,0,0,0,0,8,0
39,76,1.3,12/22/2024 17:11:24,24.05,2717,0,0,0,0,240,1269,805,187,92,39,20,23,10,12,4,5,3,2,1,0,0,1,0,1,0,1,1,0,0,0,1,0,0,0,0,0,0,0,0,0,0,0,0,0,0,0,0,0,0,0,0,0,0,0,0,0,0,0,0,0,0,0,0,0,0,0,0,0,0,0,0,0,0,0,0,0,0,0,0,0,0,0,0,0,0,0,0,0,0,0,0,0,0,0,0,0,0,0,0,0,0,0,,11027,333,21,4,0,0,0,0,0,0,4,0
40,78,1.3,12/22/2024 17:13:12,25.66,2893,0,0,0,0,265,1396,788,202,87,48,33,15,20,13,6,4,4,1,7,0,1,0,0,1,0,0,0,0,1,0,0,0,0,0,0,0,0,1,0,0,0,0,0,0,0,0,0,0,0,0,0,0,0,0,0,0,0,0,0,0,0,0,0,0,0,0,0,0,0,0,0,0,0,0,0,0,0,0,0,0,0,0,0,0,0,0,0,0,0,0,0,0,0,0,0,0,0,0,0,0,0,0,,10986,405,12,4,0,0,0,0,0,0,4,0
41,80,1.3,12/22/2024 17:15:31,24.7,2933,0,0,0,1,267,1347,826,198,100,45,46,18,18,23,11,4,5,1,2,2,1,1,1,5,2,0,3,3,1,1,0,1,0,0,0,0,0,0,0,0,0,0,0,0,0,0,0,0,0,0,0,0,0,0,0,0,0,0,0,0,0,0,0,0,0,0,0,0,0,0,0,0,0,0,0,0,0,0,0,0,0,0,0,0,0,0,0,0,0,0,0,0,0,0,0,0,0,0,0,0,0,0,,11457,530,73,4,0,0,0,0,0,0,4,0
42,82,1.4,12/22/2024 17:17:50,24.94,2855,0,0,0,0,238,1358,811,173,100,51,27,33,9,18,9,4,5,2,2,1,0,2,0,1,3,2,1,2,1,0,0,0,0,1,0,0,0,0,1,0,0,0,0,0,0,0,0,0,0,0,0,0,0,0,0,0,0,0,0,0,0,0,0,0,0,0,0,0,0,0,0,0,0,0,0,0,0,0,0,0,0,0,0,0,0,0,0,0,0,0,0,0,0,0,0,0,0,0,0,0,0,0,,11059,441,48,8,0,0,0,0,0,0,8,0
43,84,1.4,12/22/2024 17:20:10,25.08,2887,0,0,0,0,257,1321,838,210,109,41,34,19,12,6,14,4,5,1,1,2,2,2,1,0,2,0,3,1,0,0,1,0,1,0,0,0,0,0,0,0,0,0,0,0,0,0,0,0,0,0,0,0,0,0,0,0,0,0,0,0,0,0,0,0,0,0,0,0,0,0,0,0,0,0,0,0,0,0,0,0,0,0,0,0,0,0,0,0,0,0,0,0,0,0,0,0,0,0,0,0,0,0,,11204,399,48,8,0,0,0,0,0,0,8,0
44,86,1.4,12/22/2024 17:22:30,25.17,2893,0,0,0,0,288,1380,765,196,96,52,43,19,13,12,8,2,3,1,3,3,1,2,0,1,1,0,0,2,0,0,0,0,0,0,0,0,1,0,0,0,1,0,0,0,0,0,0,0,0,0,0,0,0,0,0,0,0,0,0,0,0,0,0,0,0,0,0,0,0,0,0,0,0,0,0,0,0,0,0,0,0,0,0,0,0,0,0,0,0,0,0,0,0,0,0,0,0,0,0,0,0,0,,11204,429,28,8,0,0,0,0,0,0,8,0
45,88,1.5,12/22/2024 17:24:50,25.25,2793,0,0,0,0,187,1327,817,197,99,51,31,22,18,9,9,3,6,7,4,2,0,0,0,0,1,0,0,1,0,0,0,1,0,0,0,1,0,0,0,0,0,0,0,0,0,0,0,0,0,0,0,0,0,0,0,0,0,0,0,0,0,0,0,0,0,0,0,0,0,0,0,0,0,0,0,0,0,0,0,0,0,0,0,0,0,0,0,0,0,0,0,0,0,0,0,0,0,0,0,0,0,0,,10729,440,8,8,0,0,0,0,0,0,8,0
46,90,1.5,12/22/2024 17:27:10,25.3,2825,0,0,0,0,216,1373,788,168,112,59,29,23,22,8,2,2,4,2,3,5,2,0,1,1,1,0,1,0,1,1,0,1,0,0,0,0,0,0,0,0,0,0,0,0,0,0,0,0,0,0,0,0,0,0,0,0,0,0,0,0,0,0,0,0,0,0,0,0,0,0,0,0,0,0,0,0,0,0,0,0,0,0,0,0,0,0,0,0,0,0,0,0,0,0,0,0,0,0,0,0,0,0,,10850,403,32,4,0,0,0,0,0,0,4,0
47,92,1.5,12/22/2024 17:29:30,25.47,2661,0,0,0,1,194,1280,749,181,90,58,31,13,15,13,7,7,3,1,3,3,2,1,0,0,2,2,1,0,1,1,0,0,1,0,0,0,1,0,0,0,0,0,0,0,0,0,0,0,0,0,0,0,0,0,0,0,0,0,0,0,0,0,0,0,0,0,0,0,0,0,0,0,0,0,0,0,0,0,0,0,0,0,0,0,0,0,0,0,0,0,0,0,0,0,0,0,0,0,0,0,0,0,,10145,385,39,8,0,0,0,0,0,0,8,0
48,94,1.6,12/22/2024 17:31:50,25.58,2727,0,0,0,0,221,1276,801,201,90,47,24,18,13,5,7,6,3,0,2,1,4,1,3,1,0,1,0,0,0,0,0,0,0,0,1,0,0,0,0,0,0,1,0,0,0,0,0,0,0,0,0,0,0,0,0,0,0,0,0,0,0,0,0,0,0,0,0,0,0,0,0,0,0,0,0,0,0,0,0,0,0,0,0,0,0,0,0,0,0,0,0,0,0,0,0,0,0,0,0,0,0,0,,10399,324,39,4,0,0,0,0,0,0,4,0
49,96,1.6,12/22/2024 17:34:11,25.55,2680,0,0,0,0,201,1327,757,193,90,39,28,16,6,8,5,2,1,0,1,2,0,2,1,0,0,0,1,0,0,0,0,0,0,0,0,0,0,0,0,0,0,0,0,0,0,0,0,0,0,0,0,0,0,0,0,0,0,0,0,0,0,0,0,0,0,0,0,0,0,0,0,0,0,0,0,0,0,0,0,0,0,0,0,0,0,0,0,0,0,0,0,0,0,0,0,0,0,0,0,0,0,0,,10313,270,16,0,0,0,0,0,0,0,0,0
50,98,1.6,12/22/2024 17:36:32,25.69,2634,0,0,0,0,211,1276,733,180,100,50,27,11,13,7,7,7,2,1,3,1,0,1,0,0,1,1,1,1,0,0,0,0,0,0,0,0,0,0,0,0,0,0,0,0,0,0,0,0,0,0,0,0,0,0,0,0,0,0,0,0,0,0,0,0,0,0,0,0,0,0,0,0,0,0,0,0,0,0,0,0,0,0,0,0,0,0,0,0,0,0,0,0,0,0,0,0,0,0,0,0,0,0,,10031,308,19,0,0,0,0,0,0,0,0,0
51,100,1.7,12/22/2024 17:38:53,25.83,2780,0,0,0,0,230,1361,762,178,98,54,28,18,15,10,3,4,5,2,3,1,1,3,0,0,1,0,1,1,1,0,0,0,0,0,0,0,0,0,0,0,0,0,0,0,0,0,0,0,0,0,0,0,0,0,0,0,0,0,0,0,0,0,0,0,0,0,0,0,0,0,0,0,0,0,0,0,0,0,0,0,0,0,0,0,0,0,0,0,0,0,0,0,0,0,0,0,0,0,0,0,0,0,,10496,348,31,0,0,0,0,0,0,0,0,0
52,102,1.7,12/22/2024 17:41:13,25.72,2485,0,0,0,0,202,1190,702,168,86,48,24,19,11,10,5,4,4,1,1,2,1,0,0,2,1,0,0,1,0,1,0,1,0,0,0,1,0,0,0,0,0,0,0,0,0,0,0,0,0,0,0,0,0,0,0,0,0,0,0,0,0,0,0,0,0,0,0,0,0,0,0,0,0,0,0,0,0,0,0,0,0,0,0,0,0,0,0,0,0,0,0,0,0,0,0,0,0,0,0,0,0,0,,9409,319,23,8,0,0,0,0,0,0,8,0
53,104,1.7,12/22/2024 17:43:35,25.86,2539,0,0,0,0,196,1179,738,178,96,50,25,16,11,7,12,9,4,0,3,2,3,3,1,1,1,1,0,0,2,0,0,0,0,0,0,0,0,0,0,0,0,0,0,1,0,0,0,0,0,0,0,0,0,0,0,0,0,0,0,0,0,0,0,0,0,0,0,0,0,0,0,0,0,0,0,0,0,0,0,0,0,0,0,0,0,0,0,0,0,0,0,0,0,0,0,0,0,0,0,0,0,0,,9520,356,46,0,0,0,0,0,0,0,0,0
54,106,1.8,12/22/2024 17:45:55,25.86,2628,0,0,0,1,220,1215,779,190,94,42,30,18,14,8,4,1,2,2,0,2,1,2,1,0,0,0,0,1,0,1,0,0,0,0,0,0,0,0,0,0,0,0,0,0,0,0,0,0,0,0,0,0,0,0,0,0,0,0,0,0,0,0,0,0,0,0,0,0,0,0,0,0,0,0,0,0,0,0,0,0,0,0,0,0,0,0,0,0,0,0,0,0,0,0,0,0,0,0,0,0,0,0,,9942,317,23,0,0,0,0,0,0,0,0,0
55,108,1.8,12/22/2024 17:48:16,25.88,2531,0,0,0,0,201,1198,720,181,80,43,34,18,13,12,8,7,3,3,2,2,0,0,1,0,1,1,0,1,0,0,1,0,0,0,0,0,1,0,0,0,0,0,0,0,0,0,0,0,0,0,0,0,0,0,0,0,0,0,0,0,0,0,0,0,0,0,0,0,0,0,0,0,0,0,0,0,0,0,0,0,0,0,0,0,0,0,0,0,0,0,0,0,0,0,0,0,0,0,0,0,0,0,,9494,394,19,8,0,0,0,0,0,0,8,0
56,110,1.8,12/22/2024 17:50:38,25.75,2526,0,0,0,1,191,1207,744,162,95,33,37,10,11,5,2,6,3,5,4,0,0,2,3,2,1,0,0,1,0,0,0,1,0,0,0,0,0,0,0,0,0,0,0,0,0,0,0,0,0,0,0,0,0,0,0,0,0,0,0,0,0,0,0,0,0,0,0,0,0,0,0,0,0,0,0,0,0,0,0,0,0,0,0,0,0,0,0,0,0,0,0,0,0,0,0,0,0,0,0,0,0,0,,9592,322,35,4,0,0,0,0,0,0,4,0
57,112,1.9,12/22/2024 17:52:59,25.92,2499,0,0,0,0,198,1224,701,174,77,49,20,15,7,6,7,4,6,1,2,1,1,1,1,2,0,0,0,0,1,0,0,0,0,0,0,0,1,0,0,0,0,0,0,0,0,0,0,0,0,0,0,0,0,0,0,0,0,0,0,0,0,0,0,0,0,0,0,0,0,0,0,0,0,0,0,0,0,0,0,0,0,0,0,0,0,0,0,0,0,0,0,0,0,0,0,0,0,0,0,0,0,0,,9425,270,23,4,0,0,0,0,0,0,4,0
58,114,1.9,12/22/2024 17:55:20,25.83,2590,0,0,0,0,216,1227,704,161,95,41,46,24,25,15,8,8,5,1,1,5,1,0,0,1,1,2,0,0,0,0,0,0,1,0,1,0,0,0,1,0,0,0,0,0,0,0,0,0,0,0,0,0,0,0,0,0,0,0,0,0,0,0,0,0,0,0,0,0,0,0,0,0,0,0,0,0,0,0,0,0,0,0,0,0,0,0,0,0,0,0,0,0,0,0,0,0,0,0,0,0,0,0,,9640,538,19,12,0,0,0,0,0,0,12,0
59,116,1.9,12/22/2024 17:57:41,26.14,2537,0,0,0,0,256,1205,661,166,92,65,27,14,8,4,7,8,4,2,4,0,3,3,0,1,2,2,1,1,1,0,0,0,0,0,0,0,0,0,0,0,0,0,0,0,0,0,0,0,0,0,0,0,0,0,0,0,0,0,0,0,0,0,0,0,0,0,0,0,0,0,0,0,0,0,0,0,0,0,0,0,0,0,0,0,0,0,0,0,0,0,0,0,0,0,0,0,0,0,0,0,0,0,,9457,310,54,0,0,0,0,0,0,0,0,0
60,118,2.0,12/22/2024 18:00:03,26.05,2437,0,0,0,0,221,1136,669,176,93,37,27,24,17,9,8,5,2,3,0,0,1,2,2,2,1,1,0,0,1,0,0,0,0,0,0,0,0,0,0,0,0,0,0,0,0,0,0,0,0,0,0,0,0,0,0,0,0,0,0,0,0,0,0,0,0,0,0,0,0,0,0,0,0,0,0,0,0,0,0,0,0,0,0,0,0,0,0,0,0,0,0,0,0,0,0,0,0,0,0,0,0,0,,9056,369,38,0,0,0,0,0,0,0,0,0
61,120,2.0,12/22/2024 18:02:25,26.23,2540,0,0,0,0,275,1224,659,169,79,37,34,15,18,7,2,4,5,4,1,0,1,1,2,2,0,1,0,0,0,0,0,0,0,0,0,0,0,0,0,0,0,0,0,0,0,0,0,0,0,0,0,0,0,0,0,0,0,0,0,0,0,0,0,0,0,0,0,0,0,0,0,0,0,0,0,0,0,0,0,0,0,0,0,0,0,0,0,0,0,0,0,0,0,0,0,0,0,0,0,0,0,0,,9443,347,27,0,0,0,0,0,0,0,0,0
62,122,2.0,12/22/2024 18:04:47,26.2,2404,0,0,0,0,213,1162,657,160,93,41,24,13,10,7,4,3,3,4,4,0,0,0,3,1,0,0,1,0,0,0,0,0,1,0,0,0,0,0,0,0,0,0,0,0,0,0,0,0,0,0,0,0,0,0,0,0,0,0,0,0,0,0,0,0,0,0,0,0,0,0,0,0,0,0,0,0,0,0,0,0,0,0,0,0,0,0,0,0,0,0,0,0,0,0,0,0,0,0,0,0,0,0,,8969,275,19,4,0,0,0,0,0,0,4,0
63,124,2.1,12/22/2024 18:07:09,26.36,2634,0,0,0,0,230,1183,683,181,92,57,45,25,28,19,18,9,8,11,1,4,5,5,5,4,2,6,2,3,2,0,3,3,0,0,0,0,0,0,0,0,0,0,0,0,0,0,0,0,0,0,0,0,0,0,0,0,0,0,0,0,0,0,0,0,0,0,0,0,0,0,0,0,0,0,0,0,0,0,0,0,0,0,0,0,0,0,0,0,0,0,0,0,0,0,0,0,0,0,0,0,0,0,,9374,656,140,23,0,0,0,0,0,0,23,0
64,126,2.1,12/22/2024 18:09:31,26.36,2613,0,0,0,0,257,1170,728,192,89,52,30,23,19,16,3,9,3,6,2,1,2,1,0,1,1,0,0,2,3,0,0,1,0,0,1,0,1,0,0,0,0,0,0,0,0,0,0,0,0,0,0,0,0,0,0,0,0,0,0,0,0,0,0,0,0,0,0,0,0,0,0,0,0,0,0,0,0,0,0,0,0,0,0,0,0,0,0,0,0,0,0,0,0,0,0,0,0,0,0,0,0,0,,9552,432,38,11,0,0,0,0,0,0,11,0
65,128,2.1,12/22/2024 18:11:53,26.47,2437,0,0,0,0,244,1203,628,151,84,33,31,17,6,13,6,3,3,2,5,1,1,2,1,1,0,1,0,0,0,0,0,0,0,0,0,0,1,0,0,0,0,0,0,0,0,0,0,0,0,0,0,0,0,0,0,0,0,0,0,0,0,0,0,0,0,0,0,0,0,0,0,0,0,0,0,0,0,0,0,0,0,0,0,0,0,0,0,0,0,0,0,0,0,0,0,0,0,0,0,0,0,0,,8969,332,23,4,0,0,0,0,0,0,4,0
66,130,2.2,12/22/2024 18:14:16,26.41,2365,0,0,0,0,208,1117,646,158,91,47,29,16,6,10,11,4,3,4,3,2,3,1,0,2,0,1,0,0,0,0,1,0,1,0,0,0,0,0,0,1,0,0,0,0,0,0,0,0,0,0,0,0,0,0,0,0,0,0,0,0,0,0,0,0,0,0,0,0,0,0,0,0,0,0,0,0,0,0,0,0,0,0,0,0,0,0,0,0,0,0,0,0,0,0,0,0,0,0,0,0,0,0,,8694,345,30,11,0,0,0,0,0,0,11,0
67,132,2.2,12/22/2024 18:16:38,26.11,2353,0,0,0,0,191,1119,667,156,72,47,37,17,10,9,7,6,2,1,2,3,2,1,2,0,1,1,0,0,0,0,0,0,0,0,0,0,0,0,0,0,0,0,0,0,0,0,0,0,0,0,0,0,0,0,0,0,0,0,0,0,0,0,0,0,0,0,0,0,0,0,0,0,0,0,0,0,0,0,0,0,0,0,0,0,0,0,0,0,0,0,0,0,0,0,0,0,0,0,0,0,0,0,,8767,368,27,0,0,0,0,0,0,0,0,0
68,134,2.2,12/22/2024 18:18:57,25.11,2505,0,0,0,0,212,1148,691,187,105,44,38,23,8,12,8,8,4,2,4,2,2,0,2,1,2,1,0,0,0,0,0,1,0,0,0,0,0,0,0,0,0,0,0,0,0,0,0,0,0,0,0,0,0,0,0,0,0,0,0,0,0,0,0,0,0,0,0,0,0,0,0,0,0,0,0,0,0,0,0,0,0,0,0,0,0,0,0,0,0,0,0,0,0,0,0,0,0,0,0,0,0,0,,9658,442,32,4,0,0,0,0,0,0,4,0
69,136,2.3,12/22/2024 18:21:14,24.05,2209,0,0,0,0,224,1011,604,153,85,31,24,16,18,10,7,3,3,3,2,2,2,2,1,0,1,0,0,1,0,2,1,0,0,0,0,1,0,1,0,1,0,0,0,0,0,0,0,0,0,0,0,0,0,0,0,0,0,0,0,0,0,0,0,0,0,0,0,0,0,0,0,0,0,0,0,0,0,0,0,0,0,0,0,0,0,0,0,0,0,0,0,0,0,0,0,0,0,0,0,0,0,0,,8865,374,42,17,0,0,0,0,0,0,17,0
70,138,2.3,12/22/2024 18:23:30,23.17,2223,0,0,0,0,194,995,612,163,94,38,31,21,13,12,8,3,5,4,3,5,2,7,3,2,0,2,0,0,1,0,0,0,1,0,0,0,1,0,2,0,0,0,0,0,1,0,0,0,0,0,0,0,0,0,0,0,0,0,0,0,0,0,0,0,0,0,0,0,0,0,0,0,0,0,0,0,0,0,0,0,0,0,0,0,0,0,0,0,0,0,0,0,0,0,0,0,0,0,0,0,0,0,,9180,462,73,17,0,0,0,0,0,0,17,0
71,140,2.3,12/22/2024 18:25:44,22.36,2047,0,0,0,0,155,931,547,179,92,37,20,25,13,14,5,4,8,0,3,3,3,3,0,0,1,2,0,0,0,0,0,0,0,0,0,1,0,0,1,0,0,0,0,0,0,0,0,0,0,0,0,0,0,0,0,0,0,0,0,0,0,0,0,0,0,0,0,0,0,0,0,0,0,0,0,0,0,0,0,0,0,0,0,0,0,0,0,0,0,0,0,0,0,0,0,0,0,0,0,0,0,0,,8770,438,40,9,0,0,0,0,0,0,9,0
72,142,2.4,12/22/2024 18:27:57,21.58,2058,0,0,0,0,188,907,561,156,87,45,30,26,10,14,7,7,3,1,2,1,2,2,4,1,2,1,0,0,0,0,1,0,0,0,0,0,0,0,0,0,0,0,0,0,0,0,0,0,0,0,0,0,0,0,0,0,0,0,0,0,0,0,0,0,0,0,0,0,0,0,0,0,0,0,0,0,0,0,0,0,0,0,0,0,0,0,0,0,0,0,0,0,0,0,0,0,0,0,0,0,0,0,,9147,477,60,5,0,0,0,0,0,0,5,0
73,144,2.4,12/22/2024 18:30:08,20.84,1826,0,0,0,0,155,870,479,144,71,29,26,11,8,4,9,3,4,2,1,2,1,1,1,0,0,1,1,1,0,0,0,0,0,0,0,0,1,0,1,0,0,0,0,0,0,0,0,0,0,0,0,0,0,0,0,0,0,0,0,0,0,0,0,0,0,0,0,0,0,0,0,0,0,0,0,0,0,0,0,0,0,0,0,0,0,0,0,0,0,0,0,0,0,0,0,0,0,0,0,0,0,0,,8512,341,29,10,0,0,0,0,0,0,10,0
74,146,2.4,12/22/2024 18:32:18,20.53,1788,0,0,0,0,152,826,492,128,80,31,26,10,7,7,3,6,4,2,3,2,2,2,1,0,1,0,1,0,0,0,1,0,1,0,0,0,0,0,0,0,0,0,0,0,0,0,0,0,0,0,0,0,0,0,0,0,0,0,0,0,0,0,0,0,0,0,0,0,0,0,0,0,0,0,0,0,0,0,0,0,0,0,0,0,0,0,0,0,0,0,0,0,0,0,0,0,0,0,0,0,0,0,,8451,351,39,10,0,0,0,0,0,0,10,0
75,148,2.5,12/22/2024 18:34:28,20.14,1662,0,0,0,0,135,756,486,117,66,38,19,9,5,3,5,5,2,2,1,5,1,3,0,1,1,1,0,0,0,1,0,0,0,0,0,0,0,0,0,0,0,0,0,0,0,0,0,0,0,0,0,0,0,0,0,0,0,0,0,0,0,0,0,0,0,0,0,0,0,0,0,0,0,0,0,0,0,0,0,0,0,0,0,0,0,0,0,0,0,0,0,0,0,0,0,0,0,0,0,0,0,0,,8029,283,40,0,0,0,0,0,0,0,0,0
76,150,2.5,12/22/2024 18:36:37,19.66,1798,0,0,0,0,138,869,471,137,76,31,22,13,8,4,8,3,1,2,1,2,1,5,2,1,0,0,0,0,0,1,0,0,1,0,0,1,0,0,0,0,0,0,0,0,0,0,0,0,0,0,0,0,0,0,0,0,0,0,0,0,0,0,0,0,0,0,0,0,0,0,0,0,0,0,0,0,0,0,0,0,0,0,0,0,0,0,0,0,0,0,0,0,0,0,0,0,0,0,0,0,0,0,,8871,331,51,10,0,0,0,0,0,0,10,0
77,152,2.5,12/22/2024 18:38:44,19.33,1775,0,0,0,0,153,801,477,145,83,44,16,16,6,7,8,4,1,2,3,1,1,0,1,2,0,1,0,1,0,0,1,0,0,0,0,0,0,1,0,0,0,0,0,0,0,0,0,0,0,0,0,0,0,0,0,0,0,0,0,0,0,0,0,0,0,0,0,0,0,0,0,0,0,0,0,0,0,0,0,0,0,0,0,0,0,0,0,0,0,0,0,0,0,0,0,0,0,0,0,0,0,0,,8893,336,36,10,0,0,0,0,0,0,10,0
78,154,2.6,12/22/2024 18:40:50,18.98,1749,0,0,0,0,132,803,476,133,77,28,26,19,15,9,4,5,4,1,4,4,1,0,2,0,0,0,0,1,0,0,1,1,0,0,1,0,0,0,0,1,0,0,0,0,0,0,1,0,0,0,0,0,0,0,0,0,0,0,0,0,0,0,0,0,0,0,0,0,0,0,0,0,0,0,0,0,0,0,0,0,0,0,0,0,0,0,0,0,0,0,0,0,0,0,0,0,0,0,0,0,0,0,,8825,485,26,21,0,0,0,0,0,0,21,0
79,156,2.6,12/22/2024 18:42:56,18.69,1630,0,0,0,1,126,702,459,152,69,32,24,15,14,7,8,3,2,3,3,0,2,1,1,0,0,1,0,0,2,1,0,0,0,0,0,1,0,0,0,0,0,1,0,0,0,0,0,0,0,0,0,0,0,0,0,0,0,0,0,0,0,0,0,0,0,0,0,0,0,0,0,0,0,0,0,0,0,0,0,0,0,0,0,0,0,0,0,0,0,0,0,0,0,0,0,0,0,0,0,0,0,0,,8373,433,43,5,0,0,0,0,0,0,5,0
80,158,2.6,12/22/2024 18:45:01,18.36,1708,0,0,0,0,134,764,463,130,72,41,27,23,13,4,6,3,5,3,5,2,1,0,1,3,1,0,1,1,0,1,0,0,1,0,0,1,1,0,0,0,0,0,1,0,0,0,0,0,0,0,0,0,0,0,0,0,0,0,0,0,0,0,0,0,0,0,0,0,0,0,0,0,0,0,0,0,0,0,0,0,0,0,0,0,0,0,0,0,0,0,0,0,0,0,0,0,0,0,0,0,0,0,,8883,501,49,16,0,0,0,0,0,0,16,0
81,160,2.7,12/22/2024 18:47:07,18.11,1758,0,0,0,0,144,723,487,141,73,53,27,21,12,17,8,5,6,5,4,1,2,5,4,3,1,3,2,0,0,2,0,1,0,2,1,0,0,0,1,1,0,0,1,2,0,0,0,0,0,0,0,0,0,0,0,0,0,0,0,0,0,0,0,0,0,0,0,0,0,0,0,0,0,0,0,0,0,0,0,0,0,0,0,0,0,0,0,0,0,0,0,0,0,0,0,0,0,0,0,0,0,0,,9100,596,121,33,0,0,0,0,0,0,33,0
82,162,2.7,12/22/2024 18:49:11,17.92,1614,0,0,0,0,125,715,452,131,65,34,25,19,9,9,9,7,3,4,3,0,1,1,0,1,0,0,0,0,0,0,0,1,0,0,0,0,0,0,0,0,0,0,0,0,0,0,0,0,0,0,0,0,0,0,0,0,0,0,0,0,0,0,0,0,0,0,0,0,0,0,0,0,0,0,0,0,0,0,0,0,0,0,0,0,0,0,0,0,0,0,0,0,0,0,0,0,0,0,0,0,0,0,,8633,497,17,6,0,0,0,0,0,0,6,0
83,164,2.7,12/22/2024 18:51:15,17.72,1722,0,0,0,0,144,732,479,156,90,38,22,13,14,11,7,1,5,1,2,1,2,0,1,0,0,0,0,1,0,0,0,0,0,1,0,0,0,0,0,0,0,1,0,0,0,0,0,0,0,0,0,0,0,0,0,0,0,0,0,0,0,0,0,0,0,0,0,0,0,0,0,0,0,0,0,0,0,0,0,0,0,0,0,0,0,0,0,0,0,0,0,0,0,0,0,0,0,0,0,0,0,0,,9374,446,23,6,0,0,0,0,0,0,6,0
84,166,2.8,12/22/2024 18:53:18,17.56,1725,0,0,0,0,117,723,489,148,91,58,23,20,8,15,10,2,5,2,2,3,3,0,1,0,0,4,0,0,0,0,0,0,0,0,0,0,0,0,0,0,1,0,0,0,0,0,0,0,0,0,0,0,0,0,0,0,0,0,0,0,0,0,0,0,0,0,0,0,0,0,0,0,0,0,0,0,0,0,0,0,0,0,0,0,0,0,0,0,0,0,0,0,0,0,0,0,0,0,0,0,0,0,,9391,530,46,6,0,0,0,0,0,0,6,0
85,168,2.8,12/22/2024 18:55:22,17.42,1682,0,0,0,0,99,711,441,165,87,52,22,21,17,8,8,7,3,4,3,2,3,3,2,1,3,3,3,3,0,1,1,0,0,0,2,0,0,2,1,1,0,1,0,1,1,0,0,0,0,0,0,0,0,0,0,0,0,0,0,0,0,0,0,0,0,0,0,0,0,0,0,0,0,0,0,0,0,0,0,0,0,0,0,0,0,0,0,0,0,0,0,0,0,0,0,0,0,0,0,0,0,0,,9053,563,132,40,0,0,0,0,0,0,40,0
86,170,2.8,12/22/2024 18:57:24,17.23,1759,0,0,0,0,125,645,459,176,116,53,39,30,28,23,10,6,7,6,1,7,4,4,2,1,5,5,0,1,2,0,0,0,0,0,1,0,2,0,0,0,0,0,1,0,0,0,0,0,0,0,0,0,0,0,0,0,0,0,0,0,0,0,0,0,0,0,0,0,0,0,0,0,0,0,0,0,0,0,0,0,0,0,0,0,0,0,0,0,0,0,0,0,0,0,0,0,0,0,0,0,0,0,,9362,934,139,17,0,0,0,0,0,0,17,0
87,172,2.9,12/22/2024 18:59:27,17.17,1568,0,0,0,0,106,662,437,140,84,43,23,5,9,13,7,4,10,3,2,4,3,1,1,1,2,1,3,0,1,0,0,0,0,1,0,0,0,0,1,0,0,0,1,0,0,0,0,0,0,0,0,0,0,0,0,0,0,0,0,0,0,0,0,0,0,0,0,0,0,0,0,0,0,0,0,0,0,0,0,0,0,0,0,0,0,0,0,0,0,0,0,0,0,0,0,0,0,0,0,0,0,0,,8707,483,76,12,0,0,0,0,0,0,12,0
88,174,2.9,12/22/2024 19:01:30,17.06,1597,0,0,0,0,118,660,414,122,81,49,44,22,16,11,7,9,4,7,7,4,4,0,6,4,2,2,0,0,0,0,0,0,0,0,0,1,1,0,0,0,0,0,0,0,0,0,1,1,0,0,0,0,0,0,0,0,0,0,0,0,0,0,0,0,0,0,0,0,0,0,0,0,0,0,0,0,0,0,0,0,0,0,0,0,0,0,0,0,0,0,0,0,0,0,0,0,0,0,0,0,0,0,,8722,791,106,12,0,0,0,0,0,0,12,0
89,176,2.9,12/22/2024 19:03:33,17.2,1757,0,0,0,0,124,704,474,146,88,56,33,20,29,13,13,5,4,3,4,5,3,4,5,1,2,4,2,1,0,3,0,3,2,1,1,0,1,1,0,0,1,0,0,0,0,0,0,0,0,0,0,1,0,0,0,0,0,0,0,0,0,0,0,0,0,0,0,0,0,0,0,0,0,0,0,0,0,0,0,0,0,0,0,0,0,0,0,0,0,0,0,0,0,0,0,0,0,0,0,0,0,0,,9448,767,145,58,6,6,0,0,0,0,70,0
90,178,3.0,12/22/2024 19:05:37,18.16,1670,0,0,0,0,119,706,452,145,99,44,35,16,17,7,4,3,2,2,4,2,4,0,1,3,0,1,0,1,0,0,0,1,0,0,0,0,1,0,0,0,0,1,0,0,0,0,0,0,0,0,0,0,0,0,0,0,0,0,0,0,0,0,0,0,0,0,0,0,0,0,0,0,0,0,0,0,0,0,0,0,0,0,0,0,0,0,0,0,0,0,0,0,0,0,0,0,0,0,0,0,0,0,,8811,529,55,11,0,0,0,0,0,0,11,0
91,180,3.0,12/22/2024 19:07:44,19.05,1586,0,0,0,0,135,696,443,122,60,28,25,21,9,7,10,7,2,4,1,3,0,3,0,2,0,1,2,0,1,2,0,0,0,0,0,0,0,0,1,1,0,0,0,0,0,0,0,0,0,0,0,0,0,0,0,0,0,0,0,0,0,0,0,0,0,0,0,0,0,0,0,0,0,0,0,0,0,0,0,0,0,0,0,0,0,0,0,0,0,0,0,0,0,0,0,0,0,0,0,0,0,0,,7921,467,58,10,0,0,0,0,0,0,10,0
92,182,3.0,12/22/2024 19:09:52,19.97,1660,0,0,0,0,131,736,433,131,89,45,23,13,14,14,5,6,1,5,3,1,2,1,0,3,0,0,1,0,1,0,1,0,1,0,0,0,0,0,0,0,0,0,0,0,0,0,0,0,0,0,0,0,0,0,0,0,0,0,0,0,0,0,0,0,0,0,0,0,0,0,0,0,0,0,0,0,0,0,0,0,0,0,0,0,0,0,0,0,0,0,0,0,0,0,0,0,0,0,0,0,0,0,,7952,436,45,10,0,0,0,0,0,0,10,0
93,184,3.1,12/22/2024 19:12:02,20.75,1913,0,0,0,0,134,787,531,146,101,57,38,21,23,16,11,10,5,6,5,1,3,4,2,2,0,2,0,1,1,2,0,0,1,0,1,0,1,0,0,0,0,0,0,0,0,1,0,0,0,0,0,0,0,0,0,0,0,0,0,0,0,0,0,0,0,0,0,0,0,0,0,0,0,0,0,0,0,0,0,0,0,0,0,0,0,0,0,0,0,0,0,0,0,0,0,0,0,0,0,0,0,0,,8646,670,82,14,0,0,0,0,0,0,14,0
94,186,3.1,12/22/2024 19:14:13,21.28,1981,0,0,0,0,162,814,502,183,102,55,43,22,16,11,11,8,8,6,6,4,3,4,4,2,3,3,3,0,0,0,2,2,1,0,0,0,0,0,0,1,0,0,0,0,0,0,0,0,0,0,0,0,0,0,0,0,0,0,0,0,0,0,0,0,0,0,0,0,0,0,0,0,0,0,0,0,0,0,0,0,0,0,0,0,0,0,0,0,0,0,0,0,0,0,0,0,0,0,0,0,0,0,,8745,648,113,28,0,0,0,0,0,0,28,0
95,188,3.1,12/22/2024 19:16:25,21.98,1697,0,0,0,0,117,703,469,147,97,34,41,26,12,11,9,5,6,5,1,5,3,0,1,0,0,2,0,0,0,1,0,0,0,0,0,1,0,0,0,1,0,0,0,0,0,0,0,0,0,0,0,0,0,0,0,0,0,0,0,0,0,0,0,0,0,0,0,0,0,0,0,0,0,0,0,0,0,0,0,0,0,0,0,0,0,0,0,0,0,0,0,0,0,0,0,0,0,0,0,0,0,0,,7316,564,32,9,0,0,0,0,0,0,9,0
96,190,3.2,12/22/2024 19:18:39,22.58,1656,0,0,0,0,134,733,464,108,73,47,26,21,10,5,7,4,7,1,3,3,2,2,0,1,0,0,2,1,0,0,0,0,1,1,0,0,0,0,0,0,0,0,0,0,0,0,0,0,0,0,0,0,0,0,0,0,0,0,0,0,0,0,0,0,0,0,0,0,0,0,0,0,0,0,0,0,0,0,0,0,0,0,0,0,0,0,0,0,0,0,0,0,0,0,0,0,0,0,0,0,0,0,,7019,394,35,9,0,0,0,0,0,0,9,0
97,192,3.2,12/22/2024 19:20:55,23.33,1788,0,0,0,0,148,788,507,129,73,44,23,21,8,10,11,8,3,0,1,3,2,2,1,1,0,1,1,0,0,0,0,1,0,1,0,1,0,0,0,0,0,0,0,0,0,0,0,0,0,0,0,0,0,0,0,0,0,0,0,0,0,0,0,0,0,0,0,0,0,0,0,0,0,0,0,0,0,0,0,0,0,0,0,0,0,0,0,0,0,0,0,0,0,0,0,0,0,0,0,0,0,0,,7338,386,34,13,0,0,0,0,0,0,13,0
98,194,3.2,12/22/2024 19:23:11,23.69,1851,0,0,0,0,136,822,503,154,75,41,28,21,15,12,6,8,5,4,4,5,3,2,0,1,1,1,1,3,0,0,0,0,0,0,0,0,0,0,0,0,0,0,0,0,0,0,0,0,0,0,0,0,0,0,0,0,0,0,0,0,0,0,0,0,0,0,0,0,0,0,0,0,0,0,0,0,0,0,0,0,0,0,0,0,0,0,0,0,0,0,0,0,0,0,0,0,0,0,0,0,0,0,,7425,469,51,0,0,0,0,0,0,0,0,0
99,196,3.3,12/22/2024 19:25:26,23.95,1748,0,0,0,0,121,794,483,129,76,47,21,18,16,10,8,2,2,3,1,3,2,0,4,0,4,0,0,1,0,0,1,1,0,1,0,0,0,0,0,0,0,0,0,0,0,0,0,0,0,0,0,0,0,0,0,0,0,0,0,0,0,0,0,0,0,0,0,0,0,0,0,0,0,0,0,0,0,0,0,0,0,0,0,0,0,0,0,0,0,0,0,0,0,0,0,0,0,0,0,0,0,0,,6977,359,50,13,0,0,0,0,0,0,13,0
100,198,3.3,12/22/2024 19:27:44,24.17,2569,0,0,0,0,188,1063,706,214,135,70,56,31,33,14,16,8,10,4,2,0,3,1,3,1,3,0,0,2,1,2,0,1,0,0,1,0,0,0,0,0,0,0,0,1,0,0,0,0,0,0,0,0,0,0,0,0,0,0,0,0,0,0,0,0,0,0,0,0,0,0,0,0,0,0,0,0,0,0,0,0,0,0,0,0,0,0,0,0,0,0,0,0,0,0,0,0,0,0,0,0,0,0,,10062,732,66,8,0,0,0,0,0,0,8,0
101,200,3.3,12/22/2024 19:30:00,24.28,2039,0,0,0,0,167,824,541,156,105,45,40,26,24,23,20,11,14,11,8,3,6,5,3,1,2,1,1,1,0,0,0,0,0,1,0,0,0,0,0,0,0,0,0,0,0,0,0,0,0,0,0,0,0,0,0,0,0,0,0,0,0,0,0,0,0,0,0,0,0,0,0,0,0,0,0,0,0,0,0,0,0,0,0,0,0,0,0,0,0,0,0,0,0,0,0,0,0,0,0,0,0,0,,7735,766,82,4,0,0,0,0,0,0,4,0
102,202,3.4,12/22/2024 19:32:18,24.52,1745,0,0,0,0,147,769,469,125,82,49,27,26,16,10,6,4,3,2,1,1,1,1,0,1,0,2,0,1,0,1,0,1,0,0,0,0,0,0,0,0,0,0,0,0,0,0,0,0,0,0,0,0,0,0,0,0,0,0,0,0,0,0,0,0,0,0,0,0,0,0,0,0,0,0,0,0,0,0,0,0,0,0,0,0,0,0,0,0,0,0,0,0,0,0,0,0,0,0,0,0,0,0,,6803,396,29,4,0,0,0,0,0,0,4,0
103,204,3.4,12/22/2024 19:34:36,24.64,1961,0,0,0,1,146,830,534,164,76,60,41,24,21,12,7,4,8,9,5,6,1,2,2,2,0,2,0,1,1,1,0,0,0,0,0,0,1,0,0,0,0,0,0,0,0,0,0,0,0,0,0,0,0,0,0,0,0,0,0,0,0,0,0,0,0,0,0,0,0,0,0,0,0,0,0,0,0,0,0,0,0,0,0,0,0,0,0,0,0,0,0,0,0,0,0,0,0,0,0,0,0,0,,7516,560,49,4,0,0,0,0,0,0,4,0
104,206,3.4,12/22/2024 19:36:55,25.03,1734,0,0,0,0,151,754,491,98,78,48,37,19,18,7,7,1,4,1,2,6,3,0,0,2,3,2,0,0,1,0,0,0,0,0,0,1,0,0,0,0,0,0,0,0,0,0,0,0,0,0,0,0,0,0,0,0,0,0,0,0,0,0,0,0,0,0,0,0,0,0,0,0,0,0,0,0,0,0,0,0,0,0,0,0,0,0,0,0,0,0,0,0,0,0,0,0,0,0,0,0,0,0,,6620,419,44,4,0,0,0,0,0,0,4,0
105,208,3.5,12/22/2024 19:39:14,25.31,1707,0,0,0,1,157,757,444,123,78,46,29,14,9,12,8,4,6,3,1,4,2,3,2,0,0,0,1,0,0,1,0,0,1,1,0,0,0,0,0,0,0,0,0,0,0,0,0,0,0,0,0,0,0,0,0,0,0,0,0,0,0,0,0,0,0,0,0,0,0,0,0,0,0,0,0,0,0,0,0,0,0,0,0,0,0,0,0,0,0,0,0,0,0,0,0,0,0,0,0,0,0,0,,6460,363,36,8,0,0,0,0,0,0,8,0
106,210,3.5,12/22/2024 19:41:35,25.59,1662,0,0,0,0,143,787,444,113,61,31,27,16,6,6,8,6,1,3,4,0,1,0,2,0,0,0,1,1,0,0,0,0,0,0,0,0,1,0,0,0,0,0,0,0,0,0,0,0,0,0,0,0,0,0,0,0,0,0,0,0,0,0,0,0,0,0,0,0,0,0,0,0,0,0,0,0,0,0,0,0,0,0,0,0,0,0,0,0,0,0,0,0,0,0,0,0,0,0,0,0,0,0,,6276,305,20,4,0,0,0,0,0,0,4,0
107,212,3.5,12/22/2024 19:43:55,25.5,1800,0,0,0,0,133,800,523,125,87,33,19,17,15,7,10,3,3,2,3,2,6,2,1,2,0,1,1,1,0,0,0,1,0,0,0,1,1,0,0,0,0,0,0,1,0,0,0,0,0,0,0,0,0,0,0,0,0,0,0,0,0,0,0,0,0,0,0,0,0,0,0,0,0,0,0,0,0,0,0,0,0,0,0,0,0,0,0,0,0,0,0,0,0,0,0,0,0,0,0,0,0,0,,6745,341,55,12,0,0,0,0,0,0,12,0
108,214,3.6,12/22/2024 19:46:16,26.05,1815,0,0,0,0,130,816,504,129,69,56,34,21,12,10,12,1,4,2,1,2,4,2,2,1,0,0,0,1,1,0,0,0,1,0,0,0,0,0,0,0,0,0,0,0,0,0,0,0,0,0,0,0,0,0,0,0,0,0,0,0,0,0,0,0,0,0,0,0,0,0,0,0,0,0,0,0,0,0,0,0,0,0,0,0,0,0,0,0,0,0,0,0,0,0,0,0,0,0,0,0,0,0,,6672,395,42,4,0,0,0,0,0,0,4,0
109,216,3.6,12/22/2024 19:48:38,25.92,1882,0,0,0,0,134,851,519,143,71,43,27,17,12,15,6,8,4,2,6,4,6,1,1,3,0,1,1,2,0,1,1,0,1,0,1,0,0,0,0,0,1,0,0,0,0,0,0,0,0,0,0,0,0,0,0,0,0,0,0,0,0,0,0,0,0,0,0,0,0,0,0,0,0,0,0,0,0,0,0,0,0,0,0,0,0,0,0,0,0,0,0,0,0,0,0,0,0,0,0,0,0,0,,6898,413,66,15,0,0,0,0,0,0,15,0
110,218,3.6,12/22/2024 19:50:59,26.17,1788,0,0,0,0,139,837,462,134,74,36,25,21,15,7,4,7,3,4,2,3,4,3,3,1,1,2,1,0,0,0,0,0,0,0,0,0,0,0,0,0,0,0,0,0,0,0,0,0,0,0,0,0,0,0,0,0,0,0,0,0,0,0,0,0,0,0,0,0,0,0,0,0,0,0,0,0,0,0,0,0,0,0,0,0,0,0,0,0,0,0,0,0,0,0,0,0,0,0,0,0,0,0,,6523,363,57,0,0,0,0,0,0,0,0,0
111,220,3.7,12/22/2024 19:53:20,26.28,1769,0,0,0,0,148,750,502,135,73,44,26,23,14,7,12,5,6,5,2,1,2,2,4,2,2,1,1,0,1,0,0,0,1,0,0,0,0,0,0,0,0,0,0,0,0,0,0,0,0,0,0,0,0,0,0,0,0,0,0,0,0,0,0,0,0,0,0,0,0,0,0,0,0,0,0,0,0,0,0,0,0,0,0,0,0,0,0,0,0,0,0,0,0,0,0,0,0,0,0,0,0,0,,6385,392,57,4,0,0,0,0,0,0,4,0
112,222,3.7,12/22/2024 19:55:42,26.41,1836,0,0,0,0,145,822,491,137,88,35,29,12,12,17,10,9,3,5,3,3,0,3,1,2,5,1,1,1,0,1,0,0,0,0,0,0,0,0,0,0,0,0,0,0,0,0,0,0,0,0,0,0,0,0,0,0,0,0,0,0,0,0,0,0,0,0,0,0,0,0,0,0,0,0,0,0,0,0,0,0,0,0,0,0,0,0,0,0,0,0,0,0,0,0,0,0,0,0,0,0,0,0,,6615,390,57,0,0,0,0,0,0,0,0,0
113,224,3.7,12/22/2024 19:58:04,26.45,1704,0,0,0,0,142,748,462,129,63,28,39,24,20,10,7,1,4,5,1,4,4,2,3,1,0,2,1,1,1,1,0,0,0,0,0,1,0,0,0,0,0,0,0,0,0,0,0,0,0,0,0,0,0,0,0,0,0,0,0,0,0,0,0,0,0,0,0,0,0,0,0,0,0,0,0,0,0,0,0,0,0,0,0,0,0,0,0,0,0,0,0,0,0,0,0,0,0,0,0,0,0,0,,6091,450,60,4,0,0,0,0,0,0,4,0
114,226,3.8,12/22/2024 20:00:24,26.59,1753,0,0,0,0,147,766,481,135,58,39,28,22,13,12,8,7,8,7,4,5,2,2,3,0,1,1,1,0,0,1,0,0,1,1,0,0,0,0,0,0,0,0,0,0,0,0,0,0,0,0,0,0,0,0,0,0,0,0,0,0,0,0,0,0,0,0,0,0,0,0,0,0,0,0,0,0,0,0,0,0,0,0,0,0,0,0,0,0,0,0,0,0,0,0,0,0,0,0,0,0,0,0,,6220,436,41,8,0,0,0,0,0,0,8,0
115,228,3.8,12/22/2024 20:02:46,26.58,2134,0,0,0,0,167,859,556,192,118,51,50,37,25,17,9,4,8,7,6,3,7,6,2,1,0,2,3,1,0,1,0,0,0,0,1,0,1,0,0,0,0,0,0,0,0,0,0,0,0,0,0,0,0,0,0,0,0,0,0,0,0,0,0,0,0,0,0,0,0,0,0,0,0,0,0,0,0,0,0,0,0,0,0,0,0,0,0,0,0,0,0,0,0,0,0,0,0,0,0,0,0,0,,7498,651,87,8,0,0,0,0,0,0,8,0
116,230,3.8,12/22/2024 20:05:08,26.67,2010,0,0,0,0,162,863,574,151,77,44,46,17,16,14,8,8,3,5,0,6,3,1,2,4,0,2,0,2,1,1,0,0,0,0,0,0,0,0,0,0,0,0,0,0,0,0,0,0,0,0,0,0,0,0,0,0,0,0,0,0,0,0,0,0,0,0,0,0,0,0,0,0,0,0,0,0,0,0,0,0,0,0,0,0,0,0,0,0,0,0,0,0,0,0,0,0,0,0,0,0,0,0,,7188,472,60,0,0,0,0,0,0,0,0,0
117,232,3.9,12/22/2024 20:07:29,26.86,1796,0,0,0,0,158,789,508,123,70,30,34,14,13,11,8,5,6,6,9,0,3,1,1,1,2,0,2,0,0,0,1,0,0,1,0,0,0,0,0,0,0,0,0,0,0,0,0,0,0,0,0,0,0,0,0,0,0,0,0,0,0,0,0,0,0,0,0,0,0,0,0,0,0,0,0,0,0,0,0,0,0,0,0,0,0,0,0,0,0,0,0,0,0,0,0,0,0,0,0,0,0,0,,6374,406,41,7,0,0,0,0,0,0,7,0
118,234,3.9,12/22/2024 20:09:52,26.78,1696,0,0,0,0,171,756,479,119,58,34,24,15,5,5,8,5,4,2,2,4,0,2,0,0,1,0,0,0,0,2,0,0,0,0,0,0,0,0,0,0,0,0,0,0,0,0,0,0,0,0,0,0,0,0,0,0,0,0,0,0,0,0,0,0,0,0,0,0,0,0,0,0,0,0,0,0,0,0,0,0,0,0,0,0,0,0,0,0,0,0,0,0,0,0,0,0,0,0,0,0,0,0,,6128,276,19,0,0,0,0,0,0,0,0,0
119,236,3.9,12/22/2024 20:12:15,26.56,1646,0,0,0,0,165,761,430,101,58,41,24,14,7,11,8,6,2,3,2,2,2,1,1,3,0,0,1,1,0,1,0,1,0,0,0,0,0,0,0,0,0,0,0,0,0,0,0,0,0,0,0,0,0,0,0,0,0,0,0,0,0,0,0,0,0,0,0,0,0,0,0,0,0,0,0,0,0,0,0,0,0,0,0,0,0,0,0,0,0,0,0,0,0,0,0,0,0,0,0,0,0,0,,5949,305,38,4,0,0,0,0,0,0,4,0
120,238,4.0,12/22/2024 20:14:37,26.45,2044,0,0,0,0,176,808,558,179,99,65,40,17,19,15,7,8,8,10,5,6,7,2,5,2,1,1,0,0,2,3,1,0,0,0,0,0,0,0,0,0,0,0,0,0,0,0,0,0,0,0,0,0,0,0,0,0,0,0,0,0,0,0,0,0,0,0,0,0,0,0,0,0,0,0,0,0,0,0,0,0,0,0,0,0,0,0,0,0,0,0,0,0,0,0,0,0,0,0,0,0,0,0,,7278,537,91,4,0,0,0,0,0,0,4,0
121,240,4.0,12/22/2024 20:17:00,26.59,1884,0,0,0,0,152,813,511,141,99,38,27,22,17,15,14,10,3,6,5,3,3,1,0,1,0,1,2,0,0,0,0,0,0,0,0,0,0,0,0,0,0,0,0,0,0,0,0,0,0,0,0,0,0,0,0,0,0,0,0,0,0,0,0,0,0,0,0,0,0,0,0,0,0,0,0,0,0,0,0,0,0,0,0,0,0,0,0,0,0,0,0,0,0,0,0,0,0,0,0,0,0,0,,6698,470,30,0,0,0,0,0,0,0,0,0
122,242,4.0,12/22/2024 20:19:22,26.23,1767,0,0,0,0,142,787,469,133,66,49,23,22,15,13,6,3,8,3,2,2,3,5,0,4,2,2,0,1,1,1,2,2,1,0,0,0,0,0,0,0,0,0,0,0,0,0,0,0,0,0,0,0,0,0,0,0,0,0,0,0,0,0,0,0,0,0,0,0,0,0,0,0,0,0,0,0,0,0,0,0,0,0,0,0,0,0,0,0,0,0,0,0,0,0,0,0,0,0,0,0,0,0,,6363,381,80,19,0,0,0,0,0,0,19,0
123,244,4.1,12/22/2024 20:21:44,26.28,1800,0,0,0,0,144,781,504,144,69,32,33,21,10,11,7,5,5,6,4,5,4,3,1,1,2,3,0,2,0,0,0,2,1,0,0,0,0,0,0,0,0,0,0,0,0,0,0,0,0,0,0,0,0,0,0,0,0,0,0,0,0,0,0,0,0,0,0,0,0,0,0,0,0,0,0,0,0,0,0,0,0,0,0,0,0,0,0,0,0,0,0,0,0,0,0,0,0,0,0,0,0,0,,6495,422,61,11,0,0,0,0,0,0,11,0
124,246,4.1,12/22/2024 20:24:05,26.22,1709,0,0,0,0,148,758,450,130,65,50,26,14,11,13,5,6,5,4,4,2,2,2,2,1,0,3,3,3,0,2,0,0,0,0,0,0,0,0,0,0,0,0,0,0,0,0,0,0,0,0,0,0,0,0,0,0,0,0,0,0,0,0,0,0,0,0,0,0,0,0,0,0,0,0,0,0,0,0,0,0,0,0,0,0,0,0,0,0,0,0,0,0,0,0,0,0,0,0,0,0,0,0,,6205,351,69,0,0,0,0,0,0,0,0,0
125,248,4.1,12/22/2024 20:26:27,26.66,1841,0,0,0,0,147,809,513,119,84,39,43,28,10,11,7,4,4,2,2,3,6,5,1,2,1,0,0,1,0,0,0,0,0,0,0,0,0,0,0,0,0,0,0,0,0,0,0,0,0,0,0,0,0,0,0,0,0,0,0,0,0,0,0,0,0,0,0,0,0,0,0,0,0,0,0,0,0,0,0,0,0,0,0,0,0,0,0,0,0,0,0,0,0,0,0,0,0,0,0,0,0,0,,6579,450,60,0,0,0,0,0,0,0,0,0
126,250,4.2,12/22/2024 20:28:50,26.89,1914,0,0,0,1,177,804,514,141,86,48,47,19,23,14,13,5,2,3,2,3,1,3,1,0,1,0,1,1,1,3,0,0,0,0,0,0,0,0,0,0,0,0,0,0,0,0,0,0,0,0,0,0,0,0,0,0,0,0,0,0,0,0,0,0,0,0,0,0,0,0,0,0,0,0,0,0,0,0,0,0,0,0,0,0,0,0,0,0,0,0,0,0,0,0,0,0,0,0,0,0,0,0,,6761,491,45,0,0,0,0,0,0,0,0,0
127,252,4.2,12/22/2024 20:31:11,27.06,1649,0,0,0,0,129,725,471,112,62,39,21,18,15,14,7,3,5,4,5,2,3,4,2,1,3,1,2,0,1,0,0,0,0,0,0,0,0,0,0,0,0,0,0,0,0,0,0,0,0,0,0,0,0,0,0,0,0,0,0,0,0,0,0,0,0,0,0,0,0,0,0,0,0,0,0,0,0,0,0,0,0,0,0,0,0,0,0,0,0,0,0,0,0,0,0,0,0,0,0,0,0,0,,5761,358,63,0,0,0,0,0,0,0,0,0
128,254,4.2,12/22/2024 20:33:34,26.94,1689,0,0,0,0,143,719,486,133,58,43,28,14,10,12,6,5,7,3,5,5,3,0,3,0,0,2,1,2,0,0,0,0,1,0,0,0,0,0,0,0,0,0,0,0,0,0,0,0,0,0,0,0,0,0,0,0,0,0,0,0,0,0,0,0,0,0,0,0,0,0,0,0,0,0,0,0,0,0,0,0,0,0,0,0,0,0,0,0,0,0,0,0,0,0,0,0,0,0,0,0,0,0,,5976,364,41,4,0,0,0,0,0,0,4,0
129,256,4.3,12/22/2024 20:35:57,26.7,1639,0,0,0,1,143,673,466,136,67,40,16,27,15,9,9,8,7,2,0,1,2,2,3,1,1,1,3,1,0,1,2,1,0,0,1,0,0,0,0,0,0,0,0,0,0,0,0,0,0,0,0,0,0,0,0,0,0,0,0,0,0,0,0,0,0,0,0,0,0,0,0,0,0,0,0,0,0,0,0,0,0,0,0,0,0,0,0,0,0,0,0,0,0,0,0,0,0,0,0,0,0,0,,5775,360,64,15,0,0,0,0,0,0,15,0
130,258,4.3,12/22/2024 20:38:17,25.08,1702,0,0,0,0,130,733,487,126,78,46,27,16,12,8,9,6,3,2,6,0,4,1,0,2,2,1,1,0,1,0,0,1,0,0,0,0,0,0,0,0,0,0,0,0,0,0,0,0,0,0,0,0,0,0,0,0,0,0,0,0,0,0,0,0,0,0,0,0,0,0,0,0,0,0,0,0,0,0,0,0,0,0,0,0,0,0,0,0,0,0,0,0,0,0,0,0,0,0,0,0,0,0,,6487,371,48,4,0,0,0,0,0,0,4,0
131,260,4.3,12/22/2024 20:40:36,24.83,1494,0,0,0,0,113,637,424,121,62,28,25,18,17,12,11,2,8,1,2,6,2,2,2,0,0,0,0,0,1,0,0,0,0,0,0,0,0,0,0,0,0,0,0,0,0,0,0,0,0,0,0,0,0,0,0,0,0,0,0,0,0,0,0,0,0,0,0,0,0,0,0,0,0,0,0,0,0,0,0,0,0,0,0,0,0,0,0,0,0,0,0,0,0,0,0,0,0,0,0,0,0,0,,5679,419,28,0,0,0,0,0,0,0,0,0
132,262,4.4,12/22/2024 20:42:55,24.69,1527,0,0,0,0,94,674,425,127,54,32,40,18,13,8,8,8,1,4,3,1,1,0,1,2,1,3,1,0,1,2,1,3,0,1,0,0,0,0,0,0,0,0,0,0,0,0,0,0,0,0,0,0,0,0,0,0,0,0,0,0,0,0,0,0,0,0,0,0,0,0,0,0,0,0,0,0,0,0,0,0,0,0,0,0,0,0,0,0,0,0,0,0,0,0,0,0,0,0,0,0,0,0,,5857,425,53,20,0,0,0,0,0,0,20,0
133,264,4.4,12/22/2024 20:45:14,24.92,1740,0,0,0,1,127,720,475,161,72,39,40,22,21,9,9,3,5,5,6,4,1,3,2,2,1,2,2,2,0,2,1,0,0,1,0,0,0,1,1,0,0,0,0,0,0,0,0,0,0,0,0,0,0,0,0,0,0,0,0,0,0,0,0,0,0,0,0,0,0,0,0,0,0,0,0,0,0,0,0,0,0,0,0,0,0,0,0,0,0,0,0,0,0,0,0,0,0,0,0,0,0,0,,6561,502,72,16,0,0,0,0,0,0,16,0
134,266,4.4,12/22/2024 20:47:32,24.58,1572,0,0,0,1,108,691,414,129,67,38,25,17,14,12,12,8,6,2,8,2,5,2,2,0,1,1,0,2,2,0,0,1,0,0,0,0,0,2,0,0,0,0,0,0,0,0,0,0,0,0,0,0,0,0,0,0,0,0,0,0,0,0,0,0,0,0,0,0,0,0,0,0,0,0,0,0,0,0,0,0,0,0,0,0,0,0,0,0,0,0,0,0,0,0,0,0,0,0,0,0,0,0,,5993,452,61,12,0,0,0,0,0,0,12,0
135,268,4.5,12/22/2024 20:49:51,24.66,1464,0,0,0,0,111,648,405,121,61,31,34,6,9,10,4,5,0,2,6,2,0,1,0,3,2,0,1,1,0,0,0,0,0,0,0,0,0,0,0,0,0,0,1,0,0,0,0,0,0,0,0,0,0,0,0,0,0,0,0,0,0,0,0,0,0,0,0,0,0,0,0,0,0,0,0,0,0,0,0,0,0,0,0,0,0,0,0,0,0,0,0,0,0,0,0,0,0,0,0,0,0,0,,5722,316,32,0,0,0,0,0,0,0,0,0
136,270,4.5,12/22/2024 20:52:09,25.25,1638,0,0,0,0,123,699,473,140,58,40,26,17,11,10,9,10,2,2,3,4,1,4,2,0,1,0,1,0,0,2,0,0,0,0,0,0,0,0,0,0,0,0,0,0,0,0,0,0,0,0,0,0,0,0,0,0,0,0,0,0,0,0,0,0,0,0,0,0,0,0,0,0,0,0,0,0,0,0,0,0,0,0,0,0,0,0,0,0,0,0,0,0,0,0,0,0,0,0,0,0,0,0,,6174,376,44,0,0,0,0,0,0,0,0,0
137,272,4.5,12/22/2024 20:54:26,24.58,1792,0,0,0,0,133,715,510,142,88,49,37,22,16,18,5,6,14,3,8,7,3,4,2,0,2,1,2,0,1,0,1,1,1,0,0,1,0,0,0,0,0,0,0,0,0,0,0,0,0,0,0,0,0,0,0,0,0,0,0,0,0,0,0,0,0,0,0,0,0,0,0,0,0,0,0,0,0,0,0,0,0,0,0,0,0,0,0,0,0,0,0,0,0,0,0,0,0,0,0,0,0,0,,6810,566,65,16,0,0,0,0,0,0,16,0
138,274,4.6,12/22/2024 20:56:45,24.44,1572,0,0,0,0,130,673,416,118,78,37,31,21,14,11,6,6,2,3,5,0,4,4,1,3,1,1,2,1,0,0,0,0,2,0,2,0,0,0,0,0,0,0,0,0,0,0,0,0,0,0,0,0,0,0,0,0,0,0,0,0,0,0,0,0,0,0,0,0,0,0,0,0,0,0,0,0,0,0,0,0,0,0,0,0,0,0,0,0,0,0,0,0,0,0,0,0,0,0,0,0,0,0,,6068,421,70,16,0,0,0,0,0,0,16,0
139,276,4.6,12/22/2024 20:59:03,25.03,1636,0,0,0,0,114,661,472,140,85,40,21,13,11,14,16,11,9,3,5,5,1,6,1,1,1,2,0,0,1,0,1,0,0,0,1,0,0,0,0,0,0,0,1,0,0,0,0,0,0,0,0,0,0,0,0,0,0,0,0,0,0,0,0,0,0,0,0,0,0,0,0,0,0,0,0,0,0,0,0,0,0,0,0,0,0,0,0,0,0,0,0,0,0,0,0,0,0,0,0,0,0,0,,6125,435,56,8,0,0,0,0,0,0,8,0
140,278,4.6,12/22/2024 21:01:22,24.61,1553,0,0,0,0,122,640,434,124,73,50,29,19,8,3,9,10,3,5,3,3,2,4,2,1,2,3,1,1,0,0,0,0,0,0,1,1,0,0,0,0,0,0,0,0,0,0,0,0,0,0,0,0,0,0,0,0,0,0,0,0,0,0,0,0,0,0,0,0,0,0,0,0,0,0,0,0,0,0,0,0,0,0,0,0,0,0,0,0,0,0,0,0,0,0,0,0,0,0,0,0,0,0,,5981,382,65,8,0,0,0,0,0,0,8,0
141,280,4.7,12/22/2024 21:03:40,24.64,1691,0,0,0,1,123,662,470,155,94,46,38,17,20,14,13,10,4,5,2,5,2,1,3,0,0,0,1,2,1,0,1,0,0,0,1,0,0,0,0,0,0,0,0,0,0,0,0,0,0,0,0,0,0,0,0,0,0,0,0,0,0,0,0,0,0,0,0,0,0,0,0,0,0,0,0,0,0,0,0,0,0,0,0,0,0,0,0,0,0,0,0,0,0,0,0,0,0,0,0,0,0,0,,6449,528,45,8,0,0,0,0,0,0,8,0
142,282,4.7,12/22/2024 21:05:58,24.88,1679,0,0,0,0,125,706,480,130,72,55,23,16,14,13,9,7,5,5,2,2,4,4,0,0,1,0,3,0,1,1,0,1,0,0,0,0,0,0,0,0,0,0,0,0,0,0,0,0,0,0,0,0,0,0,0,0,0,0,0,0,0,0,0,0,0,0,0,0,0,0,0,0,0,0,0,0,0,0,0,0,0,0,0,0,0,0,0,0,0,0,0,0,0,0,0,0,0,0,0,0,0,0,,6395,402,56,4,0,0,0,0,0,0,4,0
143,284,4.7,12/22/2024 21:08:17,25.13,1635,0,0,0,0,133,673,423,134,77,53,36,21,18,12,10,9,5,5,3,3,5,2,2,1,0,0,3,0,1,1,0,2,1,0,0,0,2,0,0,0,0,0,0,0,0,0,0,0,0,0,0,0,0,0,0,0,0,0,0,0,0,0,0,0,0,0,0,0,0,0,0,0,0,0,0,0,0,0,0,0,0,0,0,0,0,0,0,0,0,0,0,0,0,0,0,0,0,0,0,0,0,0,,6084,505,60,20,0,0,0,0,0,0,20,0
144,286,4.8,12/22/2024 21:10:36,25.38,1490,0,0,0,0,133,654,401,105,56,41,19,14,12,13,5,6,6,2,6,3,4,3,2,2,0,0,0,1,0,0,0,0,1,0,0,0,0,0,0,1,0,0,0,0,0,0,0,0,0,0,0,0,0,0,0,0,0,0,0,0,0,0,0,0,0,0,0,0,0,0,0,0,0,0,0,0,0,0,0,0,0,0,0,0,0,0,0,0,0,0,0,0,0,0,0,0,0,0,0,0,0,0,,5552,355,47,8,0,0,0,0,0,0,8,0
145,288,4.8,12/22/2024 21:12:56,25.44,1542,0,0,0,0,146,658,414,118,54,34,26,20,9,9,12,5,6,4,5,3,4,5,3,0,0,3,1,0,2,0,0,0,0,1,0,0,0,0,0,0,0,0,0,0,0,0,0,0,0,0,0,0,0,0,0,0,0,0,0,0,0,0,0,0,0,0,0,0,0,0,0,0,0,0,0,0,0,0,0,0,0,0,0,0,0,0,0,0,0,0,0,0,0,0,0,0,0,0,0,0,0,0,,5700,405,71,4,0,0,0,0,0,0,4,0
146,290,4.8,12/22/2024 21:15:16,25.36,1521,0,0,0,0,134,652,435,116,68,28,28,12,9,8,8,5,2,1,1,3,2,2,1,0,1,1,1,2,0,0,0,0,0,0,0,0,1,0,0,0,0,0,0,0,0,0,0,0,0,0,0,0,0,0,0,0,0,0,0,0,0,0,0,0,0,0,0,0,0,0,0,0,0,0,0,0,0,0,0,0,0,0,0,0,0,0,0,0,0,0,0,0,0,0,0,0,0,0,0,0,0,0,,5761,312,39,4,0,0,0,0,0,0,4,0
147,292,4.9,12/22/2024 21:17:35,25.22,1592,0,0,0,0,130,676,438,122,58,49,31,17,13,9,11,7,11,3,3,2,3,0,0,0,2,0,3,1,1,1,0,0,1,0,0,0,0,0,0,0,0,0,0,0,0,0,0,0,0,0,0,0,0,0,0,0,0,0,0,0,0,0,0,0,0,0,0,0,0,0,0,0,0,0,0,0,0,0,0,0,0,0,0,0,0,0,0,0,0,0,0,0,0,0,0,0,0,0,0,0,0,0,,5964,436,44,4,0,0,0,0,0,0,4,0
148,294,4.9,12/22/2024 21:19:55,25.27,1527,0,0,0,0,106,640,434,129,72,42,26,21,10,14,7,6,3,3,0,3,2,1,1,0,1,1,3,1,1,0,0,0,0,0,0,0,0,0,0,0,0,0,0,0,0,0,0,0,0,0,0,0,0,0,0,0,0,0,0,0,0,0,0,0,0,0,0,0,0,0,0,0,0,0,0,0,0,0,0,0,0,0,0,0,0,0,0,0,0,0,0,0,0,0,0,0,0,0,0,0,0,0,,5734,376,44,0,0,0,0,0,0,0,0,0
149,296,4.9,12/22/2024 21:22:12,25.14,1401,0,0,0,0,105,607,397,110,58,30,21,16,15,12,3,4,2,4,2,4,1,3,1,2,1,0,1,1,0,0,0,0,1,0,0,0,0,0,0,0,0,0,0,0,0,0,0,0,0,0,0,0,0,0,0,0,0,0,0,0,0,0,0,0,0,0,0,0,0,0,0,0,0,0,0,0,0,0,0,0,0,0,0,0,0,0,0,0,0,0,0,0,0,0,0,0,0,0,0,0,0,0,,5282,334,40,4,0,0,0,0,0,0,4,0
150,298,5.0,12/22/2024 21:24:26,25.14,1622,0,0,0,0,110,654,443,138,78,50,29,17,15,18,8,9,11,1,4,6,6,7,4,3,1,3,2,2,0,0,0,3,0,0,0,0,0,0,0,0,0,0,0,0,0,0,0,0,0,0,0,0,0,0,0,0,0,0,0,0,0,0,0,0,0,0,0,0,0,0,0,0,0,0,0,0,0,0,0,0,0,0,0,0,0,0,0,0,0,0,0,0,0,0,0,0,0,0,0,0,0,0,,5975,493,111,12,0,0,0,0,0,0,12,0
151,300,5.0,12/22/2024 21:26:46,25.16,1636,0,0,0,0,131,711,461,123,71,39,29,18,9,9,8,6,2,2,4,5,1,0,1,0,2,1,0,0,2,0,0,0,0,0,0,0,0,0,0,0,0,0,0,0,1,0,0,0,0,0,0,0,0,0,0,0,0,0,0,0,0,0,0,0,0,0,0,0,0,0,0,0,0,0,0,0,0,0,0,0,0,0,0,0,0,0,0,0,0,0,0,0,0,0,0,0,0,0,0,0,0,0,,6220,370,28,0,0,0,0,0,0,0,0,0
152,302,5.0,12/22/2024 21:29:04,25.16,1495,0,0,0,0,118,665,399,105,80,26,32,15,8,9,6,3,5,4,0,3,2,4,0,2,2,1,1,0,1,0,0,1,0,0,1,0,0,1,1,0,0,0,0,0,0,0,0,0,0,0,0,0,0,0,0,0,0,0,0,0,0,0,0,0,0,0,0,0,0,0,0,0,0,0,0,0,0,0,0,0,0,0,0,0,0,0,0,0,0,0,0,0,0,0,0,0,0,0,0,0,0,0,,5664,346,52,16,0,0,0,0,0,0,16,0
153,304,5.1,12/22/2024 21:31:23,25.03,1719,0,0,0,0,118,685,494,123,86,58,32,19,12,16,16,11,7,9,5,8,2,1,2,1,3,2,2,0,0,2,0,0,1,1,0,0,2,0,0,1,0,0,0,0,0,0,0,0,0,0,0,0,0,0,0,0,0,0,0,0,0,0,0,0,0,0,0,0,0,0,0,0,0,0,0,0,0,0,0,0,0,0,0,0,0,0,0,0,0,0,0,0,0,0,0,0,0,0,0,0,0,0,,6376,547,60,20,0,0,0,0,0,0,20,0
154,306,5.1,12/22/2024 21:33:42,24.91,1479,0,0,0,0,118,642,386,109,75,38,31,19,15,7,7,7,10,1,3,2,2,1,0,1,0,3,0,1,0,0,1,0,0,0,0,0,0,0,0,0,0,0,0,0,0,0,0,0,0,0,0,0,0,0,0,0,0,0,0,0,0,0,0,0,0,0,0,0,0,0,0,0,0,0,0,0,0,0,0,0,0,0,0,0,0,0,0,0,0,0,0,0,0,0,0,0,0,0,0,0,0,0,,5616,418,36,4,0,0,0,0,0,0,4,0
155,308,5.1,12/22/2024 21:36:01,24.86,1521,0,0,0,0,111,664,382,121,80,27,33,18,22,10,3,7,5,7,4,4,3,1,1,4,3,6,2,0,1,0,1,0,0,0,1,0,0,0,0,0,0,0,0,0,0,0,0,0,0,0,0,0,0,0,0,0,0,0,0,0,0,0,0,0,0,0,0,0,0,0,0,0,0,0,0,0,0,0,0,0,0,0,0,0,0,0,0,0,0,0,0,0,0,0,0,0,0,0,0,0,0,0,,5704,467,88,8,0,0,0,0,0,0,8,0
156,310,5.2,12/22/2024 21:38:20,24.92,1346,0,0,0,0,107,623,338,91,69,34,17,8,17,11,4,8,5,2,1,2,0,2,1,0,1,1,0,1,0,2,0,0,0,1,0,0,0,0,0,0,0,0,0,0,0,0,0,0,0,0,0,0,0,0,0,0,0,0,0,0,0,0,0,0,0,0,0,0,0,0,0,0,0,0,0,0,0,0,0,0,0,0,0,0,0,0,0,0,0,0,0,0,0,0,0,0,0,0,0,0,0,0,,5132,301,32,4,0,0,0,0,0,0,4,0
157,312,5.2,12/22/2024 21:40:39,24.91,1378,0,0,0,0,123,554,393,98,73,36,25,18,5,12,8,8,4,1,7,2,1,3,3,1,0,0,1,0,1,0,0,0,0,0,0,0,0,0,0,1,0,0,0,0,0,0,0,0,0,0,0,0,0,0,0,0,0,0,0,0,0,0,0,0,0,0,0,0,0,0,0,0,0,0,0,0,0,0,0,0,0,0,0,0,0,0,0,0,0,0,0,0,0,0,0,0,0,0,0,0,0,0,,5227,365,40,4,0,0,0,0,0,0,4,0
158,314,5.2,12/22/2024 21:42:57,24.78,1597,0,0,0,0,101,666,443,132,81,56,37,21,13,12,9,5,3,3,3,3,1,2,1,3,0,0,0,0,1,0,0,1,0,0,0,0,0,0,0,0,0,0,0,0,0,0,0,0,0,0,0,0,0,0,0,0,0,0,0,0,0,0,0,0,0,0,0,0,0,0,0,0,0,0,0,0,0,0,0,0,0,0,0,0,0,0,0,0,0,0,0,0,0,0,0,0,0,0,0,0,0,0,,6118,444,32,4,0,0,0,0,0,0,4,0
159,316,5.3,12/22/2024 21:45:16,24.89,1425,0,0,0,0,116,591,409,104,56,32,22,23,13,10,9,8,6,5,1,4,3,1,4,1,2,1,0,1,0,0,1,0,2,0,0,0,0,0,0,0,0,0,0,0,0,0,0,0,0,0,0,0,0,0,0,0,0,0,0,0,0,0,0,0,0,0,0,0,0,0,0,0,0,0,0,0,0,0,0,0,0,0,0,0,0,0,0,0,0,0,0,0,0,0,0,0,0,0,0,0,0,0,,5344,418,56,12,0,0,0,0,0,0,12,0
160,318,5.3,12/22/2024 21:47:36,25.34,1486,0,0,0,0,114,654,376,123,68,42,29,9,11,7,8,10,6,6,6,3,3,1,0,2,0,3,1,1,1,0,0,0,1,1,0,0,0,0,0,0,0,0,0,0,0,0,0,0,0,0,0,0,0,0,0,0,0,0,0,0,0,0,0,0,0,0,0,0,0,0,0,0,0,0,0,0,0,0,0,0,0,0,0,0,0,0,0,0,0,0,0,0,0,0,0,0,0,0,0,0,0,0,,5549,387,47,8,0,0,0,0,0,0,8,0
161,320,5.3,12/22/2024 21:49:56,25.72,1452,0,0,0,0,121,620,395,93,57,39,32,16,16,16,8,7,8,3,2,4,0,4,1,2,2,1,0,3,1,0,1,0,0,0,0,0,0,0,0,0,0,0,0,0,0,0,0,0,0,0,0,0,0,0,0,0,0,0,0,0,0,0,0,0,0,0,0,0,0,0,0,0,0,0,0,0,0,0,0,0,0,0,0,0,0,0,0,0,0,0,0,0,0,0,0,0,0,0,0,0,0,0,,5276,435,58,4,0,0,0,0,0,0,4,0
162,322,5.4,12/22/2024 21:52:17,26,1588,0,0,0,0,110,642,450,120,79,47,39,18,15,14,9,9,9,3,8,3,0,0,3,3,4,0,0,1,1,0,0,1,0,0,0,0,0,0,0,0,0,0,0,0,0,0,0,0,0,0,0,0,0,0,0,0,0,0,0,0,0,0,0,0,0,0,0,0,0,0,0,0,0,0,0,0,0,0,0,0,0,0,0,0,0,0,0,0,0,0,0,0,0,0,0,0,0,0,0,0,0,0,,5719,488,46,4,0,0,0,0,0,0,4,0
163,324,5.4,12/22/2024 21:54:36,26.08,1396,0,0,0,0,122,606,385,101,58,33,20,14,14,9,9,1,5,2,2,1,1,2,1,2,2,1,1,1,0,1,0,0,0,0,0,1,1,0,0,0,0,0,0,0,0,0,0,0,0,0,0,0,0,0,0,0,0,0,0,0,0,0,0,0,0,0,0,0,0,0,0,0,0,0,0,0,0,0,0,0,0,0,0,0,0,0,0,0,0,0,0,0,0,0,0,0,0,0,0,0,0,0,,5081,299,46,8,0,0,0,0,0,0,8,0
164,326,5.4,12/22/2024 21:56:58,26.58,1502,0,0,0,0,123,637,412,124,65,32,34,17,15,7,7,3,6,5,2,2,0,2,1,3,1,1,1,0,1,0,1,0,0,0,0,0,0,0,0,0,0,0,0,0,0,0,0,0,0,0,0,0,0,0,0,0,0,0,0,0,0,0,0,0,0,0,0,0,0,0,0,0,0,0,0,0,0,0,0,0,0,0,0,0,0,0,0,0,0,0,0,0,0,0,0,0,0,0,0,0,0,0,,5369,369,41,4,0,0,0,0,0,0,4,0
165,328,5.5,12/22/2024 21:59:18,25.91,1411,0,0,0,0,107,610,359,120,54,52,28,19,10,10,7,5,5,3,2,3,4,3,1,1,1,1,2,0,1,0,0,1,1,1,0,0,0,0,0,0,0,0,0,0,0,0,0,0,0,0,0,0,0,0,0,0,0,0,0,0,0,0,0,0,0,0,0,0,0,0,0,0,0,0,0,0,0,0,0,0,0,0,0,0,0,0,0,0,0,0,0,0,0,0,0,0,0,0,0,0,0,0,,5133,371,54,12,0,0,0,0,0,0,12,0
166,330,5.5,12/22/2024 22:01:37,25.58,1391,0,0,0,0,101,592,359,118,70,37,27,14,12,12,7,6,6,6,5,1,2,2,1,6,0,3,1,1,1,0,0,0,0,0,0,0,1,0,0,0,0,0,0,0,0,0,0,0,0,0,0,0,0,0,0,0,0,0,0,0,0,0,0,0,0,0,0,0,0,0,0,0,0,0,0,0,0,0,0,0,0,0,0,0,0,0,0,0,0,0,0,0,0,0,0,0,0,0,0,0,0,0,,5098,383,66,4,0,0,0,0,0,0,4,0
167,332,5.5,12/22/2024 22:03:57,25.58,1555,0,0,0,0,122,636,407,134,78,55,35,21,15,17,7,3,1,3,2,5,3,3,1,4,1,1,0,0,0,0,0,1,0,0,0,0,0,0,0,0,0,0,0,0,0,0,0,0,0,0,0,0,0,0,0,0,0,0,0,0,0,0,0,0,0,0,0,0,0,0,0,0,0,0,0,0,0,0,0,0,0,0,0,0,0,0,0,0,0,0,0,0,0,0,0,0,0,0,0,0,0,0,,5735,438,51,4,0,0,0,0,0,0,4,0
168,334,5.6,12/22/2024 22:06:17,25.72,1499,0,0,0,0,122,622,395,127,73,35,30,14,11,21,9,5,7,7,8,2,1,1,1,1,1,2,0,2,0,0,0,0,0,0,0,1,1,0,0,0,0,0,0,0,0,0,0,0,0,0,0,0,0,0,0,0,0,0,0,0,0,0,0,0,0,0,0,0,0,0,0,0,0,0,0,0,0,0,0,0,0,0,0,0,0,0,0,0,0,0,0,0,0,0,0,0,0,0,0,0,0,0,,5459,447,35,8,0,0,0,0,0,0,8,0
169,336,5.6,12/22/2024 22:08:37,25.56,1350,0,0,0,0,108,566,381,107,60,27,17,16,11,9,8,6,7,5,4,2,1,2,0,1,3,3,0,1,1,1,0,1,0,0,1,0,1,0,0,0,0,0,0,0,0,0,0,0,0,0,0,0,0,0,0,0,0,0,0,0,0,0,0,0,0,0,0,0,0,0,0,0,0,0,0,0,0,0,0,0,0,0,0,0,0,0,0,0,0,0,0,0,0,0,0,0,0,0,0,0,0,0,,4953,336,51,12,0,0,0,0,0,0,12,0
170,338,5.6,12/22/2024 22:10:58,25.52,1349,0,0,0,0,105,607,329,97,65,33,26,20,9,11,11,6,4,5,6,1,2,2,2,0,1,2,2,0,0,0,1,0,0,1,0,0,0,0,0,0,0,1,0,0,0,0,0,0,0,0,0,0,0,0,0,0,0,0,0,0,0,0,0,0,0,0,0,0,0,0,0,0,0,0,0,0,0,0,0,0,0,0,0,0,0,0,0,0,0,0,0,0,0,0,0,0,0,0,0,0,0,0,,4945,396,47,8,0,0,0,0,0,0,8,0
171,340,5.7,12/22/2024 22:13:16,25.64,1309,0,0,0,0,103,601,359,81,58,27,24,12,8,7,4,4,2,4,2,1,2,3,1,1,1,0,2,0,0,0,0,0,0,0,0,1,0,0,0,0,0,1,0,0,0,0,0,0,0,0,0,0,0,0,0,0,0,0,0,0,0,0,0,0,0,0,0,0,0,0,0,0,0,0,0,0,0,0,0,0,0,0,0,0,0,0,0,0,0,0,0,0,0,0,0,0,0,0,0,0,0,0,,4887,273,39,4,0,0,0,0,0,0,4,0
172,342,5.7,12/22/2024 22:15:36,25.53,1894,0,0,0,0,140,771,495,150,95,80,49,15,18,15,13,9,9,5,2,3,4,3,2,2,4,3,2,0,0,0,1,1,2,0,0,0,0,1,0,0,0,0,0,0,0,0,0,0,0,0,0,0,0,0,0,0,0,0,0,0,0,0,0,0,0,0,0,0,0,0,0,0,0,0,0,0,0,0,0,0,0,0,0,0,0,0,0,0,0,0,0,0,0,0,0,0,0,0,0,0,0,0,,6972,556,82,20,0,0,0,0,0,0,20,0
173,344,5.7,12/22/2024 22:17:56,25.52,1473,0,0,0,0,117,647,367,117,72,42,29,22,18,10,4,4,5,3,2,5,0,2,0,1,1,3,0,0,0,0,1,0,1,0,0,0,0,0,0,0,0,0,0,0,0,0,0,0,0,0,0,0,0,0,0,0,0,0,0,0,0,0,0,0,0,0,0,0,0,0,0,0,0,0,0,0,0,0,0,0,0,0,0,0,0,0,0,0,0,0,0,0,0,0,0,0,0,0,0,0,0,0,,5451,400,31,8,0,0,0,0,0,0,8,0
174,346,5.8,12/22/2024 22:20:15,25.5,1300,0,0,0,0,78,504,398,125,63,38,26,17,12,9,5,5,3,3,1,3,0,2,0,2,1,1,0,1,1,0,1,0,0,0,0,1,0,0,0,0,0,0,0,0,0,0,0,0,0,0,0,0,0,0,0,0,0,0,0,0,0,0,0,0,0,0,0,0,0,0,0,0,0,0,0,0,0,0,0,0,0,0,0,0,0,0,0,0,0,0,0,0,0,0,0,0,0,0,0,0,0,0,,4831,329,35,8,0,0,0,0,0,0,8,0
175,348,5.8,12/22/2024 22:22:35,25.38,1434,0,0,0,0,135,599,375,98,70,45,23,19,8,12,12,11,5,6,4,2,0,0,1,3,2,0,1,0,1,0,1,0,0,0,1,0,0,0,0,0,0,0,0,0,0,0,0,0,0,0,0,0,0,0,0,0,0,0,0,0,0,0,0,0,0,0,0,0,0,0,0,0,0,0,0,0,0,0,0,0,0,0,0,0,0,0,0,0,0,0,0,0,0,0,0,0,0,0,0,0,0,0,,5299,402,35,8,0,0,0,0,0,0,8,0
176,350,5.8,12/22/2024 22:24:54,25.47,1410,0,0,0,0,126,590,358,120,67,36,24,14,21,8,8,4,5,3,3,2,3,2,2,0,4,1,2,2,1,1,1,0,0,0,0,0,0,0,1,0,0,1,0,0,0,0,0,0,0,0,0,0,0,0,0,0,0,0,0,0,0,0,0,0,0,0,0,0,0,0,0,0,0,0,0,0,0,0,0,0,0,0,0,0,0,0,0,0,0,0,0,0,0,0,0,0,0,0,0,0,0,0,,5186,373,75,8,0,0,0,0,0,0,8,0
177,352,5.9,12/22/2024 22:27:16,25.72,1452,0,0,0,0,116,598,400,126,72,32,23,20,10,7,14,8,3,7,4,1,3,1,3,0,0,0,0,3,0,0,0,0,0,0,1,0,0,0,0,0,0,0,0,0,0,0,0,0,0,0,0,0,0,0,0,0,0,0,0,0,0,0,0,0,0,0,0,0,0,0,0,0,0,0,0,0,0,0,0,0,0,0,0,0,0,0,0,0,0,0,0,0,0,0,0,0,0,0,0,0,0,0,,5315,389,39,4,0,0,0,0,0,0,4,0
178,354,5.9,12/22/2024 22:29:37,27.05,1457,0,0,0,0,129,586,392,108,68,50,37,17,15,12,12,4,4,5,4,3,4,0,1,1,2,3,0,0,0,0,0,0,0,0,0,0,0,0,0,0,0,0,0,0,0,0,0,0,0,0,0,0,0,0,0,0,0,0,0,0,0,0,0,0,0,0,0,0,0,0,0,0,0,0,0,0,0,0,0,0,0,0,0,0,0,0,0,0,0,0,0,0,0,0,0,0,0,0,0,0,0,0,,5065,433,41,0,0,0,0,0,0,0,0,0
179,356,5.9,12/22/2024 22:31:58,26.05,1391,0,0,0,0,95,591,401,120,60,34,19,15,10,8,4,4,6,3,3,4,1,2,2,1,3,2,0,1,1,0,0,0,0,0,1,0,0,0,0,0,0,0,0,0,0,0,0,0,0,0,0,0,0,0,0,0,0,0,0,0,0,0,0,0,0,0,0,0,0,0,0,0,0,0,0,0,0,0,0,0,0,0,0,0,0,0,0,0,0,0,0,0,0,0,0,0,0,0,0,0,0,0,,5067,296,50,4,0,0,0,0,0,0,4,0
180,358,6.0,12/22/2024 22:34:20,26.14,1369,0,0,0,0,104,591,354,100,66,36,30,16,17,10,9,6,5,2,3,2,7,4,3,0,0,1,2,0,1,0,0,0,0,0,0,0,0,0,0,0,0,0,0,0,0,0,0,0,0,0,0,0,0,0,0,0,0,0,0,0,0,0,0,0,0,0,0,0,0,0,0,0,0,0,0,0,0,0,0,0,0,0,0,0,0,0,0,0,0,0,0,0,0,0,0,0,0,0,0,0,0,0,,4901,409,69,0,0,0,0,0,0,0,0,0
181,360,6.0,12/22/2024 22:36:41,26,1393,0,0,0,0,87,577,416,116,71,36,30,10,10,7,7,5,1,4,1,4,4,1,3,1,0,0,1,1,0,0,0,0,0,0,0,0,0,0,0,0,0,0,0,0,0,0,0,0,0,0,0,0,0,0,0,0,0,0,0,0,0,0,0,0,0,0,0,0,0,0,0,0,0,0,0,0,0,0,0,0,0,0,0,0,0,0,0,0,0,0,0,0,0,0,0,0,0,0,0,0,0,0,,5127,319,42,0,0,0,0,0,0,0,0,0
182,362,6.0,12/22/2024 22:39:02,25.98,1446,0,0,0,0,124,590,390,112,79,47,17,14,17,10,12,7,5,5,1,4,4,2,1,0,1,0,0,2,0,0,1,1,0,0,0,0,0,0,0,0,0,0,0,0,0,0,0,0,0,0,0,0,0,0,0,0,0,0,0,0,0,0,0,0,0,0,0,0,0,0,0,0,0,0,0,0,0,0,0,0,0,0,0,0,0,0,0,0,0,0,0,0,0,0,0,0,0,0,0,0,0,0,,5231,370,42,8,0,0,0,0,0,0,8,0
183,364,6.1,12/22/2024 22:41:23,25.77,1531,0,0,0,0,121,636,409,108,74,38,25,23,22,11,14,10,7,2,6,4,3,2,5,4,3,2,0,1,0,0,0,0,0,0,1,0,0,0,0,0,0,0,0,0,0,0,0,0,0,0,0,0,0,0,0,0,0,0,0,0,0,0,0,0,0,0,0,0,0,0,0,0,0,0,0,0,0,0,0,0,0,0,0,0,0,0,0,0,0,0,0,0,0,0,0,0,0,0,0,0,0,0,,5475,493,78,4,0,0,0,0,0,0,4,0
184,366,6.1,12/22/2024 22:43:44,25.73,1380,0,0,0,0,116,598,356,109,66,35,26,10,14,11,4,6,5,6,5,0,4,3,1,0,1,0,2,2,0,0,0,0,0,0,0,0,0,0,0,0,0,0,0,0,0,0,0,0,0,0,0,0,0,0,0,0,0,0,0,0,0,0,0,0,0,0,0,0,0,0,0,0,0,0,0,0,0,0,0,0,0,0,0,0,0,0,0,0,0,0,0,0,0,0,0,0,0,0,0,0,0,0,,5076,354,51,0,0,0,0,0,0,0,0,0
185,368,6.1,12/22/2024 22:46:05,26.06,1402,0,0,0,0,104,615,357,102,75,31,33,18,11,10,10,5,7,5,3,3,1,2,0,0,2,1,0,1,2,0,2,0,0,0,0,1,0,0,1,0,0,0,0,0,0,0,0,0,0,0,0,0,0,0,0,0,0,0,0,0,0,0,0,0,0,0,0,0,0,0,0,0,0,0,0,0,0,0,0,0,0,0,0,0,0,0,0,0,0,0,0,0,0,0,0,0,0,0,0,0,0,0,,5054,407,42,15,0,0,0,0,0,0,15,0
186,370,6.2,12/22/2024 22:48:24,25.63,1280,0,0,0,0,106,541,342,104,57,34,20,10,15,13,7,5,4,3,1,2,5,3,1,0,1,0,1,0,2,0,0,1,2,0,0,0,0,0,0,0,0,0,0,0,0,0,0,0,0,0,0,0,0,0,0,0,0,0,0,0,0,0,0,0,0,0,0,0,0,0,0,0,0,0,0,0,0,0,0,0,0,0,0,0,0,0,0,0,0,0,0,0,0,0,0,0,0,0,0,0,0,0,,4698,332,51,12,0,0,0,0,0,0,12,0
187,372,6.2,12/22/2024 22:50:43,25.41,1439,0,0,0,0,103,600,394,122,57,39,30,21,16,10,10,8,6,2,4,6,6,0,0,1,0,0,1,2,0,0,0,0,0,0,0,1,0,0,0,0,0,0,0,0,0,0,0,0,0,0,0,0,0,0,0,0,0,0,0,0,0,0,0,0,0,0,0,0,0,0,0,0,0,0,0,0,0,0,0,0,0,0,0,0,0,0,0,0,0,0,0,0,0,0,0,0,0,0,0,0,0,0,,5293,468,39,4,0,0,0,0,0,0,4,0
188,374,6.2,12/22/2024 22:53:04,25.53,1404,0,0,0,1,107,617,368,104,68,33,39,18,6,7,6,7,0,3,3,3,5,1,1,2,1,0,0,1,0,0,0,0,2,1,0,0,0,0,0,0,0,0,0,0,0,0,0,0,0,0,0,0,0,0,0,0,0,0,0,0,0,0,0,0,0,0,0,0,0,0,0,0,0,0,0,0,0,0,0,0,0,0,0,0,0,0,0,0,0,0,0,0,0,0,0,0,0,0,0,0,0,0,,5237,380,43,12,0,0,0,0,0,0,12,0
189,376,6.3,12/22/2024 22:55:24,25.59,1279,0,0,0,0,104,538,346,105,63,26,21,16,10,10,9,5,8,2,1,2,2,2,1,0,1,1,2,1,1,0,0,0,1,0,1,0,0,0,0,0,0,0,0,0,0,0,0,0,0,0,0,0,0,0,0,0,0,0,0,0,0,0,0,0,0,0,0,0,0,0,0,0,0,0,0,0,0,0,0,0,0,0,0,0,0,0,0,0,0,0,0,0,0,0,0,0,0,0,0,0,0,0,,4701,336,43,8,0,0,0,0,0,0,8,0
190,378,6.3,12/22/2024 22:57:43,25.36,1271,0,0,0,0,105,539,342,98,63,30,23,14,8,11,10,10,3,4,1,1,2,1,0,2,1,1,0,1,1,0,0,0,0,0,0,0,0,0,0,0,0,0,0,0,0,0,0,0,0,0,0,0,0,0,0,0,0,0,0,0,0,0,0,0,0,0,0,0,0,0,0,0,0,0,0,0,0,0,0,0,0,0,0,0,0,0,0,0,0,0,0,0,0,0,0,0,0,0,0,0,0,0,,4732,343,35,0,0,0,0,0,0,0,0,0
191,380,6.3,12/22/2024 23:00:04,25.44,1407,0,0,0,0,115,579,391,110,69,32,28,19,11,12,9,5,3,4,2,1,4,0,1,2,0,4,1,2,0,0,0,1,0,1,0,0,1,0,0,0,0,0,0,0,0,0,0,0,0,0,0,0,0,0,0,0,0,0,0,0,0,0,0,0,0,0,0,0,0,0,0,0,0,0,0,0,0,0,0,0,0,0,0,0,0,0,0,0,0,0,0,0,0,0,0,0,0,0,0,0,0,0,,5204,385,55,12,0,0,0,0,0,0,12,0
192,382,6.4,12/22/2024 23:02:23,25.53,1314,0,0,0,0,95,528,366,98,78,42,29,14,11,13,11,6,1,3,3,3,7,4,1,0,1,0,0,0,0,0,0,0,0,0,0,0,0,0,0,0,0,0,0,0,0,0,0,0,0,0,0,0,0,0,0,0,0,0,0,0,0,0,0,0,0,0,0,0,0,0,0,0,0,0,0,0,0,0,0,0,0,0,0,0,0,0,0,0,0,0,0,0,0,0,0,0,0,0,0,0,0,0,,4841,396,51,0,0,0,0,0,0,0,0,0
193,384,6.4,12/22/2024 23:04:43,25.38,1435,0,0,0,0,117,591,383,126,67,37,36,14,17,6,9,1,4,4,5,4,2,2,1,1,3,2,0,0,0,1,1,0,0,1,0,0,0,0,0,0,0,0,0,0,0,0,0,0,0,0,0,0,0,0,0,0,0,0,0,0,0,0,0,0,0,0,0,0,0,0,0,0,0,0,0,0,0,0,0,0,0,0,0,0,0,0,0,0,0,0,0,0,0,0,0,0,0,0,0,0,0,0,,5347,402,51,8,0,0,0,0,0,0,8,0
194,386,6.4,12/22/2024 23:07:02,25.72,1382,0,0,0,0,115,556,391,99,62,31,26,14,15,16,5,10,9,8,4,2,2,2,5,3,1,3,2,0,0,0,1,0,0,0,0,0,0,0,0,0,0,0,0,0,0,0,0,0,0,0,0,0,0,0,0,0,0,0,0,0,0,0,0,0,0,0,0,0,0,0,0,0,0,0,0,0,0,0,0,0,0,0,0,0,0,0,0,0,0,0,0,0,0,0,0,0,0,0,0,0,0,0,,4977,432,74,4,0,0,0,0,0,0,4,0
195,388,6.5,12/22/2024 23:09:24,26,1538,0,0,0,0,119,611,443,127,74,42,31,17,12,16,8,9,3,4,7,5,1,1,0,1,1,1,2,3,0,0,0,0,0,0,0,0,0,0,0,0,0,0,0,0,0,0,0,0,0,0,0,0,0,0,0,0,0,0,0,0,0,0,0,0,0,0,0,0,0,0,0,0,0,0,0,0,0,0,0,0,0,0,0,0,0,0,0,0,0,0,0,0,0,0,0,0,0,0,0,0,0,0,,5565,435,38,0,0,0,0,0,0,0,0,0
196,390,6.5,12/22/2024 23:11:45,26.41,1413,0,0,0,0,114,602,410,116,58,28,22,10,8,6,8,8,3,3,4,4,2,2,1,2,0,0,1,1,0,0,0,0,0,0,0,0,0,0,0,0,0,0,0,0,0,0,0,0,0,0,0,0,0,0,0,0,0,0,0,0,0,0,0,0,0,0,0,0,0,0,0,0,0,0,0,0,0,0,0,0,0,0,0,0,0,0,0,0,0,0,0,0,0,0,0,0,0,0,0,0,0,0,,5112,295,34,0,0,0,0,0,0,0,0,0
197,392,6.5,12/22/2024 23:14:07,26.42,1334,0,0,0,0,100,593,339,105,56,34,25,22,9,9,6,4,5,3,3,5,3,1,4,1,2,2,0,1,1,0,0,0,0,0,0,1,0,0,0,0,0,0,0,0,0,0,0,0,0,0,0,0,0,0,0,0,0,0,0,0,0,0,0,0,0,0,0,0,0,0,0,0,0,0,0,0,0,0,0,0,0,0,0,0,0,0,0,0,0,0,0,0,0,0,0,0,0,0,0,0,0,0,,4739,356,57,4,0,0,0,0,0,0,4,0
198,394,6.6,12/22/2024 23:16:28,26.69,1408,0,0,0,0,120,571,363,105,58,51,38,25,17,14,9,8,6,6,4,2,2,0,3,1,0,2,2,0,0,1,0,0,0,0,0,0,0,0,0,0,0,0,0,0,0,0,0,0,0,0,0,0,0,0,0,0,0,0,0,0,0,0,0,0,0,0,0,0,0,0,0,0,0,0,0,0,0,0,0,0,0,0,0,0,0,0,0,0,0,0,0,0,0,0,0,0,0,0,0,0,0,0,,4893,491,41,0,0,0,0,0,0,0,0,0
199,396,6.6,12/22/2024 23:18:50,26.28,1373,0,0,0,0,112,568,353,111,57,42,30,20,16,18,7,5,7,5,5,4,4,1,1,1,1,0,0,2,0,0,2,0,0,1,0,0,0,0,0,0,0,0,0,0,0,0,0,0,0,0,0,0,0,0,0,0,0,0,0,0,0,0,0,0,0,0,0,0,0,0,0,0,0,0,0,0,0,0,0,0,0,0,0,0,0,0,0,0,0,0,0,0,0,0,0,0,0,0,0,0,0,0,,4844,460,46,11,0,0,0,0,0,0,11,0
200,398,6.6,12/22/2024 23:21:11,26.17,1352,0,0,0,0,108,581,337,115,62,44,35,16,11,10,4,5,4,4,1,1,3,1,2,1,2,1,1,1,0,0,0,0,0,0,0,1,0,0,0,1,0,0,0,0,0,0,0,0,0,0,0,0,0,0,0,0,0,0,0,0,0,0,0,0,0,0,0,0,0,0,0,0,0,0,0,0,0,0,0,0,0,0,0,0,0,0,0,0,0,0,0,0,0,0,0,0,0,0,0,0,0,0,,4899,359,46,8,0,0,0,0,0,0,8,0
201,400,6.7,12/22/2024 23:23:32,26.03,1267,0,0,0,0,96,544,323,98,66,25,24,12,14,12,9,7,12,4,4,1,3,3,1,1,0,2,2,0,2,0,1,1,0,0,0,0,0,0,0,0,0,0,0,0,0,0,0,0,0,0,0,0,0,0,0,0,0,0,0,0,0,0,0,0,0,0,0,0,0,0,0,0,0,0,0,0,0,0,0,0,0,0,0,0,0,0,0,0,0,0,0,0,0,0,0,0,0,0,0,0,0,0,,4518,392,58,8,0,0,0,0,0,0,8,0
202,402,6.7,12/22/2024 23:25:50,26.06,1286,0,0,0,0,113,544,348,100,49,32,16,20,11,14,4,6,5,5,1,4,2,4,3,0,0,0,1,3,0,0,0,0,0,1,0,0,0,0,0,0,0,0,0,0,0,0,0,0,0,0,0,0,0,0,0,0,0,0,0,0,0,0,0,0,0,0,0,0,0,0,0,0,0,0,0,0,0,0,0,0,0,0,0,0,0,0,0,0,0,0,0,0,0,0,0,0,0,0,0,0,0,0,,4612,338,50,4,0,0,0,0,0,0,4,0
203,404,6.7,12/22/2024 23:28:10,25.94,1699,0,0,0,0,135,667,458,157,90,35,42,16,14,12,14,11,8,5,6,5,5,3,1,3,3,1,3,2,1,1,0,0,1,0,0,0,0,0,0,0,0,0,0,0,0,0,0,0,0,0,0,0,0,0,0,0,0,0,0,0,0,0,0,0,0,0,0,0,0,0,0,0,0,0,0,0,0,0,0,0,0,0,0,0,0,0,0,0,0,0,0,0,0,0,0,0,0,0,0,0,0,0,,6106,532,89,4,0,0,0,0,0,0,4,0
204,406,6.8,12/22/2024 23:30:31,25.73,1576,0,0,0,0,133,621,432,131,94,47,32,17,12,10,12,7,5,3,3,1,6,4,1,2,3,0,0,0,0,0,0,0,0,0,0,0,0,0,0,0,0,0,0,0,0,0,0,0,0,0,0,0,0,0,0,0,0,0,0,0,0,0,0,0,0,0,0,0,0,0,0,0,0,0,0,0,0,0,0,0,0,0,0,0,0,0,0,0,0,0,0,0,0,0,0,0,0,0,0,0,0,0,,5791,420,62,0,0,0,0,0,0,0,0,0
205,408,6.8,12/22/2024 23:32:52,26.28,1390,0,0,0,0,114,596,354,102,63,42,33,18,10,14,6,2,7,2,9,4,1,0,1,1,2,2,1,1,1,1,0,0,0,2,1,0,0,0,0,0,0,0,0,0,0,0,0,0,0,0,0,0,0,0,0,0,0,0,0,0,0,0,0,0,0,0,0,0,0,0,0,0,0,0,0,0,0,0,0,0,0,0,0,0,0,0,0,0,0,0,0,0,0,0,0,0,0,0,0,0,0,0,,4962,403,42,11,0,0,0,0,0,0,11,0
206,410,6.8,12/22/2024 23:35:09,25.81,1609,0,0,0,0,112,628,427,134,94,48,39,25,14,10,21,11,6,9,5,5,3,3,2,3,3,1,1,0,2,1,0,0,0,0,1,1,0,0,0,0,0,0,0,0,0,0,0,0,0,0,0,0,0,0,0,0,0,0,0,0,0,0,0,0,0,0,0,0,0,0,0,0,0,0,0,0,0,0,0,0,0,0,0,0,0,0,0,0,0,0,0,0,0,0,0,0,0,0,0,0,0,0,,5742,573,74,8,0,0,0,0,0,0,8,0
207,412,6.9,12/22/2024 23:37:30,25.86,1621,0,0,0,0,115,644,475,137,84,49,29,16,9,15,7,8,5,6,4,1,4,4,1,2,3,0,1,0,0,0,0,1,1,0,0,0,0,0,0,0,0,0,0,0,0,0,0,0,0,0,0,0,0,0,0,0,0,0,0,0,0,0,0,0,0,0,0,0,0,0,0,0,0,0,0,0,0,0,0,0,0,0,0,0,0,0,0,0,0,0,0,0,0,0,0,0,0,0,0,0,0,0,,5928,402,58,8,0,0,0,0,0,0,8,0
208,414,6.9,12/22/2024 23:39:50,25.75,1413,0,0,0,0,117,582,368,121,64,44,36,17,8,12,8,5,6,1,3,3,4,2,1,1,3,0,2,1,2,2,0,0,0,0,0,0,0,0,0,0,0,0,0,0,0,0,0,0,0,0,0,0,0,0,0,0,0,0,0,0,0,0,0,0,0,0,0,0,0,0,0,0,0,0,0,0,0,0,0,0,0,0,0,0,0,0,0,0,0,0,0,0,0,0,0,0,0,0,0,0,0,0,,5173,400,70,0,0,0,0,0,0,0,0,0
209,416,6.9,12/22/2024 23:42:08,25.78,1492,0,0,0,0,107,567,384,128,85,52,37,14,18,16,17,11,8,13,6,3,5,2,3,4,2,3,0,1,1,1,1,2,0,0,0,0,0,0,1,0,0,0,0,0,0,0,0,0,0,0,0,0,0,0,0,0,0,0,0,0,0,0,0,0,0,0,0,0,0,0,0,0,0,0,0,0,0,0,0,0,0,0,0,0,0,0,0,0,0,0,0,0,0,0,0,0,0,0,0,0,0,0,,5275,574,89,16,0,0,0,0,0,0,16,0
210,418,7.0,12/22/2024 23:44:27,25.83,1567,0,0,0,0,114,647,417,141,68,43,34,23,10,18,5,9,6,5,6,3,1,3,1,2,1,2,2,0,1,1,0,0,0,1,0,0,2,1,0,0,0,0,0,0,0,0,0,0,0,0,0,0,0,0,0,0,0,0,0,0,0,0,0,0,0,0,0,0,0,0,0,0,0,0,0,0,0,0,0,0,0,0,0,0,0,0,0,0,0,0,0,0,0,0,0,0,0,0,0,0,0,0,,5668,465,54,15,0,0,0,0,0,0,15,0
211,420,7.0,12/22/2024 23:46:46,25.8,1374,0,0,0,0,120,552,368,110,69,46,26,12,21,8,13,3,2,3,4,5,2,0,2,3,1,0,1,1,1,0,0,0,0,0,0,0,0,1,0,0,0,0,0,0,0,0,0,0,0,0,0,0,0,0,0,0,0,0,0,0,0,0,0,0,0,0,0,0,0,0,0,0,0,0,0,0,0,0,0,0,0,0,0,0,0,0,0,0,0,0,0,0,0,0,0,0,0,0,0,0,0,0,,5004,384,43,4,0,0,0,0,0,0,4,0
212,422,7.0,12/22/2024 23:49:09,26.88,1450,0,0,0,0,116,610,382,119,71,42,33,14,14,8,12,3,3,2,4,3,1,2,1,4,1,0,2,2,0,0,0,0,0,0,0,1,0,0,0,0,0,0,0,0,0,0,0,0,0,0,0,0,0,0,0,0,0,0,0,0,0,0,0,0,0,0,0,0,0,0,0,0,0,0,0,0,0,0,0,0,0,0,0,0,0,0,0,0,0,0,0,0,0,0,0,0,0,0,0,0,0,0,,5108,361,48,4,0,0,0,0,0,0,4,0
213,424,7.1,12/22/2024 23:51:31,26.84,1445,0,0,0,0,121,630,373,114,68,29,23,21,20,11,5,5,7,3,3,2,4,1,2,1,0,1,0,0,0,0,1,0,0,0,0,0,0,0,0,0,0,0,0,0,0,0,0,0,0,0,0,0,0,0,0,0,0,0,0,0,0,0,0,0,0,0,0,0,0,0,0,0,0,0,0,0,0,0,0,0,0,0,0,0,0,0,0,0,0,0,0,0,0,0,0,0,0,0,0,0,0,0,,5060,387,37,4,0,0,0,0,0,0,4,0
214,426,7.1,12/22/2024 23:53:54,27.2,1293,0,0,0,0,108,539,372,98,48,37,20,18,10,6,9,3,2,2,3,3,3,2,2,3,1,0,1,1,0,0,0,1,0,0,1,0,0,0,0,0,0,0,0,0,0,0,0,0,0,0,0,0,0,0,0,0,0,0,0,0,0,0,0,0,0,0,0,0,0,0,0,0,0,0,0,0,0,0,0,0,0,0,0,0,0,0,0,0,0,0,0,0,0,0,0,0,0,0,0,0,0,0,,4493,290,48,7,0,0,0,0,0,0,7,0
215,428,7.1,12/22/2024 23:56:14,26.88,1241,0,0,0,0,91,541,326,93,53,32,16,18,9,14,5,4,6,5,2,6,3,2,5,3,2,1,1,0,0,1,0,1,0,0,1,0,0,0,0,0,0,0,0,0,0,0,0,0,0,0,0,0,0,0,0,0,0,0,0,0,0,0,0,0,0,0,0,0,0,0,0,0,0,0,0,0,0,0,0,0,0,0,0,0,0,0,0,0,0,0,0,0,0,0,0,0,0,0,0,0,0,0,,4286,327,67,7,0,0,0,0,0,0,7,0
216,430,7.2,12/22/2024 23:58:36,26.58,1408,0,0,0,0,114,595,366,103,79,33,28,15,12,12,5,6,7,6,5,8,4,1,1,0,3,2,2,1,0,0,0,0,0,0,0,0,0,0,0,0,0,0,0,0,0,0,0,0,0,0,0,0,0,0,0,0,0,0,0,0,0,0,0,0,0,0,0,0,0,0,0,0,0,0,0,0,0,0,0,0,0,0,0,0,0,0,0,0,0,0,0,0,0,0,0,0,0,0,0,0,0,0,,4959,406,53,0,0,0,0,0,0,0,0,0
217,432,7.2,12/23/2024 00:00:54,26.5,1345,0,0,0,0,116,545,366,104,66,51,36,14,10,4,6,7,3,1,3,3,1,1,3,1,1,2,0,0,0,0,0,0,0,1,0,0,0,0,0,0,0,0,0,0,0,0,0,0,0,0,0,0,0,0,0,0,0,0,0,0,0,0,0,0,0,0,0,0,0,0,0,0,0,0,0,0,0,0,0,0,0,0,0,0,0,0,0,0,0,0,0,0,0,0,0,0,0,0,0,0,0,0,,4845,332,34,4,0,0,0,0,0,0,4,0
218,434,7.2,12/23/2024 00:03:14,26.47,1437,0,0,0,0,133,569,390,130,52,37,27,17,16,7,14,7,7,4,6,7,4,1,2,4,1,0,0,1,0,0,0,0,0,0,0,0,0,0,1,0,0,0,0,0,0,0,0,0,0,0,0,0,0,0,0,0,0,0,0,0,0,0,0,0,0,0,0,0,0,0,0,0,0,0,0,0,0,0,0,0,0,0,0,0,0,0,0,0,0,0,0,0,0,0,0,0,0,0,0,0,0,0,,5055,438,49,4,0,0,0,0,0,0,4,0
219,436,7.3,12/23/2024 00:05:35,26.28,1376,0,0,0,0,111,550,395,106,54,48,35,15,15,11,8,2,2,5,4,2,1,1,3,2,3,1,0,0,0,2,0,0,0,0,0,0,0,0,0,0,0,0,0,0,0,0,0,0,0,0,0,0,0,0,0,0,0,0,0,0,0,0,0,0,0,0,0,0,0,0,0,0,0,0,0,0,0,0,0,0,0,0,0,0,0,0,0,0,0,0,0,0,0,0,0,0,0,0,0,0,0,0,,4943,381,49,0,0,0,0,0,0,0,0,0
220,438,7.3,12/23/2024 00:07:57,26.42,1551,0,0,0,0,124,661,407,118,75,47,23,16,13,9,6,9,7,5,6,4,3,5,5,1,2,1,2,0,0,1,0,0,0,1,0,0,0,0,0,0,0,0,0,0,0,0,0,0,0,0,0,0,0,0,0,0,0,0,0,0,0,0,0,0,0,0,0,0,0,0,0,0,0,0,0,0,0,0,0,0,0,0,0,0,0,0,0,0,0,0,0,0,0,0,0,0,0,0,0,0,0,0,,5507,382,76,4,0,0,0,0,0,0,4,0
221,440,7.3,12/23/2024 00:10:19,26.3,1279,0,0,0,0,88,530,353,102,60,40,33,10,13,9,9,6,2,1,3,5,2,4,0,3,3,0,1,0,0,1,0,0,0,0,1,0,0,0,0,0,0,0,0,0,0,0,0,0,0,0,0,0,0,0,0,0,0,0,0,0,0,0,0,0,0,0,0,0,0,0,0,0,0,0,0,0,0,0,0,0,0,0,0,0,0,0,0,0,0,0,0,0,0,0,0,0,0,0,0,0,0,0,,4586,354,53,4,0,0,0,0,0,0,4,0
222,442,7.4,12/23/2024 00:12:38,26.3,1341,0,0,0,0,119,513,385,121,79,26,25,16,12,10,3,5,10,3,3,2,1,0,2,1,1,1,1,1,0,1,0,0,0,0,0,0,0,0,0,0,0,0,0,0,0,0,0,0,0,0,0,0,0,0,0,0,0,0,0,0,0,0,0,0,0,0,0,0,0,0,0,0,0,0,0,0,0,0,0,0,0,0,0,0,0,0,0,0,0,0,0,0,0,0,0,0,0,0,0,0,0,0,,4821,342,34,0,0,0,0,0,0,0,0,0
223,444,7.4,12/23/2024 00:15:00,26.23,1610,0,0,0,0,106,682,417,129,87,37,47,20,12,12,8,12,9,9,4,2,1,3,3,1,2,1,0,0,5,0,0,0,1,0,0,0,0,0,0,0,0,0,0,0,0,0,0,0,0,0,0,0,0,0,0,0,0,0,0,0,0,0,0,0,0,0,0,0,0,0,0,0,0,0,0,0,0,0,0,0,0,0,0,0,0,0,0,0,0,0,0,0,0,0,0,0,0,0,0,0,0,0,,5738,518,61,4,0,0,0,0,0,0,4,0
224,446,7.4,12/23/2024 00:17:21,26.25,1308,0,0,0,1,96,570,341,105,64,27,28,14,12,2,7,11,7,1,3,4,0,2,2,4,2,1,0,1,0,0,0,0,1,0,1,0,0,1,0,0,0,0,0,0,0,0,0,0,0,0,0,0,0,0,0,0,0,0,0,0,0,0,0,0,0,0,0,0,0,0,0,0,0,0,0,0,0,0,0,0,0,0,0,0,0,0,0,0,0,0,0,0,0,0,0,0,0,0,0,0,0,0,,4693,339,46,11,0,0,0,0,0,0,11,0
225,448,7.5,12/23/2024 00:19:40,26.22,1218,0,0,0,0,95,526,312,103,68,24,21,8,6,12,11,7,3,4,0,3,5,1,2,0,0,1,3,0,1,1,0,0,0,0,0,0,0,0,0,0,1,0,0,0,0,0,0,0,0,0,0,0,0,0,0,0,0,0,0,0,0,0,0,0,0,0,0,0,0,0,0,0,0,0,0,0,0,0,0,0,0,0,0,0,0,0,0,0,0,0,0,0,0,0,0,0,0,0,0,0,0,0,,4382,305,53,4,0,0,0,0,0,0,4,0
226,450,7.5,12/23/2024 00:22:02,26.34,1408,0,0,0,0,116,582,385,122,61,42,21,13,16,12,8,5,3,3,2,4,3,1,2,2,0,3,1,1,0,0,0,0,0,0,0,0,0,0,0,0,0,0,0,0,0,0,0,0,0,0,0,0,0,0,0,0,0,0,0,0,0,0,0,0,0,0,0,0,0,0,0,0,0,0,0,0,0,0,0,0,0,0,0,0,0,0,0,0,0,0,0,0,0,0,0,0,0,0,0,0,0,0,,5046,342,49,0,0,0,0,0,0,0,0,0
227,452,7.5,12/23/2024 00:24:21,26.39,1291,0,0,0,0,98,524,381,80,79,22,31,19,9,7,3,9,4,3,2,3,1,3,5,0,4,1,1,0,0,2,0,0,0,0,0,0,0,0,0,0,0,0,0,0,0,0,0,0,0,0,0,0,0,0,0,0,0,0,0,0,0,0,0,0,0,0,0,0,0,0,0,0,0,0,0,0,0,0,0,0,0,0,0,0,0,0,0,0,0,0,0,0,0,0,0,0,0,0,0,0,0,0,,4604,345,64,0,0,0,0,0,0,0,0,0
228,454,7.6,12/23/2024 00:26:43,26.44,1346,0,0,0,0,117,542,339,108,75,41,33,15,16,9,8,10,7,6,4,4,2,1,2,1,1,1,0,0,1,1,0,1,0,1,0,0,0,0,0,0,0,0,0,0,0,0,0,0,0,0,0,0,0,0,0,0,0,0,0,0,0,0,0,0,0,0,0,0,0,0,0,0,0,0,0,0,0,0,0,0,0,0,0,0,0,0,0,0,0,0,0,0,0,0,0,0,0,0,0,0,0,0,,4747,431,38,8,0,0,0,0,0,0,8,0
229,456,7.6,12/23/2024 00:29:01,27.08,1405,0,0,0,0,121,593,354,110,66,36,25,17,17,13,11,3,5,4,5,4,2,1,5,3,1,0,3,1,2,0,0,0,0,0,0,0,1,0,1,1,0,0,0,0,0,0,0,0,0,0,0,0,0,0,0,0,0,0,0,0,0,0,0,0,0,0,0,0,0,0,0,0,0,0,0,0,0,0,0,0,0,0,0,0,0,0,0,0,0,0,0,0,0,0,0,0,0,0,0,0,0,0,,4819,391,66,11,0,0,0,0,0,0,11,0
230,458,7.6,12/23/2024 00:31:23,27.78,1315,0,0,0,0,108,574,352,80,52,31,23,13,18,10,8,5,6,10,5,1,5,4,3,0,3,3,1,0,0,0,0,0,0,0,0,0,0,0,0,0,0,0,0,0,0,0,0,0,0,0,0,0,0,0,0,0,0,0,0,0,0,0,0,0,0,0,0,0,0,0,0,0,0,0,0,0,0,0,0,0,0,0,0,0,0,0,0,0,0,0,0,0,0,0,0,0,0,0,0,0,0,0,,4392,374,68,0,0,0,0,0,0,0,0,0
231,460,7.7,12/23/2024 00:33:46,27.23,1494,0,0,0,0,136,613,392,127,66,47,27,20,8,11,10,5,10,4,3,6,3,2,1,1,0,0,0,0,1,0,1,0,0,0,0,0,0,0,0,0,0,0,0,0,0,0,0,0,0,0,0,0,0,0,0,0,0,0,0,0,0,0,0,0,0,0,0,0,0,0,0,0,0,0,0,0,0,0,0,0,0,0,0,0,0,0,0,0,0,0,0,0,0,0,0,0,0,0,0,0,0,0,,5171,393,33,4,0,0,0,0,0,0,4,0
232,462,7.7,12/23/2024 00:36:05,26.8,1472,0,0,0,0,121,613,381,129,70,31,28,13,16,13,13,7,7,5,4,3,3,4,3,2,3,0,0,0,1,1,0,1,0,0,0,0,0,0,0,0,0,0,0,0,0,0,0,0,0,0,0,0,0,0,0,0,0,0,0,0,0,0,0,0,0,0,0,0,0,0,0,0,0,0,0,0,0,0,0,0,0,0,0,0,0,0,0,0,0,0,0,0,0,0,0,0,0,0,0,0,0,0,,5123,418,63,4,0,0,0,0,0,0,4,0
233,464,7.7,12/23/2024 00:38:27,27.27,1478,0,0,0,0,99,606,401,128,71,39,31,20,18,12,12,10,6,4,2,4,2,3,1,2,0,2,1,2,0,1,1,0,0,0,0,0,0,0,0,0,0,0,0,0,0,0,0,0,0,0,0,0,0,0,0,0,0,0,0,0,0,0,0,0,0,0,0,0,0,0,0,0,0,0,0,0,0,0,0,0,0,0,0,0,0,0,0,0,0,0,0,0,0,0,0,0,0,0,0,0,0,0,,5042,444,55,4,0,0,0,0,0,0,4,0
234,466,7.8,12/23/2024 00:40:49,27.17,1482,0,0,0,0,114,600,389,123,74,45,29,23,17,14,9,3,6,7,1,9,5,1,3,3,0,1,0,2,1,0,0,2,0,1,0,0,0,0,0,0,0,0,0,0,0,0,0,0,0,0,0,0,0,0,0,0,0,0,0,0,0,0,0,0,0,0,0,0,0,0,0,0,0,0,0,0,0,0,0,0,0,0,0,0,0,0,0,0,0,0,0,0,0,0,0,0,0,0,0,0,0,0,,5057,453,59,11,0,0,0,0,0,0,11,0
235,468,7.8,12/23/2024 00:43:11,26.76,1281,0,0,0,0,105,508,347,116,53,37,25,18,15,11,8,5,4,6,4,6,3,3,1,0,1,1,0,1,1,0,1,0,1,0,0,0,0,0,0,0,0,0,0,0,0,0,0,0,0,0,0,0,0,0,0,0,0,0,0,0,0,0,0,0,0,0,0,0,0,0,0,0,0,0,0,0,0,0,0,0,0,0,0,0,0,0,0,0,0,0,0,0,0,0,0,0,0,0,0,0,0,0,,4451,392,45,7,0,0,0,0,0,0,7,0
236,470,7.8,12/23/2024 00:45:32,27.22,1408,0,0,0,0,129,566,370,111,61,41,29,14,20,9,9,10,4,6,3,6,6,4,2,2,1,1,0,1,1,0,1,1,0,0,0,0,0,0,0,0,0,0,0,0,0,0,0,0,0,0,0,0,0,0,0,0,0,0,0,0,0,0,0,0,0,0,0,0,0,0,0,0,0,0,0,0,0,0,0,0,0,0,0,0,0,0,0,0,0,0,0,0,0,0,0,0,0,0,0,0,0,0,,4802,426,70,7,0,0,0,0,0,0,7,0
237,472,7.9,12/23/2024 00:47:51,26.98,1530,0,0,0,0,135,577,386,122,125,44,39,31,18,15,10,6,4,5,6,0,0,1,3,0,1,0,2,0,0,0,0,0,0,0,0,0,0,0,0,0,0,0,0,0,0,0,0,0,0,0,0,0,0,0,0,0,0,0,0,0,0,0,0,0,0,0,0,0,0,0,0,0,0,0,0,0,0,0,0,0,0,0,0,0,0,0,0,0,0,0,0,0,0,0,0,0,0,0,0,0,0,0,,5293,497,26,0,0,0,0,0,0,0,0,0
238,474,7.9,12/23/2024 00:50:10,27.06,1719,0,0,0,2,140,671,502,143,91,44,37,16,17,11,10,5,4,4,3,6,4,1,1,1,2,0,0,1,1,0,0,1,0,0,0,0,1,0,0,0,0,0,0,0,0,0,0,0,0,0,0,0,0,0,0,0,0,0,0,0,0,0,0,0,0,0,0,0,0,0,0,0,0,0,0,0,0,0,0,0,0,0,0,0,0,0,0,0,0,0,0,0,0,0,0,0,0,0,0,0,0,0,,6024,432,41,7,0,0,0,0,0,0,7,0
239,476,7.9,12/23/2024 00:52:32,27.03,1492,0,0,0,0,137,596,397,115,84,42,29,16,20,9,4,12,7,7,2,3,1,5,0,1,2,2,0,0,0,1,0,0,0,0,0,0,0,0,0,0,0,0,0,0,0,0,0,0,0,0,0,0,0,0,0,0,0,0,0,0,0,0,0,0,0,0,0,0,0,0,0,0,0,0,0,0,0,0,0,0,0,0,0,0,0,0,0,0,0,0,0,0,0,0,0,0,0,0,0,0,0,0,,5179,407,44,0,0,0,0,0,0,0,0,0
240,478,8.0,12/23/2024 00:54:53,26.97,1893,0,0,0,0,131,757,491,146,117,63,40,34,17,21,14,10,3,10,4,4,4,3,4,2,3,2,2,0,2,1,4,0,0,1,1,0,1,1,0,0,0,0,0,0,0,0,0,0,0,0,0,0,0,0,0,0,0,0,0,0,0,0,0,0,0,0,0,0,0,0,0,0,0,0,0,0,0,0,0,0,0,0,0,0,0,0,0,0,0,0,0,0,0,0,0,0,0,0,0,0,0,0,,6470,597,100,30,0,0,0,0,0,0,30,0
241,480,8.0,12/23/2024 00:57:15,26.92,1476,0,0,0,0,114,627,384,115,68,51,36,16,17,8,9,5,4,7,2,1,2,2,0,1,1,0,2,0,1,1,0,0,0,1,0,1,0,0,0,0,0,0,0,0,0,0,0,0,0,0,0,0,0,0,0,0,0,0,0,0,0,0,0,0,0,0,0,0,0,0,0,0,0,0,0,0,0,0,0,0,0,0,0,0,0,0,0,0,0,0,0,0,0,0,0,0,0,0,0,0,0,0,,5182,397,37,7,0,0,0,0,0,0,7,0
242,482,8.0,12/23/2024 00:59:35,26.72,1592,0,0,0,0,133,639,415,155,65,37,36,26,17,12,12,9,9,4,3,2,2,1,6,1,2,0,0,3,1,0,1,1,0,0,0,0,0,0,0,0,0,0,0,0,0,0,0,0,0,0,0,0,0,0,0,0,0,0,0,0,0,0,0,0,0,0,0,0,0,0,0,0,0,0,0,0,0,0,0,0,0,0,0,0,0,0,0,0,0,0,0,0,0,0,0,0,0,0,0,0,0,0,,5539,494,64,7,0,0,0,0,0,0,7,0
243,484,8.1,12/23/2024 01:01:55,27.49,1684,0,0,0,0,142,685,431,136,84,45,33,24,23,16,10,8,9,9,4,3,4,5,0,1,0,3,1,1,1,4,0,2,0,0,0,0,0,0,0,0,0,0,0,0,0,0,0,0,0,0,0,0,0,0,0,0,0,0,0,0,0,0,0,0,0,0,0,0,0,0,0,0,0,0,0,0,0,0,0,0,0,0,0,0,0,0,0,0,0,0,0,0,0,0,0,0,0,0,0,0,0,0,,5660,520,73,7,0,0,0,0,0,0,7,0
244,486,8.1,12/23/2024 01:04:16,27.09,1647,0,0,0,0,139,652,424,135,89,45,41,25,19,20,13,8,6,8,3,4,1,5,2,1,2,1,0,1,0,1,0,0,0,1,0,1,0,0,0,0,0,0,0,0,0,0,0,0,0,0,0,0,0,0,0,0,0,0,0,0,0,0,0,0,0,0,0,0,0,0,0,0,0,0,0,0,0,0,0,0,0,0,0,0,0,0,0,0,0,0,0,0,0,0,0,0,0,0,0,0,0,0,,5629,546,52,7,0,0,0,0,0,0,7,0
245,488,8.1,12/23/2024 01:06:35,27.2,1485,0,0,0,0,109,606,399,126,85,35,28,19,17,7,11,7,6,2,3,2,6,3,2,1,2,2,4,1,1,1,0,0,0,0,0,0,0,0,0,0,0,0,0,0,0,0,0,0,0,0,0,0,0,0,0,0,0,0,0,0,0,0,0,0,0,0,0,0,0,0,0,0,0,0,0,0,0,0,0,0,0,0,0,0,0,0,0,0,0,0,0,0,0,0,0,0,0,0,0,0,0,0,,5103,397,85,0,0,0,0,0,0,0,0,0
246,490,8.2,12/23/2024 01:08:57,27.34,1620,0,0,0,0,113,658,404,156,83,51,42,18,21,12,14,7,9,6,4,1,1,6,2,2,1,2,2,0,3,0,0,0,0,0,1,1,0,0,0,0,0,0,0,0,0,0,0,0,0,0,0,0,0,0,0,0,0,0,0,0,0,0,0,0,0,0,0,0,0,0,0,0,0,0,0,0,0,0,0,0,0,0,0,0,0,0,0,0,0,0,0,0,0,0,0,0,0,0,0,0,0,0,,5512,494,69,7,0,0,0,0,0,0,7,0
247,492,8.2,12/23/2024 01:11:20,27.34,1708,0,0,0,0,111,719,448,137,78,41,39,23,30,10,13,5,9,8,11,5,4,4,1,1,1,2,2,1,0,1,0,1,0,1,1,1,0,0,0,0,0,0,0,0,0,0,0,0,0,0,0,0,0,0,0,0,0,0,0,0,0,0,0,0,0,0,0,0,0,0,0,0,0,0,0,0,0,0,0,0,0,0,0,0,0,0,0,0,0,0,0,0,0,0,0,0,0,0,0,0,0,0,,5753,574,62,15,0,0,0,0,0,0,15,0
248,494,8.2,12/23/2024 01:13:43,28.02,1477,0,0,0,1,140,638,348,115,75,33,28,22,14,12,4,7,5,6,7,6,3,5,2,2,2,2,0,0,0,0,0,0,0,0,0,0,0,0,0,0,0,0,0,0,0,0,0,0,0,0,0,0,0,0,0,0,0,0,0,0,0,0,0,0,0,0,0,0,0,0,0,0,0,0,0,0,0,0,0,0,0,0,0,0,0,0,0,0,0,0,0,0,0,0,0,0,0,0,0,0,0,0,,4918,407,57,0,0,0,0,0,0,0,0,0
249,496,8.3,12/23/2024 01:16:04,27.92,1506,0,0,0,0,128,658,346,128,85,39,23,14,16,8,17,16,7,3,1,2,3,3,3,2,0,2,0,0,0,1,1,0,0,0,0,0,0,0,0,0,0,0,0,0,0,0,0,0,0,0,0,0,0,0,0,0,0,0,0,0,0,0,0,0,0,0,0,0,0,0,0,0,0,0,0,0,0,0,0,0,0,0,0,0,0,0,0,0,0,0,0,0,0,0,0,0,0,0,0,0,0,0,,5039,394,54,4,0,0,0,0,0,0,4,0
250,498,8.3,12/23/2024 01:18:26,27.88,1551,0,0,0,0,121,635,424,112,72,47,34,18,15,10,9,10,9,6,5,1,6,1,4,3,0,2,2,2,1,1,0,0,1,0,0,0,0,0,0,0,0,0,0,0,0,0,0,0,0,0,0,0,0,0,0,0,0,0,0,0,0,0,0,0,0,0,0,0,0,0,0,0,0,0,0,0,0,0,0,0,0,0,0,0,0,0,0,0,0,0,0,0,0,0,0,0,0,0,0,0,0,0,,5183,441,79,4,0,0,0,0,0,0,4,0
251,500,8.3,12/23/2024 01:20:48,27.09,1692,0,0,0,0,107,687,486,140,85,54,30,16,17,14,13,6,4,7,7,2,3,5,2,0,1,2,1,1,0,0,1,1,0,0,0,0,0,0,0,0,0,0,0,0,0,0,0,0,0,0,0,0,0,0,0,0,0,0,0,0,0,0,0,0,0,0,0,0,0,0,0,0,0,0,0,0,0,0,0,0,0,0,0,0,0,0,0,0,0,0,0,0,0,0,0,0,0,0,0,0,0,0,,5866,439,59,7,0,0,0,0,0,0,7,0
252,502,8.4,12/23/2024 01:23:12,27.45,1606,0,0,0,0,123,691,423,124,71,33,37,23,15,9,10,8,9,4,6,5,4,1,1,2,1,1,1,0,1,1,1,0,0,1,0,0,0,0,0,0,0,0,0,0,0,0,0,0,0,0,0,0,0,0,0,0,0,0,0,0,0,0,0,0,0,0,0,0,0,0,0,0,0,0,0,0,0,0,0,0,0,0,0,0,0,0,0,0,0,0,0,0,0,0,0,0,0,0,0,0,0,0,,5472,474,51,7,0,0,0,0,0,0,7,0
253,504,8.4,12/23/2024 01:25:34,27.34,1340,0,0,0,1,115,528,352,101,60,39,40,23,17,11,10,2,7,7,4,4,1,3,4,2,1,2,0,1,0,2,0,1,1,0,0,0,0,1,0,0,0,0,0,0,0,0,0,0,0,0,0,0,0,0,0,0,0,0,0,0,0,0,0,0,0,0,0,0,0,0,0,0,0,0,0,0,0,0,0,0,0,0,0,0,0,0,0,0,0,0,0,0,0,0,0,0,0,0,0,0,0,0,,4521,461,59,11,0,0,0,0,0,0,11,0
254,506,8.4,12/23/2024 01:27:57,27.38,1580,0,0,0,1,120,631,414,138,77,51,26,22,23,13,17,5,3,4,5,6,2,4,2,5,3,1,4,0,2,0,0,0,0,0,0,0,0,1,0,0,0,0,0,0,0,0,0,0,0,0,0,0,0,0,0,0,0,0,0,0,0,0,0,0,0,0,0,0,0,0,0,0,0,0,0,0,0,0,0,0,0,0,0,0,0,0,0,0,0,0,0,0,0,0,0,0,0,0,0,0,0,0,,5325,460,84,4,0,0,0,0,0,0,4,0
255,508,8.5,12/23/2024 01:30:18,27.47,1401,0,0,0,0,111,593,356,111,79,32,19,21,14,16,5,7,5,5,5,5,5,3,2,6,0,0,0,0,0,0,0,0,0,0,0,0,0,0,1,0,0,0,0,0,0,0,0,0,0,0,0,0,0,0,0,0,0,0,0,0,0,0,0,0,0,0,0,0,0,0,0,0,0,0,0,0,0,0,0,0,0,0,0,0,0,0,0,0,0,0,0,0,0,0,0,0,0,0,0,0,0,0,,4736,390,58,4,0,0,0,0,0,0,4,0
256,510,8.5,12/23/2024 01:32:41,27.41,1433,0,0,0,0,97,618,354,126,73,43,37,14,18,13,5,11,7,2,1,1,1,3,4,1,0,1,0,0,2,0,0,1,0,0,0,0,0,0,0,0,0,0,0,0,0,0,0,0,0,0,0,0,0,0,0,0,0,0,0,0,0,0,0,0,0,0,0,0,0,0,0,0,0,0,0,0,0,0,0,0,0,0,0,0,0,0,0,0,0,0,0,0,0,0,0,0,0,0,0,0,0,0,,4918,401,44,4,0,0,0,0,0,0,4,0
257,512,8.5,12/23/2024 01:35:02,27.3,1598,0,0,0,0,121,653,411,142,81,36,37,25,19,13,14,8,5,6,5,4,2,2,4,3,1,1,0,1,1,0,1,0,1,1,0,0,0,0,0,0,0,0,0,0,0,0,0,0,0,0,0,0,0,0,0,0,0,0,0,0,0,0,0,0,0,0,0,0,0,0,0,0,0,0,0,0,0,0,0,0,0,0,0,0,0,0,0,0,0,0,0,0,0,0,0,0,0,0,0,0,0,0,,5425,505,59,11,0,0,0,0,0,0,11,0
258,514,8.6,12/23/2024 01:37:22,27.09,1624,0,0,0,1,124,701,412,115,79,41,30,17,21,18,13,7,8,7,7,4,2,2,2,4,1,3,1,0,1,1,0,2,0,0,0,0,0,0,0,0,0,0,0,0,0,0,0,0,0,0,0,0,0,0,0,0,0,0,0,0,0,0,0,0,0,0,0,0,0,0,0,0,0,0,0,0,0,0,0,0,0,0,0,0,0,0,0,0,0,0,0,0,0,0,0,0,0,0,0,0,0,0,,5548,495,63,7,0,0,0,0,0,0,7,0
259,516,8.6,12/23/2024 01:39:44,27.59,1504,0,0,0,0,126,601,404,134,76,39,22,20,13,19,14,4,4,3,3,4,1,1,3,0,3,3,0,3,1,0,1,0,1,1,0,0,0,0,0,0,0,0,0,0,0,0,0,0,0,0,0,0,0,0,0,0,0,0,0,0,0,0,0,0,0,0,0,0,0,0,0,0,0,0,0,0,0,0,0,0,0,0,0,0,0,0,0,0,0,0,0,0,0,0,0,0,0,0,0,0,0,0,,5082,388,58,11,0,0,0,0,0,0,11,0
260,518,8.6,12/23/2024 01:42:02,27.25,1842,0,0,0,0,143,722,487,169,102,62,45,21,20,11,9,9,8,3,5,2,7,5,2,4,0,2,1,1,1,1,0,0,0,0,0,0,0,0,0,0,0,0,0,0,0,0,0,0,0,0,0,0,0,0,0,0,0,0,0,0,0,0,0,0,0,0,0,0,0,0,0,0,0,0,0,0,0,0,0,0,0,0,0,0,0,0,0,0,0,0,0,0,0,0,0,0,0,0,0,0,0,0,,6349,514,88,0,0,0,0,0,0,0,0,0
261,520,8.7,12/23/2024 01:44:23,27.3,1375,0,0,0,0,110,597,370,86,69,42,29,10,7,11,12,3,6,3,2,2,2,2,1,3,2,0,2,1,0,1,0,1,0,0,0,0,0,0,1,0,0,0,0,0,0,0,0,0,0,0,0,0,0,0,0,0,0,0,0,0,0,0,0,0,0,0,0,0,0,0,0,0,0,0,0,0,0,0,0,0,0,0,0,0,0,0,0,0,0,0,0,0,0,0,0,0,0,0,0,0,0,0,,4773,319,51,7,0,0,0,0,0,0,7,0
262,522,8.7,12/23/2024 01:46:45,27.19,1483,0,0,0,1,118,656,404,110,64,34,26,15,15,11,5,3,6,2,0,3,2,1,3,1,0,0,1,0,1,1,0,0,0,0,0,0,0,0,0,0,0,0,0,0,0,0,0,0,0,0,0,0,0,0,0,0,0,0,0,0,0,0,0,0,0,0,0,0,0,0,0,0,0,0,0,0,0,0,0,0,0,0,0,0,0,0,0,0,0,0,0,0,0,0,0,0,0,0,0,0,0,0,,5197,324,37,0,0,0,0,0,0,0,0,0
263,524,8.7,12/23/2024 01:49:05,27.48,1246,0,0,0,0,113,504,346,106,64,34,21,15,8,6,5,5,1,2,2,5,3,0,1,2,2,1,0,0,0,0,0,0,0,0,0,0,0,0,0,0,0,0,0,0,0,0,0,0,0,0,0,0,0,0,0,0,0,0,0,0,0,0,0,0,0,0,0,0,0,0,0,0,0,0,0,0,0,0,0,0,0,0,0,0,0,0,0,0,0,0,0,0,0,0,0,0,0,0,0,0,0,0,,4323,266,33,0,0,0,0,0,0,0,0,0
264,526,8.8,12/23/2024 01:51:27,27.11,1168,0,0,0,0,100,533,271,100,54,24,19,13,9,7,7,3,4,3,5,1,5,2,2,3,0,1,0,1,1,0,0,0,0,0,0,0,0,0,0,0,0,0,0,0,0,0,0,0,0,0,0,0,0,0,0,0,0,0,0,0,0,0,0,0,0,0,0,0,0,0,0,0,0,0,0,0,0,0,0,0,0,0,0,0,0,0,0,0,0,0,0,0,0,0,0,0,0,0,0,0,0,0,,4061,280,55,0,0,0,0,0,0,0,0,0
265,528,8.8,12/23/2024 01:53:11,21.73,744,0,0,0,0,62,319,184,73,42,14,8,8,4,4,3,6,4,2,1,2,3,0,1,1,1,1,1,0,0,0,0,0,0,0,0,0,0,0,0,0,0,0,0,0,0,0,0,0,0,0,0,0,0,0,0,0,0,0,0,0,0,0,0,0,0,0,0,0,0,0,0,0,0,0,0,0,0,0,0,0,0,0,0,0,0,0,0,0,0,0,0,0,0,0,0,0,0,0,0,0,0,0,,3231,207,37,0,0,0,0,0,0,0,0,0
266,530,8.8,12/23/2024 01:55:30,28.47,1727,0,0,0,0,147,734,451,131,91,41,37,23,12,13,4,4,6,4,4,2,2,0,0,3,3,2,2,3,0,1,1,1,1,0,0,0,1,1,0,0,1,0,0,1,0,0,0,0,0,0,0,0,0,0,0,0,0,0,0,0,0,0,0,0,0,0,0,0,0,0,0,0,0,0,0,0,0,0,0,0,0,0,0,0,0,0,0,0,0,0,0,0,0,0,0,0,0,0,0,0,0,0,,5732,390,60,21,0,0,0,0,0,0,21,0
267,532,8.9,12/23/2024 01:57:54,28.52,1481,0,0,0,0,130,629,374,127,75,35,22,21,14,6,12,10,3,6,2,2,5,0,1,1,1,1,0,2,0,0,0,2,0,0,0,0,0,0,0,0,0,0,0,0,0,0,0,0,0,0,0,0,0,0,0,0,0,0,0,0,0,0,0,0,0,0,0,0,0,0,0,0,0,0,0,0,0,0,0,0,0,0,0,0,0,0,0,0,0,0,0,0,0,0,0,0,0,0,0,0,0,0,,4881,361,39,7,0,0,0,0,0,0,7,0
268,534,8.9,12/23/2024 02:00:15,27.95,1668,0,0,0,0,144,711,439,147,82,38,34,23,12,11,4,4,3,1,1,0,2,0,2,2,2,2,0,2,0,0,2,0,0,0,0,0,0,0,0,0,0,0,0,0,0,0,0,0,0,0,0,0,0,0,0,0,0,0,0,0,0,0,0,0,0,0,0,0,0,0,0,0,0,0,0,0,0,0,0,0,0,0,0,0,0,0,0,0,0,0,0,0,0,0,0,0,0,0,0,0,0,0,,5707,340,50,7,0,0,0,0,0,0,7,0
269,536,8.9,12/23/2024 02:02:37,27.72,1558,0,0,0,0,111,638,433,143,83,33,25,16,15,9,15,10,5,6,4,2,2,4,0,1,0,1,0,0,1,0,0,0,1,0,0,0,0,0,0,0,0,0,0,0,0,0,0,0,0,0,0,0,0,0,0,0,0,0,0,0,0,0,0,0,0,0,0,0,0,0,0,0,0,0,0,0,0,0,0,0,0,0,0,0,0,0,0,0,0,0,0,0,0,0,0,0,0,0,0,0,0,0,,5289,393,32,4,0,0,0,0,0,0,4,0
270,538,9.0,12/23/2024 02:04:59,28.28,1386,0,0,0,0,116,588,393,92,65,37,22,14,14,12,4,4,4,2,2,4,4,1,2,1,0,2,1,0,1,0,0,1,0,0,0,0,0,0,0,0,0,0,0,0,0,0,0,0,0,0,0,0,0,0,0,0,0,0,0,0,0,0,0,0,0,0,0,0,0,0,0,0,0,0,0,0,0,0,0,0,0,0,0,0,0,0,0,0,0,0,0,0,0,0,0,0,0,0,0,0,0,0,,4643,304,42,4,0,0,0,0,0,0,4,0
271,540,9.0,12/23/2024 02:07:20,27.78,1498,0,0,0,1,120,626,414,110,71,39,24,17,16,13,8,2,6,4,5,9,1,2,1,2,2,1,0,2,1,0,0,0,1,0,0,0,0,0,0,0,0,0,0,0,0,0,0,0,0,0,0,0,0,0,0,0,0,0,0,0,0,0,0,0,0,0,0,0,0,0,0,0,0,0,0,0,0,0,0,0,0,0,0,0,0,0,0,0,0,0,0,0,0,0,0,0,0,0,0,0,0,0,,5058,378,43,4,0,0,0,0,0,0,4,0
272,542,9.0,12/23/2024 02:09:42,27.45,1780,0,0,0,0,131,740,468,154,89,40,44,24,21,11,13,9,5,2,6,5,5,4,2,2,1,2,0,1,1,0,0,0,0,0,0,0,0,0,0,0,0,0,0,0,0,0,0,0,0,0,0,0,0,0,0,0,0,0,0,0,0,0,0,0,0,0,0,0,0,0,0,0,0,0,0,0,0,0,0,0,0,0,0,0,0,0,0,0,0,0,0,0,0,0,0,0,0,0,0,0,0,0,,6069,528,66,0,0,0,0,0,0,0,0,0
273,544,9.1,12/23/2024 02:12:01,27.17,1485,0,0,0,0,120,622,398,128,72,38,24,15,12,11,10,10,4,3,3,4,1,2,2,0,3,1,1,0,0,1,0,0,0,0,0,0,0,0,0,0,0,0,0,0,0,0,0,0,0,0,0,0,0,0,0,0,0,0,0,0,0,0,0,0,0,0,0,0,0,0,0,0,0,0,0,0,0,0,0,0,0,0,0,0,0,0,0,0,0,0,0,0,0,0,0,0,0,0,0,0,0,0,,5160,357,40,0,0,0,0,0,0,0,0,0
274,546,9.1,12/23/2024 02:14:21,27.25,1511,0,0,0,0,138,616,435,110,73,37,24,16,10,10,8,6,2,5,1,4,4,2,2,1,2,2,0,0,1,1,0,0,0,1,0,0,0,0,0,0,0,0,0,0,0,0,0,0,0,0,0,0,0,0,0,0,0,0,0,0,0,0,0,0,0,0,0,0,0,0,0,0,0,0,0,0,0,0,0,0,0,0,0,0,0,0,0,0,0,0,0,0,0,0,0,0,0,0,0,0,0,0,,5259,330,55,4,0,0,0,0,0,0,4,0
275,548,9.1,12/23/2024 02:16:43,27.25,1419,0,0,0,0,123,582,370,124,63,43,30,19,16,7,12,6,5,2,4,2,3,3,0,1,1,1,1,0,0,0,1,0,0,0,0,0,0,0,0,0,0,0,0,0,0,0,0,0,0,0,0,0,0,0,0,0,0,0,0,0,0,0,0,0,0,0,0,0,0,0,0,0,0,0,0,0,0,0,0,0,0,0,0,0,0,0,0,0,0,0,0,0,0,0,0,0,0,0,0,0,0,0,,4899,389,40,4,0,0,0,0,0,0,4,0
276,550,9.2,12/23/2024 02:19:03,26.95,1505,0,0,0,0,108,629,428,137,67,40,20,20,11,6,11,9,1,5,1,5,0,2,1,1,1,1,1,0,0,0,0,0,0,0,0,0,0,0,0,0,0,0,0,0,0,0,0,0,0,0,0,0,0,0,0,0,0,0,0,0,0,0,0,0,0,0,0,0,0,0,0,0,0,0,0,0,0,0,0,0,0,0,0,0,0,0,0,0,0,0,0,0,0,0,0,0,0,0,0,0,0,0,,5302,330,26,0,0,0,0,0,0,0,0,0
277,552,9.2,12/23/2024 02:21:23,27.86,1701,0,0,0,0,118,727,473,149,76,50,21,14,17,10,6,9,5,4,6,6,1,0,1,2,1,1,1,0,0,0,0,1,0,1,0,0,1,0,0,0,0,0,0,0,0,0,0,0,0,0,0,0,0,0,0,0,0,0,0,0,0,0,0,0,0,0,0,0,0,0,0,0,0,0,0,0,0,0,0,0,0,0,0,0,0,0,0,0,0,0,0,0,0,0,0,0,0,0,0,0,0,0,,5793,355,25,11,0,0,0,0,0,0,11,0
278,554,9.2,12/23/2024 02:23:45,27.39,1390,0,0,0,2,104,591,385,99,80,35,33,14,11,5,4,6,7,4,0,2,2,2,1,2,0,0,0,0,1,0,0,0,0,0,0,0,0,0,0,0,0,0,0,0,0,0,0,0,0,0,0,0,0,0,0,0,0,0,0,0,0,0,0,0,0,0,0,0,0,0,0,0,0,0,0,0,0,0,0,0,0,0,0,0,0,0,0,0,0,0,0,0,0,0,0,0,0,0,0,0,0,0,,4852,321,29,0,0,0,0,0,0,0,0,0
279,556,9.3,12/23/2024 02:26:03,26.86,1491,0,0,0,0,103,619,411,112,71,39,35,21,13,12,6,7,5,4,1,2,8,4,3,2,2,0,2,2,1,0,1,0,1,1,0,0,0,1,0,0,0,1,1,0,0,0,0,0,0,0,0,0,0,0,0,0,0,0,0,0,0,0,0,0,0,0,0,0,0,0,0,0,0,0,0,0,0,0,0,0,0,0,0,0,0,0,0,0,0,0,0,0,0,0,0,0,0,0,0,0,0,0,,5175,424,93,15,0,0,0,0,0,0,15,0
280,558,9.3,12/23/2024 02:28:23,26.92,1488,0,0,0,0,118,624,415,107,60,34,24,22,14,9,6,11,4,6,7,4,5,4,3,1,0,2,6,1,1,0,0,0,0,0,0,0,0,0,0,0,0,0,0,0,0,0,0,0,0,0,0,0,0,0,0,0,0,0,0,0,0,0,0,0,0,0,0,0,0,0,0,0,0,0,0,0,0,0,0,0,0,0,0,0,0,0,0,0,0,0,0,0,0,0,0,0,0,0,0,0,0,0,,5134,416,85,0,0,0,0,0,0,0,0,0
281,560,9.3,12/23/2024 02:30:43,27.33,1708,0,0,0,0,129,702,484,131,102,52,36,9,11,13,9,4,1,6,3,6,0,0,3,0,2,1,1,0,1,0,0,0,0,0,0,0,2,0,0,0,0,0,0,0,0,0,0,0,0,0,0,0,0,0,0,0,0,0,0,0,0,0,0,0,0,0,0,0,0,0,0,0,0,0,0,0,0,0,0,0,0,0,0,0,0,0,0,0,0,0,0,0,0,0,0,0,0,0,0,0,0,0,,5986,359,29,7,0,0,0,0,0,0,7,0
282,562,9.4,12/23/2024 02:33:03,26.8,1619,0,0,0,1,145,689,441,129,64,39,24,13,9,7,10,8,5,3,4,3,2,1,2,0,1,1,2,2,0,2,2,0,2,1,3,0,0,2,0,0,1,0,0,0,0,0,0,0,0,0,1,0,0,0,0,0,0,0,0,0,0,0,0,0,0,0,0,0,0,0,0,0,0,0,0,0,0,0,0,0,0,0,0,0,0,0,0,0,0,0,0,0,0,0,0,0,0,0,0,0,0,0,,5716,328,56,41,4,4,0,0,0,0,49,0
283,564,9.4,12/23/2024 02:35:23,27.16,1431,0,0,0,0,123,609,372,120,55,23,33,15,14,10,11,6,3,5,5,2,5,3,1,5,0,0,3,0,0,0,0,0,1,1,0,2,0,0,2,0,0,0,0,0,0,0,0,0,0,2,0,0,0,0,0,0,0,0,0,0,0,0,0,0,0,0,0,0,0,0,0,0,0,0,0,0,0,0,0,0,0,0,0,0,0,0,0,0,0,0,0,0,0,0,0,0,0,0,0,0,0,0,,4915,401,63,22,0,0,0,0,0,0,22,0
284,566,9.4,12/23/2024 02:37:46,27.99,1637,0,0,0,0,123,667,474,155,68,45,31,9,13,6,13,6,2,4,5,1,2,0,3,2,2,1,2,1,0,0,0,1,0,0,0,0,0,0,1,0,0,0,0,0,0,0,0,0,0,0,0,0,0,0,0,0,0,0,0,0,0,0,0,0,0,0,0,0,0,0,0,0,0,0,0,0,0,0,0,0,0,0,0,0,0,0,0,0,0,0,0,0,0,0,0,0,0,0,0,0,0,0,,5584,329,46,7,0,0,0,0,0,0,7,0
285,568,9.5,12/23/2024 02:40:10,27.58,1395,0,0,0,0,113,603,364,129,51,29,31,17,17,5,8,3,3,5,2,2,3,1,0,2,0,0,1,1,1,1,0,0,0,0,0,1,0,0,0,0,0,0,1,0,0,0,0,0,0,0,0,0,0,1,0,0,0,0,0,0,0,0,0,0,0,0,0,0,0,0,0,0,0,0,0,0,0,0,0,0,0,0,0,0,0,0,0,0,0,0,0,0,0,0,0,0,0,0,0,0,0,0,,4786,348,36,4,4,4,0,0,0,0,11,0
286,570,9.5,12/23/2024 02:42:31,28.02,1195,0,0,0,0,122,508,322,82,55,24,24,11,8,4,7,5,1,2,4,2,1,0,1,0,1,2,0,0,0,2,3,0,0,0,0,1,0,0,1,1,0,0,0,1,0,0,0,0,0,0,0,0,0,0,0,0,0,0,0,0,0,0,0,0,0,0,0,0,0,0,0,0,0,0,0,0,0,0,0,0,0,0,0,0,0,0,0,0,0,0,0,0,0,0,0,0,0,0,0,0,0,0,,4058,246,36,21,0,0,0,0,0,0,21,0
287,572,9.5,12/23/2024 02:44:53,27.66,1528,0,0,0,0,118,680,384,117,62,36,36,13,15,13,10,7,4,3,7,1,2,2,1,0,3,0,1,0,0,2,2,2,1,1,1,1,0,0,0,0,1,1,0,0,0,0,1,0,0,0,0,0,0,0,0,0,0,0,0,0,0,0,0,0,0,0,0,0,0,0,0,0,0,0,0,0,0,0,0,0,0,0,0,0,0,0,0,0,0,0,0,0,0,0,0,0,0,0,0,0,0,0,,5181,401,47,33,0,0,0,0,0,0,33,0
288,574,9.6,12/23/2024 02:47:13,28.08,1485,0,0,0,0,109,629,412,131,62,30,23,17,15,5,5,6,3,5,3,4,3,0,0,2,1,2,1,0,3,1,0,1,3,1,2,2,2,1,1,0,0,0,0,0,0,0,0,0,0,0,0,0,0,0,0,0,0,0,0,0,0,0,0,0,0,0,0,0,0,0,0,0,0,0,0,0,0,0,0,0,0,0,0,0,0,0,0,0,0,0,0,0,0,0,0,0,0,0,0,0,0,0,,4972,317,46,46,0,0,0,0,0,0,46,0
289,576,9.6,12/23/2024 02:49:35,27.36,1627,0,0,0,0,140,697,432,129,92,31,28,15,11,11,8,9,3,8,0,5,1,1,0,0,2,0,0,0,0,1,0,1,0,0,1,0,0,0,0,0,0,0,1,0,0,0,0,0,0,0,0,0,0,0,0,0,0,0,0,0,0,0,0,0,0,0,0,0,0,0,0,0,0,0,0,0,0,0,0,0,0,0,0,0,0,0,0,0,0,0,0,0,0,0,0,0,0,0,0,0,0,0,,5662,362,18,7,0,0,0,0,0,0,7,0
290,578,9.6,12/23/2024 02:51:56,27.66,1548,0,0,0,0,117,624,382,144,90,41,36,24,21,5,8,6,3,6,2,4,5,0,2,1,2,3,1,1,4,0,2,0,3,1,1,1,3,0,0,1,1,1,0,1,0,1,0,0,0,0,0,0,0,0,0,0,0,0,0,0,0,0,0,0,0,0,0,0,0,0,0,0,0,0,0,0,0,0,0,0,0,0,0,0,0,0,0,0,0,0,0,0,0,0,0,0,0,0,0,0,0,0,,5184,434,76,47,0,0,0,0,0,0,47,0
291,580,9.7,12/23/2024 02:54:16,27.64,1543,0,0,0,1,136,647,394,129,73,46,24,13,17,10,5,6,2,8,6,2,6,1,2,0,0,1,2,1,1,3,0,0,1,0,1,1,0,1,1,1,0,0,0,0,0,1,0,0,0,0,0,0,0,0,0,0,0,0,0,0,0,0,0,0,0,0,0,0,0,0,0,0,0,0,0,0,0,0,0,0,0,0,0,0,0,0,0,0,0,0,0,0,0,0,0,0,0,0,0,0,0,0,,5246,358,62,22,0,0,0,0,0,0,22,0
292,582,9.7,12/23/2024 02:56:37,27.45,1387,0,0,0,0,102,633,385,102,61,38,16,18,5,7,3,2,4,3,0,0,1,2,0,1,1,1,1,0,0,1,0,0,0,0,0,0,0,0,0,0,0,0,0,0,0,0,0,0,0,0,0,0,0,0,0,0,0,0,0,0,0,0,0,0,0,0,0,0,0,0,0,0,0,0,0,0,0,0,0,0,0,0,0,0,0,0,0,0,0,0,0,0,0,0,0,0,0,0,0,0,0,0,,4871,215,29,0,0,0,0,0,0,0,0,0
293,584,9.7,12/23/2024 02:58:56,27.38,1676,0,0,0,0,100,702,444,146,92,46,25,19,20,13,8,5,5,7,4,5,2,2,2,2,3,2,4,4,1,3,0,2,3,1,0,0,0,1,0,0,1,0,2,0,0,0,0,0,0,0,0,0,0,0,0,0,0,0,0,0,0,0,0,0,0,0,0,0,0,0,0,0,0,0,0,0,0,0,0,0,0,0,0,0,0,0,0,0,0,0,0,0,0,0,0,0,0,0,0,0,0,0,,5679,413,91,29,0,0,0,0,0,0,29,0
294,586,9.8,12/23/2024 03:01:15,27.2,1456,0,0,0,0,128,602,386,108,80,36,20,13,9,15,5,3,5,3,3,4,3,2,2,1,2,2,1,3,0,1,2,4,0,1,1,1,0,2,0,2,1,1,1,0,1,0,0,0,0,0,2,0,0,0,0,0,0,0,0,0,0,0,0,0,0,0,0,0,0,0,0,0,0,0,0,0,0,0,0,0,0,0,0,0,0,0,0,0,0,0,0,0,0,0,0,0,0,0,0,0,0,0,,5000,305,70,51,7,7,0,0,0,0,66,0
295,588,9.8,12/23/2024 03:03:31,27.09,1544,0,0,0,0,97,647,384,120,78,37,29,21,14,13,10,6,6,7,5,5,5,2,5,3,4,2,3,3,5,2,2,5,4,1,1,2,2,2,2,1,3,1,1,0,2,0,0,0,1,0,0,0,0,0,0,1,0,0,0,0,0,0,0,0,0,0,0,0,0,0,0,0,0,0,0,0,0,0,0,0,0,0,0,0,0,0,0,0,0,0,0,0,0,0,0,0,0,0,0,0,0,0,,5138,447,133,92,4,4,0,0,0,0,100,0
296,590,9.8,12/23/2024 03:05:49,27.39,1467,0,0,0,0,108,612,382,106,76,54,18,11,21,10,7,6,4,5,4,6,4,5,4,3,2,2,1,1,1,0,1,2,1,1,1,1,1,3,0,0,1,0,0,0,1,0,0,0,0,0,0,1,0,0,0,0,0,0,0,0,0,0,0,0,0,0,0,0,0,0,0,0,0,0,0,0,0,0,0,0,0,0,0,0,0,0,0,0,0,0,0,0,0,0,0,0,0,0,0,0,0,0,,4951,350,88,44,4,4,0,0,0,0,51,0
297,592,9.9,12/23/2024 03:08:07,27.09,1163,0,0,0,0,87,518,330,79,49,21,23,11,7,9,4,2,3,1,2,3,0,0,1,0,2,3,1,1,2,0,0,0,0,0,0,0,0,1,0,1,0,0,0,1,0,0,1,0,0,0,0,0,0,0,0,0,0,0,0,0,0,0,0,0,0,0,0,0,0,0,0,0,0,0,0,0,0,0,0,0,0,0,0,0,0,0,0,0,0,0,0,0,0,0,0,0,0,0,0,0,0,0,,4086,240,37,7,0,0,0,0,0,0,7,0
298,594,9.9,12/23/2024 03:10:28,27.08,1198,0,0,0,0,104,496,313,105,59,34,20,13,11,8,9,2,4,5,0,1,1,3,1,0,2,1,2,0,3,0,0,0,0,0,0,0,0,1,0,0,0,0,0,0,0,0,0,0,0,0,0,0,0,0,0,0,0,0,0,0,0,0,0,0,0,0,0,0,0,0,0,0,0,0,0,0,0,0,0,0,0,0,0,0,0,0,0,0,0,0,0,0,0,0,0,0,0,0,0,0,0,0,,4177,273,48,4,0,0,0,0,0,0,4,0
299,596,9.9,12/23/2024 03:12:47,27.17,1339,0,0,0,0,102,581,353,104,75,30,24,10,15,7,6,8,1,3,0,4,0,0,1,2,0,2,0,0,0,0,1,2,1,2,0,0,3,1,0,1,0,0,0,0,0,0,0,0,0,0,0,0,0,0,0,0,0,0,0,0,0,0,0,0,0,0,0,0,0,0,0,0,0,0,0,0,0,0,0,0,0,0,0,0,0,0,0,0,0,0,0,0,0,0,0,0,0,0,0,0,0,0,,4671,287,22,40,0,0,0,0,0,0,40,0
300,598,10.0,12/23/2024 03:15:05,27.08,1321,0,0,0,0,99,547,374,100,62,41,21,15,8,8,2,3,4,4,3,2,3,2,4,0,3,2,2,2,2,2,1,0,0,0,2,0,0,0,0,1,1,0,1,0,0,0,0,0,0,0,0,0,0,0,0,0,0,0,0,0,0,0,0,0,0,0,0,0,0,0,0,0,0,0,0,0,0,0,0,0,0,0,0,0,0,0,0,0,0,0,0,0,0,0,0,0,0,0,0,0,0,0,,4594,270,85,18,0,0,0,0,0,0,18,0
301,600,10.0,12/23/2024 03:17:23,27.03,1374,0,0,0,0,96,586,368,127,77,26,19,10,7,6,4,4,3,2,3,1,3,1,4,0,3,3,2,0,1,3,1,1,1,2,1,1,1,2,0,1,0,0,0,0,0,1,1,0,1,1,0,0,0,0,0,0,0,0,0,0,0,0,0,0,0,0,0,0,0,0,0,0,0,0,0,0,0,0,0,0,0,0,0,0,0,0,0,0,0,0,0,0,0,0,0,0,0,0,0,0,0,0,,4806,229,78,41,0,0,0,0,0,0,41,0
302,602,10.0,12/23/2024 03:19:42,27.16,1203,0,0,0,0,105,515,307,87,67,28,17,16,11,11,4,6,6,5,2,0,3,3,0,0,1,1,1,0,1,0,1,1,2,1,0,1,0,0,0,0,0,0,0,0,0,0,0,0,0,0,0,0,0,0,0,0,0,0,0,0,0,0,0,0,0,0,0,0,0,0,0,0,0,0,0,0,0,0,0,0,0,0,0,0,0,0,0,0,0,0,0,0,0,0,0,0,0,0,0,0,0,0,,4146,298,41,22,0,0,0,0,0,0,22,0
303,604,10.1,12/23/2024 03:22:00,27.38,1559,0,0,0,0,131,673,399,128,60,44,28,18,11,12,4,9,6,4,1,4,1,2,1,2,2,0,4,0,1,2,3,0,0,1,0,1,1,0,1,1,2,1,0,0,0,1,0,0,0,0,0,0,0,0,0,0,0,0,0,0,0,0,0,0,0,0,0,0,0,0,0,0,0,0,0,0,0,0,0,0,0,0,0,0,0,0,0,0,0,0,0,0,0,0,0,0,0,0,0,0,0,0,,5343,358,66,37,0,0,0,0,0,0,37,0
304,606,10.1,12/23/2024 03:24:19,27.08,1229,0,0,0,0,96,519,339,86,60,36,21,15,10,8,3,7,5,3,6,4,0,1,2,0,0,0,1,1,0,2,0,0,1,0,2,0,0,0,0,0,0,0,0,1,0,0,0,0,0,0,0,0,0,0,0,0,0,0,0,0,0,0,0,0,0,0,0,0,0,0,0,0,0,0,0,0,0,0,0,0,0,0,0,0,0,0,0,0,0,0,0,0,0,0,0,0,0,0,0,0,0,0,,4273,303,26,11,0,0,0,0,0,0,11,0
305,608,10.1,12/23/2024 03:26:40,27.88,1351,0,0,0,0,99,611,340,97,57,37,27,15,9,12,5,9,3,8,4,1,3,0,0,0,0,0,0,0,1,3,2,0,1,1,1,0,0,0,1,0,1,0,1,1,0,0,0,0,1,0,0,0,0,0,0,0,0,0,0,0,0,0,0,0,0,0,0,0,0,0,0,0,0,0,0,0,0,0,0,0,0,0,0,0,0,0,0,0,0,0,0,0,0,0,0,0,0,0,0,0,0,0,,4548,344,32,25,0,0,0,0,0,0,25,0
306,610,10.2,12/23/2024 03:28:58,27.78,1570,0,0,0,1,124,632,424,96,70,38,23,14,15,6,9,5,7,9,10,3,5,7,7,10,2,4,1,5,2,2,3,4,6,3,2,4,3,4,1,3,4,0,0,0,0,1,0,0,0,0,0,0,0,0,0,0,0,0,0,0,0,0,0,0,0,0,0,0,0,1,0,0,0,0,0,0,0,0,0,0,0,0,0,0,0,0,0,0,0,0,0,0,0,0,0,0,0,0,0,0,0,0,,5068,382,173,133,0,0,4,0,0,0,137,0
307,612,10.2,12/23/2024 03:31:19,27.81,1285,0,0,0,0,92,522,349,107,54,24,34,18,17,9,6,7,4,3,1,3,1,0,3,0,4,5,1,4,1,1,3,0,1,1,1,0,2,1,1,3,0,1,0,0,0,1,0,0,0,0,0,0,0,0,0,0,0,0,0,0,0,0,0,0,0,0,0,0,0,0,0,0,0,0,0,0,0,0,0,0,0,0,0,0,0,0,0,0,0,0,0,0,0,0,0,0,0,0,0,0,0,0,,4250,370,83,47,0,0,0,0,0,0,47,0
308,614,10.2,12/23/2024 03:33:40,27.72,1590,0,0,0,0,128,643,465,110,66,33,31,13,14,14,15,8,6,5,4,3,3,4,1,1,3,1,2,0,0,2,2,2,1,1,0,0,1,1,1,1,0,1,0,1,0,1,1,0,0,1,0,0,0,0,0,0,0,0,0,0,0,0,0,0,0,0,0,0,0,0,0,0,0,0,0,0,0,0,0,0,0,0,0,0,0,0,0,0,0,0,0,0,0,0,0,0,0,0,0,0,0,0,,5325,418,69,36,0,0,0,0,0,0,36,0
309,616,10.3,12/23/2024 03:35:57,27.78,2161,0,0,0,0,154,805,503,150,86,54,44,37,26,21,11,19,15,17,14,10,14,11,15,12,11,13,7,6,7,6,6,9,5,6,6,4,11,5,7,6,0,2,4,4,2,5,2,0,1,0,1,2,0,1,0,0,0,0,0,1,2,0,0,0,0,0,1,0,0,0,0,0,0,0,0,0,0,0,0,0,0,0,0,0,0,0,0,0,0,0,0,0,0,0,0,0,0,0,0,0,0,0,,6465,821,389,234,25,25,11,0,0,0,295,0
310,618,10.3,12/23/2024 03:38:15,27.61,1804,0,0,0,0,121,695,435,127,108,55,40,23,23,14,12,9,6,11,12,9,4,9,5,6,2,3,4,4,8,7,6,9,3,2,3,5,2,6,2,4,1,1,2,1,0,1,0,1,0,0,0,1,0,0,0,0,1,0,1,0,0,0,0,0,0,0,0,0,0,0,0,0,0,0,0,0,0,0,0,0,0,0,0,0,0,0,0,0,0,0,0,0,0,0,0,0,0,0,0,0,0,0,,5726,590,210,156,11,11,0,0,0,0,177,0
311,620,10.3,12/23/2024 03:40:36,27.44,1695,0,0,0,0,134,668,454,124,85,53,26,21,19,20,8,5,14,3,6,6,4,5,4,1,7,1,4,1,1,2,1,0,1,1,1,2,1,2,2,2,1,0,0,2,0,1,2,0,0,0,0,0,0,0,0,0,0,0,0,0,0,0,0,0,0,0,0,0,0,0,0,0,0,0,0,0,0,0,0,0,0,0,0,0,0,0,0,0,0,0,0,0,0,0,0,0,0,0,0,0,0,0,,5627,481,113,51,0,0,0,0,0,0,51,0
312,622,10.4,12/23/2024 03:42:53,27.33,1839,0,0,0,0,125,683,413,156,72,62,47,23,21,14,17,8,18,15,4,9,8,11,20,6,7,4,3,5,5,6,6,5,4,6,7,2,9,7,5,3,3,3,3,3,4,2,1,1,0,2,0,0,0,0,0,0,1,0,0,0,0,0,0,0,0,0,0,0,0,0,0,0,0,0,0,0,0,0,0,0,0,0,0,0,0,0,0,0,0,0,0,0,0,0,0,0,0,0,0,0,0,0,,5701,673,296,209,4,4,0,0,0,0,216,0
313,624,10.4,12/23/2024 03:45:13,27.48,1307,0,0,0,0,106,515,370,109,75,28,28,15,10,13,4,2,3,8,3,1,4,2,2,2,1,1,2,0,0,1,0,0,1,0,0,1,0,0,0,0,0,0,0,0,0,0,0,0,0,0,0,0,0,0,0,0,0,0,0,0,0,0,0,0,0,0,0,0,0,0,0,0,0,0,0,0,0,0,0,0,0,0,0,0,0,0,0,0,0,0,0,0,0,0,0,0,0,0,0,0,0,0,,4480,331,55,7,0,0,0,0,0,0,7,0
314,626,10.4,12/23/2024 03:47:31,27.36,1829,0,0,0,0,139,720,454,143,96,43,34,17,16,18,9,6,7,9,6,8,6,5,4,7,13,5,4,4,5,4,2,4,8,3,3,1,2,4,1,6,3,4,2,1,0,0,0,1,0,0,0,0,0,0,0,0,1,0,1,0,0,0,0,0,0,0,0,0,0,0,0,0,0,0,0,0,0,0,0,0,0,0,0,0,0,0,0,0,0,0,0,0,0,0,0,0,0,0,0,0,0,0,,5954,497,216,135,7,7,0,0,0,0,150,0
315,628,10.5,12/23/2024 03:49:49,27.05,1584,0,0,0,0,122,650,433,119,78,45,29,22,16,12,2,8,5,8,4,2,2,1,0,0,1,1,2,0,1,2,1,1,2,2,2,0,0,1,2,1,2,2,0,0,1,0,0,1,1,0,0,0,0,0,0,0,0,0,0,0,0,0,0,0,0,0,0,0,0,0,0,0,0,0,0,0,0,0,0,0,0,0,0,0,0,0,0,0,0,0,0,0,0,0,0,0,0,0,0,0,0,0,,5457,407,41,52,0,0,0,0,0,0,52,0
316,630,10.5,12/23/2024 03:52:06,27.11,1580,0,0,0,0,111,622,404,129,77,46,38,22,9,11,9,13,8,8,6,5,6,10,2,4,4,2,3,0,2,5,2,1,1,1,0,0,3,1,5,3,2,1,1,0,0,1,1,0,0,0,0,0,0,0,0,0,0,0,0,1,0,0,0,0,0,0,0,0,0,0,0,0,0,0,0,0,0,0,0,0,0,0,0,0,0,0,0,0,0,0,0,0,0,0,0,0,0,0,0,0,0,0,,5264,498,148,70,4,4,0,0,0,0,77,0
317,632,10.5,12/23/2024 03:54:24,26.97,1621,0,0,0,0,116,635,424,141,67,41,32,23,22,10,10,11,5,6,3,4,4,3,6,3,3,3,8,3,4,3,3,1,3,1,1,2,8,1,1,1,1,0,2,1,1,1,1,0,0,0,0,0,0,0,1,0,0,0,1,0,0,0,0,0,0,0,0,0,0,0,0,0,0,0,0,0,0,0,0,0,0,0,0,0,0,0,0,0,0,0,0,0,0,0,0,0,0,0,0,0,0,0,,5399,482,159,85,7,7,0,0,0,0,100,0
318,634,10.6,12/23/2024 03:56:42,27.53,1688,0,0,0,0,106,678,404,116,77,39,31,25,15,11,9,1,12,10,3,8,6,8,8,10,4,7,7,5,7,7,12,6,4,10,3,4,4,8,5,3,2,2,3,3,1,1,1,0,0,0,0,0,0,0,0,0,0,1,0,0,0,0,0,0,0,0,0,0,0,1,0,0,0,0,0,0,0,0,0,0,0,0,0,0,0,0,0,0,0,0,0,0,0,0,0,0,0,0,0,0,0,0,,5271,476,294,222,4,4,4,0,0,0,232,0
319,636,10.6,12/23/2024 03:58:59,27,1350,0,0,0,0,91,538,361,102,65,37,23,14,9,10,8,5,4,3,6,3,3,3,3,4,5,2,3,5,4,3,3,2,2,4,6,1,2,4,1,0,0,0,1,0,3,1,1,2,0,0,0,0,2,0,0,0,0,0,1,0,0,0,0,0,0,0,0,0,0,0,0,0,0,0,0,0,0,0,0,0,0,0,0,0,0,0,0,0,0,0,0,0,0,0,0,0,0,0,0,0,0,0,,4507,326,141,93,11,11,0,0,0,0,115,0
320,638,10.6,12/23/2024 04:01:16,27.25,1580,0,0,0,0,123,623,395,116,68,29,15,15,14,13,11,11,8,10,9,8,4,6,5,6,10,4,6,2,7,4,4,3,5,5,4,3,2,6,5,4,3,4,4,1,1,0,0,1,0,1,0,2,0,0,0,0,0,0,0,0,0,0,0,0,0,0,0,0,0,0,0,0,0,0,0,0,0,0,0,0,0,0,0,0,0,0,0,0,0,0,0,0,0,0,0,0,0,0,0,0,0,0,,5024,433,213,161,7,7,0,0,0,0,176,0
321,640,10.7,12/23/2024 04:03:34,27.34,1377,0,0,0,0,102,552,341,116,69,30,29,6,14,5,11,9,6,3,7,2,5,6,1,4,2,5,4,5,3,4,4,4,5,2,1,2,4,1,0,0,1,2,2,1,0,2,1,1,0,0,0,0,0,0,0,1,0,1,0,0,0,0,1,0,0,0,0,0,0,0,0,0,0,0,0,0,0,0,0,0,0,0,0,0,0,0,0,0,0,0,0,0,0,0,0,0,0,0,0,0,0,0,,4532,355,157,88,7,7,4,0,0,0,106,0
322,642,10.7,12/23/2024 04:05:55,27.44,1416,0,0,0,0,110,581,368,104,63,31,23,19,16,9,8,6,2,4,4,5,4,7,1,2,4,2,3,4,2,0,2,5,0,4,4,1,4,3,1,2,0,1,0,1,3,1,0,1,0,1,0,0,0,0,0,0,0,0,0,0,0,0,0,0,0,0,0,0,0,0,0,0,0,0,0,0,0,0,0,0,0,0,0,0,0,0,0,0,0,0,0,0,0,0,0,0,0,0,0,0,0,0,,4665,364,113,95,0,0,0,0,0,0,95,0
323,644,10.7,12/23/2024 04:08:13,27.49,1468,0,0,0,0,124,608,359,99,54,25,24,20,8,15,12,10,7,6,8,9,6,5,3,5,4,5,2,4,1,3,7,2,2,2,3,2,4,3,3,1,2,5,1,1,0,0,1,0,0,1,0,0,0,0,0,0,0,0,1,0,0,0,0,0,0,0,1,0,0,0,0,0,0,0,0,0,0,0,0,0,0,0,0,0,0,0,0,0,0,0,0,0,0,0,0,0,0,0,0,0,0,0,,4704,455,164,113,4,4,4,0,0,0,124,0
324,646,10.8,12/23/2024 04:10:31,27.75,1500,0,0,0,0,111,600,410,104,69,40,34,23,12,9,7,5,3,5,3,6,2,6,1,5,4,4,5,3,3,2,2,3,1,3,5,0,0,2,0,3,1,2,0,1,1,0,0,0,0,0,0,0,0,0,0,0,0,0,0,0,0,0,0,0,0,0,0,0,0,0,0,0,0,0,0,0,0,0,0,0,0,0,0,0,0,0,0,0,0,0,0,0,0,0,0,0,0,0,0,0,0,0,,4930,393,133,72,0,0,0,0,0,0,72,0
325,648,10.8,12/23/2024 04:12:47,27.66,1847,0,0,0,0,111,667,403,150,64,53,29,26,26,16,19,16,8,15,10,7,13,17,10,16,10,15,9,6,13,11,11,15,7,8,3,9,3,10,4,3,8,2,5,4,3,0,1,0,0,2,2,0,1,0,0,0,1,1,1,0,0,0,0,0,0,0,0,1,0,0,2,0,0,0,0,0,0,0,0,0,0,0,0,0,0,0,0,0,0,0,0,0,0,0,0,0,0,0,0,0,0,0,,5340,669,474,293,22,22,11,7,0,0,354,0
326,650,10.8,12/23/2024 04:15:05,28.11,2077,0,0,0,0,141,759,454,157,85,40,47,34,26,32,14,10,17,18,16,15,15,14,5,8,12,10,8,13,9,7,10,8,8,12,15,3,6,11,3,5,4,1,3,1,3,6,1,1,1,1,0,2,1,0,2,1,1,0,0,0,0,0,0,0,0,0,0,0,0,0,0,1,0,0,0,0,0,0,0,0,0,0,0,0,0,0,0,0,0,0,0,0,0,0,0,0,0,0,0,0,0,0,,5987,868,395,302,25,25,0,4,0,0,356,0
327,652,10.9,12/23/2024 04:17:28,28.19,1677,0,0,0,0,136,695,419,122,75,33,37,26,19,10,18,14,10,6,4,2,3,4,6,2,3,4,0,1,1,6,3,2,1,2,1,2,1,3,1,0,1,1,1,2,0,0,0,0,0,0,0,0,0,0,0,0,0,0,0,0,0,0,0,0,0,0,0,0,0,0,0,0,0,0,0,0,0,0,0,0,0,0,0,0,0,0,0,0,0,0,0,0,0,0,0,0,0,0,0,0,0,0,,5381,529,117,60,0,0,0,0,0,0,60,0
328,654,10.9,12/23/2024 04:19:48,27.92,2230,0,0,0,1,149,782,501,170,91,64,40,35,34,24,17,22,18,15,21,11,15,12,8,13,12,14,13,9,15,11,10,8,8,12,8,11,5,4,8,1,3,4,7,5,1,3,3,1,1,3,2,2,1,1,1,0,0,0,0,0,0,0,0,0,0,0,0,0,0,0,0,0,0,0,0,0,0,0,0,0,0,0,0,0,0,0,0,0,0,0,0,0,0,0,0,0,0,0,0,0,0,0,,6440,903,473,279,25,25,0,0,0,0,330,0
329,656,10.9,12/23/2024 04:22:06,27.64,1978,0,0,0,1,150,723,484,156,97,49,42,20,23,22,22,8,15,15,6,10,12,8,5,9,7,9,8,5,3,4,5,4,6,8,2,4,5,4,3,3,0,3,2,2,0,2,3,3,1,0,1,1,0,0,0,0,0,1,0,0,0,0,0,0,0,1,0,1,0,0,0,0,0,0,0,0,0,0,0,0,0,0,0,0,0,0,0,0,0,0,0,0,0,0,0,0,0,0,0,0,0,0,,6158,705,271,159,11,11,7,0,0,0,188,0
330,658,11.0,12/23/2024 04:24:27,27.58,1466,0,0,0,0,111,577,389,118,75,42,15,25,12,8,14,5,7,9,8,5,4,2,4,2,7,3,4,2,2,3,0,3,1,1,1,2,2,1,0,0,0,0,1,1,0,0,0,0,0,0,0,0,0,0,0,0,0,0,0,0,0,0,0,0,0,0,0,0,0,0,0,0,0,0,0,0,0,0,0,0,0,0,0,0,0,0,0,0,0,0,0,0,0,0,0,0,0,0,0,0,0,0,,4811,406,120,40,0,0,0,0,0,0,40,0
331,660,11.0,12/23/2024 04:26:46,27.97,2116,0,0,0,0,148,776,486,153,89,48,38,29,25,20,24,16,11,9,12,10,12,12,12,9,9,17,9,6,10,10,10,13,12,5,5,12,8,4,5,8,2,6,5,4,0,2,2,2,0,1,1,1,2,0,2,0,0,0,1,0,0,0,0,0,0,0,0,1,0,1,0,0,0,0,0,1,0,0,0,0,0,0,0,0,0,0,0,0,0,0,0,0,0,0,0,0,0,0,0,0,0,0,,6214,737,415,300,25,25,7,4,0,0,361,0
332,662,11.0,12/23/2024 04:29:03,27.49,1693,0,0,0,0,115,667,413,100,69,34,31,26,14,18,12,12,6,11,14,17,4,5,11,15,12,6,6,8,10,4,4,3,3,4,7,2,4,4,4,2,2,6,1,0,0,1,0,0,1,0,1,0,1,0,0,0,0,0,1,1,0,0,0,0,0,0,0,0,0,1,0,0,0,0,0,0,0,0,0,0,0,0,0,0,0,0,0,0,0,0,0,0,0,0,0,0,0,0,0,0,0,0,,5198,600,309,142,15,15,4,0,0,0,175,0
333,664,11.1,12/23/2024 04:31:20,27.42,2277,0,0,0,0,127,769,506,187,93,53,49,29,36,30,23,19,16,15,16,17,15,14,18,12,13,24,16,17,13,11,5,11,12,11,12,6,9,7,5,10,7,4,7,7,5,4,2,3,0,2,0,2,0,1,0,1,0,0,1,0,1,0,0,1,0,1,0,0,0,1,0,1,0,0,0,0,0,0,0,0,0,0,0,0,0,0,0,0,0,0,0,0,0,0,0,0,0,0,0,0,0,0,,6506,966,576,346,22,22,15,4,0,0,408,0
334,666,11.1,12/23/2024 04:33:41,27.39,1846,0,0,0,0,125,764,458,151,83,47,35,25,14,13,9,9,8,8,9,7,5,7,1,8,2,2,5,1,5,4,3,1,5,1,2,6,4,2,2,5,1,0,2,2,0,1,0,1,0,1,0,0,0,0,1,0,0,0,0,0,0,0,0,0,1,0,0,0,0,0,0,0,0,0,0,0,0,0,0,0,0,0,0,0,0,0,0,0,0,0,0,0,0,0,0,0,0,0,0,0,0,0,,6072,518,157,117,4,4,4,0,0,0,128,0
335,668,11.1,12/23/2024 04:35:59,27.38,2086,0,0,0,0,169,760,479,151,88,60,46,20,20,22,15,12,18,15,11,9,5,12,14,10,6,8,7,10,10,10,7,3,9,7,9,4,7,11,6,8,4,4,2,2,4,2,1,1,1,1,2,0,1,0,0,0,0,0,0,0,0,0,1,0,0,0,0,0,0,0,0,0,0,1,0,1,0,0,0,0,0,0,0,0,0,0,0,0,0,0,0,0,0,0,0,0,0,0,0,0,0,0,,6402,705,362,274,11,11,4,7,0,0,307,0
336,670,11.2,12/23/2024 04:38:15,27.69,2531,0,0,0,0,172,855,486,188,98,70,46,40,29,34,18,20,27,17,20,20,28,16,16,13,21,22,19,21,19,15,17,21,11,18,14,9,3,19,6,12,8,6,4,8,7,6,2,2,4,3,1,5,6,0,1,2,2,0,0,0,0,0,0,2,0,0,0,0,1,0,0,1,0,0,0,0,0,0,0,0,0,0,0,0,0,0,0,0,0,0,0,0,0,0,0,0,0,0,0,0,0,0,,6916,1080,748,498,61,61,11,4,0,0,636,0
337,672,11.2,12/23/2024 04:40:35,27.78,2148,0,0,0,0,169,821,505,190,85,51,39,33,21,19,13,11,10,12,10,9,14,8,7,8,4,6,11,5,7,2,2,10,10,10,4,8,3,5,3,2,2,3,3,1,1,2,1,0,1,0,1,1,0,2,0,0,0,0,0,0,0,1,0,0,0,1,0,0,0,1,0,0,0,0,0,0,0,0,0,0,0,0,0,0,0,0,0,0,0,0,0,0,0,0,0,0,0,0,0,0,0,0,,6695,688,266,212,14,14,11,0,0,0,252,0
338,674,11.2,12/23/2024 04:42:55,27.59,2690,0,0,0,1,201,890,539,172,101,62,50,37,32,37,18,31,33,25,31,17,20,22,28,16,17,25,21,22,13,25,15,15,13,16,19,16,12,8,14,10,13,6,11,6,4,5,2,1,2,0,0,1,3,1,0,1,1,2,1,0,1,2,0,0,0,0,1,0,0,1,0,0,0,1,0,0,0,0,0,0,0,0,0,0,0,0,0,0,0,0,0,0,0,0,0,0,0,0,0,0,0,0,,7307,1200,812,547,40,40,18,4,0,0,649,0
339,676,11.3,12/23/2024 04:45:10,27.73,2820,0,0,0,0,166,833,520,221,105,70,73,48,43,36,29,41,32,22,28,28,30,39,25,26,18,15,21,24,20,25,23,21,16,17,17,13,20,15,19,13,9,8,7,15,5,10,7,5,5,2,0,3,2,5,3,2,1,3,3,1,1,1,1,4,0,0,0,0,3,0,0,0,0,0,1,1,0,0,0,0,0,0,0,0,0,0,0,0,0,0,0,0,0,0,0,0,0,0,0,0,0,0,,7169,1479,959,660,87,87,36,7,0,0,876,0
340,678,11.3,12/23/2024 04:47:33,27.5,1830,0,0,0,0,126,789,457,144,70,42,29,22,22,17,5,11,7,3,3,4,3,3,3,4,5,3,7,5,5,0,2,4,6,3,5,3,3,5,2,2,0,1,1,0,1,0,2,1,0,0,0,0,0,0,0,0,0,0,0,0,0,0,0,0,0,0,0,0,0,0,0,0,0,0,0,0,0,0,0,0,0,0,0,0,0,0,0,0,0,0,0,0,0,0,0,0,0,0,0,0,0,0,,6025,458,145,127,0,0,0,0,0,0,127,0
341,680,11.3,12/23/2024 04:49:51,27.64,2477,0,0,0,0,170,805,526,169,100,60,47,39,35,47,37,22,17,18,26,24,23,17,21,22,19,12,9,8,15,22,7,12,10,8,15,10,9,13,8,10,9,6,7,5,5,6,1,4,1,6,2,3,1,2,0,1,1,1,0,0,1,0,1,0,0,0,0,0,1,1,0,0,0,0,0,0,0,0,0,0,0,0,0,0,0,0,0,0,0,0,0,0,0,0,0,0,0,0,0,0,0,0,,6791,1212,633,402,43,43,14,0,0,0,503,0
342,682,11.4,12/23/2024 04:52:10,27.58,2175,0,0,0,0,165,754,453,169,99,41,44,31,26,19,28,14,18,10,13,23,20,11,16,14,13,14,19,6,4,7,11,10,10,13,9,8,10,10,5,7,7,8,4,4,3,6,2,1,1,1,3,0,0,0,0,1,2,1,0,0,0,3,0,0,0,0,0,0,1,1,0,0,0,1,1,0,0,0,0,0,0,0,0,0,0,0,0,0,0,0,0,0,0,0,0,0,0,0,0,0,0,0,,6255,892,489,363,25,25,18,7,0,0,439,0
343,684,11.4,12/23/2024 04:54:27,27.56,3078,0,0,0,0,189,926,596,220,124,74,72,57,46,37,28,34,35,33,28,28,25,34,30,17,20,27,18,35,30,24,25,18,30,18,13,15,12,17,13,13,17,10,13,9,9,6,12,3,3,7,3,0,6,2,2,1,2,2,1,1,3,2,1,1,0,0,0,1,0,0,0,0,0,0,0,0,0,0,0,0,0,0,0,0,0,0,0,0,0,0,0,0,0,0,0,0,0,0,0,0,0,0,,7986,1535,1034,693,83,83,29,0,0,0,889,0
344,686,11.4,12/23/2024 04:56:46,27.97,2650,0,0,0,0,168,913,585,188,97,78,51,40,32,26,38,24,28,19,28,20,14,16,11,22,14,19,14,16,12,9,15,12,9,14,6,15,15,15,11,11,3,7,5,3,3,1,4,3,2,2,2,2,1,0,0,0,0,1,0,2,0,0,1,0,0,0,1,0,0,1,1,0,0,0,0,0,0,0,0,0,0,0,0,0,0,0,0,0,0,0,0,0,0,0,0,0,0,0,0,0,0,0,,7437,1144,579,450,29,29,14,4,0,0,526,0
345,688,11.5,12/23/2024 04:59:05,28.55,3196,0,0,0,0,197,984,604,208,138,78,73,59,43,41,33,42,46,32,27,36,43,26,28,35,36,33,26,28,25,28,17,21,18,17,16,17,11,12,16,9,10,15,8,5,6,5,2,4,3,5,3,3,0,2,1,3,4,1,3,2,0,2,1,0,0,1,0,0,1,1,0,0,1,1,0,0,0,0,0,0,0,0,0,0,0,0,0,0,0,0,0,0,0,0,0,0,0,0,0,0,0,0,,7993,1664,1138,574,77,77,21,7,0,0,757,0
346,690,11.5,12/23/2024 05:01:26,28.61,3657,0,0,0,0,218,1120,687,238,151,81,76,65,61,48,48,50,38,37,39,36,26,51,24,36,36,39,39,33,23,32,21,20,28,23,15,21,20,7,15,15,15,14,12,13,7,8,2,5,5,3,4,4,6,5,5,2,0,3,4,4,1,2,1,0,3,2,3,2,1,2,0,1,0,0,0,0,0,1,0,0,0,0,0,0,0,0,0,0,0,0,0,0,0,0,0,0,0,0,0,0,0,0,,8986,1832,1258,699,133,133,59,7,0,0,1031,0
347,692,11.5,12/23/2024 05:03:43,28.42,5461,0,0,0,0,320,1467,849,350,172,143,127,105,121,88,81,84,76,64,62,66,60,55,74,69,69,69,70,66,70,54,58,49,46,39,47,29,33,34,29,26,20,12,17,12,15,11,13,14,8,7,7,5,7,7,5,8,6,7,6,4,3,5,5,4,2,4,2,5,2,1,1,1,3,2,1,2,0,2,2,0,2,0,0,0,0,0,0,0,0,0,0,0,0,0,0,0,0,0,0,0,0,0,,12062,3286,2512,1443,229,229,120,56,7,0,2083,0
348,694,11.6,12/23/2024 05:06:05,28.38,2882,0,0,0,1,195,967,640,191,126,63,58,33,53,36,33,27,37,30,15,24,21,29,21,23,15,19,14,17,18,18,14,12,17,11,13,8,9,7,8,8,6,7,5,4,4,2,1,1,0,1,2,1,3,0,2,1,1,0,2,1,2,0,0,0,0,0,1,0,1,2,0,0,0,0,0,1,0,0,0,0,0,0,0,0,0,0,0,0,0,0,0,0,0,0,0,0,0,0,0,0,0,0,,7896,1293,736,398,53,53,21,4,0,0,529,0
349,696,11.6,12/23/2024 05:08:26,28.42,2719,0,0,0,0,217,880,540,195,118,85,71,41,29,34,38,28,21,23,18,21,19,20,21,16,23,18,12,14,22,18,12,16,15,14,8,18,13,7,11,7,13,5,7,5,3,7,1,2,3,1,1,1,1,0,0,0,0,1,2,0,0,0,1,0,0,0,0,0,0,0,0,0,0,2,0,0,0,0,0,0,0,0,0,0,0,0,0,0,0,0,0,0,0,0,0,0,0,0,0,0,0,0,,7410,1207,686,471,21,21,4,7,0,0,524,0
350,698,11.6,12/23/2024 05:10:44,27.92,2913,0,0,0,0,244,1070,553,191,100,49,40,49,35,29,34,31,42,32,22,27,22,26,23,21,29,18,14,15,9,14,10,13,12,13,15,18,10,12,8,9,11,9,6,2,5,3,2,2,0,0,1,2,1,0,0,0,1,1,1,0,0,1,1,0,0,0,1,0,0,1,0,1,1,1,0,0,0,0,0,0,0,0,0,0,0,0,0,0,0,0,0,0,0,0,0,0,0,0,0,0,0,0,,8048,1300,720,469,25,25,14,11,0,0,544,0
351,700,11.7,12/23/2024 05:13:03,28.09,2652,0,0,0,1,182,884,552,163,120,67,51,34,31,23,33,23,22,22,21,15,19,18,24,16,21,20,11,22,17,23,22,11,19,23,13,19,11,11,7,9,11,6,7,7,3,5,3,3,4,1,2,2,1,1,3,0,1,1,0,2,1,1,0,0,1,0,0,1,0,1,0,0,0,0,0,1,1,1,0,0,1,0,0,0,0,0,0,0,0,0,0,0,0,0,0,0,0,0,0,0,0,0,,7191,1047,758,555,50,50,18,14,4,0,691,0
352,702,11.7,12/23/2024 05:15:22,27.78,3130,0,0,0,0,201,1046,597,207,130,73,45,47,44,55,34,38,26,21,24,29,20,32,25,22,25,23,25,24,29,16,27,23,20,15,24,14,9,8,16,17,10,14,10,5,4,4,5,7,5,1,0,2,1,3,2,3,1,2,2,3,1,2,2,0,3,1,0,1,1,0,0,0,1,0,0,1,1,0,0,0,1,0,0,0,0,0,0,0,0,0,0,0,0,0,0,0,0,0,0,0,0,0,,8276,1379,965,659,72,72,40,14,4,0,860,0
353,704,11.7,12/23/2024 05:17:40,27.95,4402,0,0,0,0,226,1100,758,323,165,130,95,75,74,73,86,67,47,47,59,67,53,44,52,44,55,51,36,44,34,39,33,43,35,32,29,34,27,28,27,23,25,21,16,20,10,6,14,11,10,10,10,7,8,8,5,7,6,9,7,2,2,5,2,4,3,1,0,2,5,4,0,2,1,0,1,1,0,1,0,1,0,0,0,0,0,0,0,0,0,0,0,0,0,0,0,0,0,0,0,0,0,0,,10007,2658,1735,1202,254,254,100,25,0,0,1835,0
354,706,11.8,12/23/2024 05:19:59,27.95,3151,0,0,0,0,256,1201,585,177,115,67,53,55,35,40,42,33,30,17,35,17,25,31,16,17,10,17,23,26,21,11,22,14,13,14,14,21,13,10,12,3,6,4,6,8,1,0,4,2,3,3,2,2,1,2,0,2,1,2,0,0,0,0,1,0,1,0,0,1,1,0,1,1,2,0,0,0,1,1,1,0,0,0,0,0,0,0,0,0,0,0,0,0,0,0,0,0,0,0,0,0,0,0,,8780,1367,784,508,43,43,18,25,0,0,637,0
355,708,11.8,12/23/2024 05:22:18,27.78,3609,0,0,0,0,268,1246,665,208,109,90,72,56,54,41,40,35,42,31,39,36,32,20,26,29,20,25,22,31,29,18,26,27,17,24,28,22,19,22,11,20,14,12,8,4,9,4,3,6,3,1,4,1,0,1,3,3,1,4,4,2,2,1,3,1,2,3,0,1,0,0,1,2,1,0,1,1,0,0,1,1,0,0,1,0,0,0,0,0,0,0,0,0,0,0,0,0,0,0,0,0,0,0,,9568,1721,1001,828,90,90,50,29,4,0,1091,0
356,710,11.8,12/23/2024 05:24:36,27.78,4066,0,0,0,0,274,1238,730,208,136,93,86,48,65,49,47,45,37,45,41,43,34,38,37,56,43,38,43,47,47,36,39,35,19,38,30,34,25,21,23,18,24,11,13,11,9,7,7,12,1,4,5,4,3,3,4,8,4,1,5,8,6,4,4,4,4,1,0,3,1,1,3,1,0,0,0,1,0,2,1,0,0,0,0,0,0,0,0,0,0,0,0,0,0,0,0,0,0,0,0,0,0,0,,9953,1944,1649,1102,184,184,112,29,0,0,1609,0
357,712,11.9,12/23/2024 05:26:57,27.98,2952,0,0,0,0,202,1049,600,207,106,71,50,48,41,27,31,27,24,22,25,25,26,23,29,21,24,14,15,22,15,13,10,21,10,16,14,11,14,7,12,9,8,6,6,11,11,4,4,4,2,1,0,0,0,0,2,1,0,0,1,4,0,0,2,2,0,0,0,0,0,0,1,1,0,0,0,0,0,0,0,0,0,0,0,0,0,0,0,0,0,0,0,0,0,0,0,0,0,0,0,0,0,0,,8167,1237,758,472,29,29,18,7,0,0,554,0
358,714,11.9,12/23/2024 05:29:16,27.92,3828,0,0,0,0,309,1376,752,218,122,79,69,49,51,52,47,33,35,35,39,38,33,26,30,31,27,27,29,21,23,18,19,21,20,19,16,13,12,11,16,10,12,13,16,5,8,6,2,5,1,3,3,1,1,3,1,2,1,2,0,1,3,2,1,0,0,0,3,1,3,0,1,1,0,0,1,0,0,0,0,0,0,0,0,0,0,0,0,0,0,0,0,0,0,0,0,0,0,0,0,0,0,0,,10476,1723,1017,605,64,64,50,11,0,0,795,0
359,716,11.9,12/23/2024 05:31:34,28.03,2456,0,0,0,0,192,954,496,165,79,57,50,29,33,32,17,26,16,20,23,11,15,20,17,15,10,15,11,16,12,8,12,16,9,5,7,7,6,7,4,11,6,4,6,4,1,1,1,1,0,1,1,0,0,0,0,0,0,0,1,0,0,1,0,1,0,0,0,0,0,1,1,0,0,1,0,1,0,0,0,0,0,0,0,0,0,0,0,0,0,0,0,0,0,0,0,0,0,0,0,0,0,0,,7110,970,539,321,7,7,14,11,0,0,360,0
360,718,12.0,12/23/2024 05:33:50,28.02,3937,0,0,0,1,291,1294,721,237,146,71,70,50,67,54,47,48,48,38,38,30,38,34,30,34,25,27,27,24,27,28,33,28,27,36,26,20,24,20,19,16,19,16,14,10,5,6,4,4,5,3,2,4,3,3,2,4,6,0,2,3,2,2,2,3,3,3,0,0,2,1,1,1,2,1,1,1,1,2,0,0,0,0,0,0,0,0,0,0,0,0,0,0,0,0,0,0,0,0,0,0,0,0,,10103,1884,1167,956,111,111,68,36,0,0,1281,0
361,720,12.0,12/23/2024 05:36:07,28.31,3245,0,0,0,0,254,1099,614,215,106,75,77,51,42,38,41,34,32,35,37,22,28,27,27,24,22,22,28,24,24,22,23,11,19,9,24,15,17,15,10,7,9,2,7,7,6,2,2,4,6,2,0,0,0,2,3,1,1,1,2,2,0,1,1,1,2,0,3,0,1,2,1,0,0,0,1,2,0,0,0,0,1,0,0,0,0,0,0,0,0,0,0,0,0,0,0,0,0,0,0,0,0,0,,8619,1544,957,562,42,42,42,18,4,0,710,0
362,722,12.0,12/23/2024 05:38:26,28.39,4625,0,0,0,0,317,1558,818,270,148,92,94,65,72,72,53,61,42,50,46,44,42,43,43,34,45,40,42,44,38,32,35,36,30,28,20,23,23,14,17,20,6,16,13,4,15,10,6,6,8,5,5,2,10,4,2,4,5,6,1,2,2,1,0,3,5,2,4,4,1,3,5,4,1,2,1,2,1,1,0,0,1,1,0,0,0,0,0,0,0,0,0,0,0,0,0,0,0,0,0,0,0,0,,11613,2258,1543,888,151,151,106,63,7,0,1367,0
363,724,12.1,12/23/2024 05:40:45,28.88,4275,0,0,0,1,306,1438,797,242,154,100,85,62,58,43,57,61,45,48,46,54,53,44,36,32,32,34,31,22,37,32,36,24,26,26,20,21,17,6,15,12,10,7,10,8,6,7,6,3,5,5,1,5,3,2,8,1,5,2,3,1,3,3,0,2,1,1,2,1,0,0,3,3,2,1,0,1,0,1,0,0,0,0,0,0,0,0,0,0,0,0,0,0,0,0,0,0,0,0,0,0,0,0,,10814,2119,1347,738,118,118,55,38,0,0,1066,0
364,726,12.1,12/23/2024 05:43:03,28.67,3844,0,0,0,1,284,1304,766,207,129,83,83,48,48,55,46,48,44,39,39,40,34,32,31,18,38,33,34,25,27,22,28,27,20,22,17,23,12,22,9,11,14,9,7,8,7,4,4,2,7,1,3,4,0,4,1,2,0,1,1,0,0,1,0,1,1,0,1,0,1,0,2,2,0,0,0,1,1,2,1,1,1,0,0,0,0,0,0,0,0,0,0,0,0,0,0,0,0,0,0,0,0,0,,9965,1828,1123,715,56,56,24,38,3,0,893,0
365,728,12.1,12/23/2024 05:45:22,28.38,3906,0,0,0,0,248,1127,719,257,146,89,78,77,47,63,49,49,46,33,37,52,59,31,53,49,44,43,30,31,35,37,23,34,22,24,31,24,23,16,20,17,15,16,8,9,6,3,6,7,2,2,6,9,2,5,4,3,3,0,6,3,5,2,4,3,0,0,0,3,0,0,0,1,2,0,2,0,1,1,0,1,2,0,1,0,0,0,0,0,0,0,0,0,0,0,0,0,0,0,0,0,0,0,,9387,2079,1533,877,162,162,60,35,11,0,1307,0
366,730,12.2,12/23/2024 05:47:40,28.86,4953,0,0,0,0,295,1313,753,281,178,126,119,108,92,68,66,73,65,55,52,66,67,79,62,51,56,61,61,44,46,50,42,47,46,53,33,32,30,37,26,22,30,30,19,13,26,12,18,13,6,9,5,15,9,6,6,6,7,6,6,5,4,4,6,5,4,3,3,1,2,1,1,3,5,3,3,0,0,2,1,0,0,0,0,0,0,0,0,0,0,0,0,0,0,0,0,0,0,0,0,0,0,0,,10620,2879,2145,1379,260,260,118,62,0,0,2079,0
367,732,12.2,12/23/2024 05:50:01,28.72,4331,0,0,0,0,295,1338,753,276,165,101,93,79,50,54,54,49,48,54,57,59,50,44,43,44,41,37,39,52,24,41,31,37,29,26,25,17,18,24,12,17,21,19,14,13,9,4,7,7,5,4,4,4,4,4,3,3,2,5,2,1,3,1,1,2,0,3,1,3,2,1,1,0,0,0,1,0,1,0,0,0,0,0,0,0,0,0,0,0,0,0,0,0,0,0,0,0,0,0,0,0,0,0,,10519,2253,1553,895,122,122,63,10,0,0,1212,0
368,734,12.2,12/23/2024 05:52:18,28.55,3514,0,0,0,0,265,1174,645,213,129,73,59,55,42,42,30,52,35,38,45,39,36,33,36,33,42,29,26,30,17,22,21,27,25,15,26,19,10,12,12,5,4,11,12,2,7,12,0,3,2,3,2,5,4,5,4,5,0,3,2,3,1,2,2,0,0,1,0,1,0,0,1,0,2,0,1,0,0,0,1,0,1,0,0,0,0,0,0,0,0,0,0,0,0,0,0,0,0,0,0,0,0,0,,8960,1657,1138,616,119,119,28,21,4,0,907,0
369,736,12.3,12/23/2024 05:54:35,28.38,5607,0,0,0,0,315,1324,821,341,206,135,143,112,110,87,87,79,89,87,85,71,79,66,60,77,73,63,66,63,67,44,54,65,51,37,48,43,46,39,36,38,41,34,25,22,22,22,17,14,18,12,12,11,7,7,10,7,9,9,6,8,7,9,8,4,4,5,6,3,2,6,6,6,4,5,1,4,4,1,1,1,0,0,0,0,0,0,0,0,0,0,0,0,0,0,0,0,0,0,0,0,0,0,,11575,3626,2509,1755,328,328,211,116,0,0,2738,0
370,738,12.3,12/23/2024 05:56:56,28.14,3057,0,0,0,0,195,1009,585,195,107,66,61,45,44,48,41,29,33,27,34,36,25,26,29,35,27,20,21,30,22,27,20,33,18,21,16,22,9,7,11,13,8,3,7,7,4,4,3,2,2,2,1,2,2,0,0,2,1,2,2,1,1,1,4,0,1,0,0,1,0,1,2,1,1,0,1,0,0,0,0,0,0,1,0,0,0,0,0,0,0,0,0,0,0,0,0,0,0,0,0,0,0,0,,7882,1503,1002,633,50,50,39,18,4,0,792,0
371,740,12.3,12/23/2024 05:59:15,28.16,3941,0,0,0,0,217,1164,710,253,150,84,74,70,70,65,42,55,42,39,56,37,55,62,39,47,34,34,24,27,36,34,40,41,32,22,32,22,19,23,18,14,19,10,15,17,7,12,7,6,3,6,4,4,7,2,8,2,4,3,1,2,0,4,1,3,1,1,1,1,0,1,1,1,1,2,0,0,1,0,0,0,0,0,0,0,0,0,0,0,0,0,0,0,0,0,0,0,0,0,0,0,0,0,,9418,2148,1534,1001,131,131,50,21,0,0,1335,0
372,742,12.4,12/23/2024 06:01:32,28.22,4149,0,0,0,0,274,1372,775,244,146,87,82,57,58,75,49,60,49,32,53,52,34,46,36,39,31,33,35,30,28,28,20,26,38,26,19,31,17,16,11,21,9,11,9,10,5,5,11,6,5,5,5,2,5,4,0,3,3,1,0,1,1,0,3,1,1,2,2,0,1,1,2,2,2,0,0,0,1,0,0,0,0,0,0,0,0,0,0,0,0,0,0,0,0,0,0,0,0,0,0,0,0,0,,10560,2130,1276,829,89,89,50,25,0,0,1081,0
373,744,12.4,12/23/2024 06:03:49,28.03,5025,0,0,0,0,237,1291,800,289,169,137,116,102,80,80,86,72,84,64,82,61,58,63,61,68,52,60,52,39,50,55,49,56,45,38,42,23,29,32,34,29,32,24,22,17,33,19,12,14,11,10,9,10,14,12,6,7,8,2,8,3,9,1,3,6,6,3,4,5,5,3,6,3,3,3,1,0,2,1,2,0,0,1,0,0,0,0,0,0,0,0,0,0,0,0,0,0,0,0,0,0,0,0,,10842,3157,2166,1459,314,314,182,75,4,0,2347,0
374,746,12.4,12/23/2024 06:06:06,28.05,4660,0,0,0,0,263,1265,710,276,152,106,79,102,76,79,51,74,65,58,60,70,52,57,63,52,48,43,55,49,49,56,54,39,33,52,37,34,39,35,26,28,29,27,16,15,9,8,9,14,8,7,7,10,7,6,7,6,12,2,8,3,9,7,5,4,1,5,8,3,1,2,3,4,0,2,1,2,1,4,0,0,1,0,0,0,0,0,0,0,0,0,0,0,0,0,0,0,0,0,0,0,0,0,,10164,2731,2061,1447,275,275,171,64,4,0,2235,0
375,748,12.5,12/23/2024 06:08:21,28.09,6149,0,0,0,0,219,1287,912,376,256,147,156,111,136,133,99,99,94,96,70,95,82,81,86,80,85,78,76,100,88,75,70,74,66,43,66,59,62,49,44,43,33,32,31,24,22,22,21,19,16,22,16,15,17,9,10,9,12,10,6,10,6,9,4,14,5,5,4,6,7,7,4,3,5,4,5,1,3,3,1,2,1,1,0,0,0,0,0,0,0,0,0,0,0,0,0,0,0,0,0,0,0,0,,11937,4169,3208,2168,427,427,253,114,7,0,3396,0
376,750,12.5,12/23/2024 06:10:38,28.33,4061,0,0,0,0,299,1381,761,238,144,73,69,55,60,54,49,55,39,39,57,43,35,49,39,29,22,27,31,29,37,29,21,27,21,34,19,24,20,17,21,11,6,11,1,7,3,7,6,2,4,3,7,10,2,3,1,2,2,4,2,2,1,6,2,3,0,0,1,1,0,0,2,1,0,0,0,0,1,0,0,0,0,0,0,0,0,0,0,0,0,0,0,0,0,0,0,0,0,0,0,0,0,0,,10466,1959,1228,780,127,127,56,14,0,0,1105,0
377,752,12.5,12/23/2024 06:12:54,28.23,5354,0,0,0,0,241,1115,836,346,177,135,126,95,109,101,103,75,88,78,78,64,84,79,64,71,77,57,57,64,58,55,61,51,56,42,47,55,53,37,31,36,40,30,32,22,25,28,22,23,18,12,12,12,15,11,12,5,16,7,11,9,11,8,7,10,7,3,4,3,12,4,1,4,2,1,4,3,0,3,1,0,1,0,1,0,0,0,0,0,0,0,0,0,0,0,0,0,0,0,0,0,0,0,,10542,3546,2575,1803,429,429,248,71,7,0,2986,0
378,754,12.6,12/23/2024 06:15:10,28.55,4598,0,0,0,1,295,1410,720,236,162,92,116,76,65,53,67,58,64,61,49,54,45,49,59,57,46,49,58,47,25,48,42,36,41,40,28,34,29,24,27,19,22,13,11,9,10,15,6,10,3,6,11,6,2,3,4,5,9,8,3,5,7,3,4,1,2,4,2,4,3,2,2,3,5,2,1,2,1,3,0,1,3,0,0,0,0,0,0,0,0,0,0,0,0,0,0,0,0,0,0,0,0,0,,10620,2480,1839,1198,221,221,119,81,11,0,1849,0
379,756,12.6,12/23/2024 06:17:30,28.86,4577,0,0,0,0,276,1290,789,263,177,111,97,81,86,85,57,79,72,69,50,58,47,60,59,43,43,37,44,44,36,47,41,30,34,33,35,25,22,26,21,13,22,16,10,13,12,7,5,13,9,4,6,4,8,9,9,3,4,6,1,3,3,4,3,2,2,2,4,2,1,1,2,2,1,0,0,3,1,0,0,0,0,0,0,0,0,0,0,0,0,0,0,0,0,0,0,0,0,0,0,0,0,0,,10405,2706,1736,1046,194,194,90,31,0,0,1556,0
380,758,12.6,12/23/2024 06:19:47,29.14,5981,0,0,0,2,278,1388,896,351,190,136,150,133,115,107,111,109,71,84,64,93,92,76,111,69,98,69,64,75,50,73,70,61,59,44,45,62,40,42,37,31,32,24,22,22,18,19,25,17,8,18,9,14,12,15,16,10,11,13,11,5,10,11,11,9,12,5,5,9,5,2,6,7,4,6,3,1,2,2,1,2,0,1,0,0,0,0,0,0,0,0,0,0,0,0,0,0,0,0,0,0,0,0,,11637,3874,2907,1795,432,432,292,117,3,0,3071,0
381,760,12.7,12/23/2024 06:22:09,29.2,5545,0,0,0,0,365,1521,876,318,187,134,139,137,123,94,76,98,94,85,85,84,65,56,64,57,59,56,58,49,49,55,37,49,33,45,45,31,22,23,27,19,13,18,9,11,17,15,8,9,15,9,6,6,3,7,10,11,6,3,8,6,4,4,3,3,2,1,2,1,3,4,3,2,3,1,1,1,1,0,1,0,0,0,0,0,0,0,0,0,0,0,0,0,0,0,0,0,0,0,0,0,0,0,,12123,3699,2072,1178,240,240,103,45,0,0,1805,0
382,762,12.7,12/23/2024 06:24:25,29.2,6475,0,0,0,0,293,1436,950,374,186,137,157,136,130,117,118,129,102,113,87,96,98,99,71,83,89,86,80,71,73,70,68,69,63,59,56,62,57,50,43,36,41,26,28,23,30,31,15,17,11,16,16,9,18,19,16,14,12,17,16,12,10,9,8,10,11,10,7,7,10,15,7,10,5,7,2,6,3,2,4,1,0,0,0,0,0,0,0,0,0,0,0,0,0,0,0,0,0,0,0,0,0,0,,12099,4394,3041,2068,545,545,356,161,0,0,3675,0
383,764,12.7,12/23/2024 06:26:45,29.53,5252,0,0,0,0,286,1282,924,385,183,136,118,110,100,87,91,96,77,75,78,61,73,70,62,78,74,65,43,52,34,53,48,51,44,37,27,36,26,24,31,17,28,19,15,20,6,14,6,7,16,6,9,13,5,3,6,1,3,7,3,0,4,2,3,1,4,3,3,1,2,1,2,1,2,1,0,0,0,0,1,0,0,0,0,0,0,0,0,0,0,0,0,0,0,0,0,0,0,0,0,0,0,0,,11222,3271,2208,1250,183,183,88,24,0,0,1727,0
384,766,12.8,12/23/2024 06:29:01,29.05,6309,0,0,0,1,310,1300,941,406,202,155,153,155,132,132,120,100,92,90,113,92,106,97,84,90,85,65,78,76,68,60,68,64,60,57,41,52,40,42,48,44,37,31,34,23,25,19,27,17,18,14,20,18,15,10,18,13,15,8,10,10,11,11,15,7,12,2,7,7,4,4,5,3,5,1,2,3,3,2,3,0,0,1,0,0,0,0,0,0,0,0,0,0,0,0,0,0,0,0,0,0,0,0,,11938,4423,3019,1904,509,509,293,93,3,0,3312,0
385,768,12.8,12/23/2024 06:31:20,29.06,5635,0,0,0,0,265,1349,895,361,211,140,139,106,114,106,96,99,86,89,91,60,73,80,57,78,51,75,67,60,56,68,52,41,54,46,48,36,38,42,43,34,30,27,25,23,13,19,19,8,10,9,11,12,12,9,6,13,5,7,8,6,3,8,3,2,1,9,5,1,4,3,5,5,2,2,3,0,0,0,1,0,0,0,0,0,0,0,0,0,0,0,0,0,0,0,0,0,0,0,0,0,0,0,,11562,3644,2467,1597,317,317,151,62,0,0,2443,0
386,770,12.8,12/23/2024 06:33:37,28.88,6647,0,0,0,2,337,1410,925,415,223,174,156,128,132,117,106,108,105,106,109,96,88,98,83,84,89,85,82,87,79,80,57,64,69,63,64,58,68,58,44,42,46,29,23,28,29,27,24,27,17,19,24,14,22,10,22,20,19,16,9,5,9,12,9,12,11,10,6,9,8,4,3,6,3,3,3,4,5,3,1,1,3,1,0,0,0,0,0,0,0,0,0,0,0,0,0,0,0,0,0,0,0,0,,12611,4332,3158,2192,589,589,322,121,14,0,3826,0
387,772,12.9,12/23/2024 06:35:56,28.72,5548,0,0,0,2,278,1287,830,342,216,150,150,97,125,96,107,108,93,82,81,72,67,83,71,68,74,41,70,71,64,60,56,59,33,45,27,51,36,32,30,31,20,29,24,21,17,15,18,9,8,18,9,7,12,13,11,10,10,15,9,9,12,4,8,4,5,6,5,5,5,3,3,3,3,5,1,1,1,3,0,0,1,1,0,0,0,0,0,0,0,0,0,0,0,0,0,0,0,0,0,0,0,0,,11334,3753,2524,1462,407,407,209,73,7,0,2566,0
388,774,12.9,12/23/2024 06:38:14,28.88,6160,0,0,0,0,313,1315,881,366,206,150,158,139,131,135,115,107,110,91,90,95,77,88,68,84,76,90,76,101,58,63,64,62,63,55,48,53,37,43,57,44,39,32,32,33,20,15,17,21,13,21,14,13,14,17,12,13,13,11,9,11,11,9,9,8,4,4,7,4,3,5,6,3,2,1,0,1,0,2,2,0,0,0,0,0,0,0,0,0,0,0,0,0,0,0,0,0,0,0,0,0,0,0,,11735,4321,2926,1956,478,478,242,59,0,0,3213,0
389,776,12.9,12/23/2024 06:40:30,28.77,5931,0,0,0,1,295,1331,887,341,175,138,151,115,104,100,107,105,93,100,73,101,88,93,92,88,81,75,62,61,63,65,53,66,55,50,47,53,47,56,40,26,34,27,29,27,19,26,27,14,11,12,10,11,16,10,16,15,10,11,10,17,11,11,12,6,3,11,5,6,6,5,1,2,2,6,2,2,7,1,1,0,1,0,0,0,0,0,0,0,0,0,0,0,0,0,0,0,0,0,0,0,0,0,,11536,3952,2854,1832,476,476,268,87,3,0,3142,0
390,778,13.0,12/23/2024 06:42:48,28.77,5146,0,0,0,0,352,1652,845,264,136,102,109,98,84,84,82,74,75,68,55,60,48,54,50,48,56,38,45,36,51,50,38,38,30,48,32,28,32,27,22,24,22,21,14,15,11,7,8,4,8,12,5,4,7,9,5,2,6,2,3,5,5,3,6,4,2,1,0,1,1,2,1,2,4,2,1,0,1,2,1,2,0,0,0,0,0,0,0,0,0,0,0,0,0,0,0,0,0,0,0,0,0,0,,12026,2909,1787,1185,184,184,90,56,0,0,1700,0
391,780,13.0,12/23/2024 06:45:07,28.53,6275,0,0,0,0,309,1488,894,366,213,162,143,127,121,96,116,113,108,89,94,92,94,88,78,82,82,66,54,71,72,82,62,67,60,48,61,42,45,42,33,34,38,32,31,27,23,22,18,18,16,15,18,9,11,11,20,14,10,6,11,8,14,15,14,11,9,5,5,5,4,2,5,9,8,5,1,3,2,1,1,1,1,2,0,0,0,0,0,0,0,0,0,0,0,0,0,0,0,0,0,0,0,0,,12531,4182,2913,1865,463,463,312,130,11,0,3242,0
392,782,13.0,12/23/2024 06:47:25,28.5,5530,0,0,0,0,306,1350,911,336,192,133,133,98,100,94,106,89,76,72,86,79,74,77,70,78,59,71,53,56,46,56,46,51,37,46,41,51,35,43,47,22,24,19,22,22,17,13,10,13,20,7,10,8,10,7,9,8,11,8,5,4,8,7,4,3,2,7,3,4,1,2,4,1,1,2,3,4,1,1,1,2,1,1,0,0,0,0,0,0,0,0,0,0,0,0,0,0,0,0,0,0,0,0,,11793,3533,2407,1554,309,309,158,74,7,0,2411,0
393,784,13.1,12/23/2024 06:49:37,28.88,7877,0,0,0,4,268,1253,1013,452,256,207,198,159,146,150,156,155,143,122,123,112,144,123,103,120,111,95,120,101,99,100,109,92,94,97,78,77,69,59,59,66,65,61,45,47,53,48,44,30,41,32,27,34,38,36,31,45,39,29,18,19,23,27,16,23,17,10,19,19,12,21,12,10,9,14,6,9,4,4,4,2,0,0,1,0,0,0,0,0,0,0,0,0,0,0,0,0,0,0,0,0,0,0,,12642,5568,4242,2995,1174,1174,689,256,3,0,6292,0
394,786,13.1,12/23/2024 06:51:53,28.69,5348,0,0,0,0,353,1631,869,311,150,93,107,87,86,90,85,73,89,66,76,73,48,57,47,57,56,51,57,57,53,35,45,47,36,46,30,40,30,25,23,20,24,19,17,15,16,16,6,8,7,10,5,8,5,7,4,10,9,3,3,3,5,2,4,5,3,1,2,2,5,2,3,3,3,1,4,0,2,2,4,0,0,1,0,0,0,0,0,0,0,0,0,0,0,0,0,0,0,0,0,0,0,0,,12248,3067,1962,1276,216,216,119,77,3,0,1907,0
395,788,13.1,12/23/2024 06:54:12,28.8,4637,0,0,0,0,259,1342,737,290,129,101,115,76,82,85,75,84,69,56,52,61,40,46,46,61,55,55,45,51,39,50,48,31,37,26,29,30,37,22,26,23,23,22,16,15,10,9,5,5,9,3,6,7,7,4,6,4,5,5,8,10,4,5,5,0,2,2,5,3,2,0,4,3,1,4,2,1,2,1,1,0,1,0,0,0,0,0,0,0,0,0,0,0,0,0,0,0,0,0,0,0,0,0,,10323,2760,1861,1153,229,229,111,69,3,0,1795,0
396,790,13.2,12/23/2024 06:56:31,29.53,5235,0,0,0,1,394,1685,911,308,157,118,116,97,86,95,65,71,68,71,61,61,62,52,62,50,42,52,35,43,39,35,37,35,30,34,22,21,21,25,18,14,20,8,6,10,6,7,2,4,8,4,5,4,3,2,1,1,6,3,3,4,2,2,5,2,3,3,0,3,2,2,5,3,0,0,1,0,0,0,0,0,1,0,0,0,0,0,0,0,0,0,0,0,0,0,0,0,0,0,0,0,0,0,,12496,2889,1724,938,115,115,98,34,3,0,1304,0
397,792,13.2,12/23/2024 06:58:47,29.94,7064,0,0,0,0,352,1627,1009,397,211,160,177,152,157,123,157,93,100,110,112,103,119,124,84,95,101,84,79,80,71,77,70,64,57,54,51,53,52,42,59,40,34,31,29,26,21,17,23,16,28,23,23,18,22,16,16,17,16,7,11,9,11,14,14,9,13,18,7,11,13,11,8,9,5,2,4,2,6,4,1,0,2,1,0,0,0,0,0,0,0,0,0,0,0,0,0,0,0,0,0,0,0,0,,13136,4686,3287,1924,554,554,431,144,10,0,3617,0
398,794,13.2,12/23/2024 07:01:02,29.7,7419,0,0,0,1,417,1734,1052,378,223,160,179,140,150,152,155,118,128,129,130,117,117,95,100,101,89,92,87,91,76,66,85,67,55,55,55,42,52,31,40,37,47,35,21,29,29,25,23,20,21,20,24,18,16,19,15,16,20,17,16,16,15,19,11,12,9,10,10,11,6,8,8,6,7,5,11,6,6,6,2,3,4,1,0,0,0,0,0,0,0,0,0,0,0,0,0,0,0,0,0,0,0,0,,13953,5101,3364,1906,646,646,401,215,17,0,3832,0
399,796,13.3,12/23/2024 07:03:17,29.39,6385,0,0,0,0,390,1714,1020,328,185,116,134,112,139,124,97,83,96,99,99,96,99,77,82,66,66,68,52,60,63,51,61,67,48,48,45,50,38,45,27,30,34,17,17,26,17,16,19,11,14,15,13,13,12,9,12,15,10,12,13,9,8,13,3,9,6,5,4,7,5,9,9,4,5,4,0,6,3,1,1,3,1,0,0,0,0,0,0,0,0,0,0,0,0,0,0,0,0,0,0,0,0,0,,13226,4008,2535,1677,429,429,265,126,3,0,2930,0
400,798,13.3,12/23/2024 07:05:34,29.69,6137,0,0,0,1,380,1666,984,359,192,134,131,123,107,105,115,89,105,105,86,101,69,84,66,68,63,70,82,63,71,70,53,39,41,41,49,30,32,34,22,24,24,26,15,10,11,12,8,10,11,9,6,6,12,6,16,7,4,6,4,7,7,7,7,4,7,5,8,2,1,3,6,2,0,1,5,2,1,1,3,1,0,0,0,0,0,0,0,0,0,0,0,0,0,0,0,0,0,0,0,0,0,0,,12957,3826,2556,1310,273,273,192,74,0,0,2122,0
401,800,13.3,12/23/2024 07:07:52,29.81,5820,0,0,0,2,434,1902,999,323,176,104,131,101,92,97,95,96,101,77,61,60,71,60,70,70,47,34,45,53,39,42,42,27,37,33,25,29,22,20,26,14,10,7,7,8,8,4,11,11,5,4,3,6,6,5,5,2,8,8,4,3,2,3,4,2,5,3,0,2,3,2,1,3,0,3,2,0,0,1,0,1,0,0,1,0,0,0,0,0,0,0,0,0,0,0,0,0,0,0,0,0,0,0,,13656,3294,1922,956,174,174,91,37,3,0,1436,0
402,802,13.4,12/23/2024 07:10:12,29.44,5422,0,0,0,0,398,1719,976,318,169,115,125,84,98,91,81,72,67,75,73,55,58,49,56,48,55,55,40,53,39,44,36,33,26,24,33,16,17,23,19,15,13,7,11,10,11,5,9,8,8,12,7,6,2,2,2,3,1,2,5,3,1,2,4,2,4,2,2,1,0,0,2,0,1,4,3,1,1,1,3,2,2,2,0,0,0,0,0,0,0,0,0,0,0,0,0,0,0,0,0,0,0,0,,12976,2986,1810,866,115,115,68,68,14,0,1247,0
403,804,13.4,12/23/2024 07:12:30,29.19,5739,0,0,0,2,285,1343,821,302,179,116,147,118,123,92,107,100,92,95,76,78,82,80,75,84,78,76,75,90,64,65,53,49,57,49,50,53,42,37,41,26,33,23,22,20,25,17,21,19,17,17,7,10,11,16,13,9,13,12,14,7,6,8,15,5,7,6,3,9,10,9,4,12,4,1,1,4,1,0,2,1,2,1,0,0,0,0,0,0,0,0,0,0,0,0,0,0,0,0,0,0,0,0,,10946,3803,2816,1679,404,404,281,110,10,0,2888,0
404,806,13.4,12/23/2024 07:14:47,29.3,6746,0,0,0,0,368,1543,954,371,210,135,145,133,135,136,112,133,120,100,95,92,91,84,108,95,104,85,85,86,84,79,63,74,58,64,60,61,47,48,48,26,32,33,17,37,17,14,22,16,23,12,13,15,17,17,21,16,15,13,19,11,15,11,13,11,10,8,4,7,2,3,6,5,6,3,5,5,4,3,3,5,1,4,0,0,0,0,0,0,0,0,0,0,0,0,0,0,0,0,0,0,0,0,,12717,4410,3290,1983,587,587,307,157,17,0,3638,0
405,808,13.5,12/23/2024 07:17:02,29.06,7112,0,0,0,0,303,1281,926,393,189,243,193,151,158,154,119,112,128,118,122,117,111,102,100,87,92,108,79,84,95,78,85,66,76,74,87,78,58,64,60,46,33,45,49,31,30,33,39,29,28,29,24,28,28,28,23,24,18,22,15,20,16,15,18,15,12,8,6,12,8,16,10,11,7,9,6,5,2,5,6,6,4,0,2,0,0,0,0,0,0,0,0,0,0,0,0,0,0,0,0,0,0,0,,12140,5103,3513,2502,847,847,468,244,21,0,4928,0
406,810,13.5,12/23/2024 07:19:20,29.19,5806,0,0,0,0,301,1432,841,343,176,143,155,125,96,112,93,109,90,87,98,84,87,79,87,58,82,61,66,51,56,58,67,40,62,45,61,34,42,35,37,38,29,24,10,22,14,25,18,18,9,8,12,10,9,14,9,9,5,9,7,19,8,10,7,9,6,4,5,9,4,6,7,5,4,4,1,2,2,0,1,1,0,0,0,0,0,0,0,0,0,0,0,0,0,0,0,0,0,0,0,0,0,0,,11617,3892,2576,1679,380,380,257,92,0,0,2789,0
407,812,13.5,12/23/2024 07:21:33,29.19,7252,0,0,0,1,400,1671,1016,381,227,150,155,174,128,158,108,116,122,100,113,95,91,117,94,88,84,86,87,67,100,75,79,64,61,68,65,63,48,46,42,50,38,44,33,34,34,29,18,23,17,19,21,17,25,15,21,22,25,18,15,11,16,18,18,8,16,19,6,10,7,8,8,5,9,9,8,4,3,6,1,1,1,0,2,0,0,0,0,0,0,0,0,0,0,0,0,0,0,0,0,0,0,0,,13707,4659,3316,2138,706,706,459,188,10,0,4207,0
408,814,13.6,12/23/2024 07:23:48,29.23,6636,0,0,0,0,431,1832,1057,374,180,135,138,123,138,115,97,88,103,66,82,93,95,87,75,84,71,79,67,64,64,72,43,58,48,50,43,48,37,41,30,28,25,23,21,13,23,15,16,10,15,12,8,10,14,17,10,7,8,14,12,9,12,6,6,4,10,7,4,6,4,8,10,4,6,8,4,3,3,2,3,3,2,3,0,0,0,0,0,0,0,0,0,0,0,0,0,0,0,0,0,0,0,0,,14187,3893,2740,1543,414,414,263,164,17,0,2816,0
409,816,13.6,12/23/2024 07:26:06,28.81,5812,0,0,0,0,297,1382,880,318,164,138,141,115,101,95,93,82,94,90,71,86,67,83,87,88,66,81,79,68,55,67,69,60,72,54,62,49,40,51,35,33,24,27,23,26,22,12,15,11,21,13,14,10,13,12,13,8,15,7,8,11,11,7,4,4,5,8,5,6,5,7,2,7,4,3,2,3,7,2,0,0,2,0,0,0,0,0,0,0,0,0,0,0,0,0,0,0,0,0,0,0,0,0,,11524,3593,2812,1906,423,423,222,111,7,0,3093,0
410,818,13.6,12/23/2024 07:28:21,28.95,0,0,0,0,0,0,0,0,0,0,0,0,0,0,0,0,0,0,0,0,0,0,0,0,0,0,0,0,0,0,0,0,0,0,0,0,0,0,0,0,0,0,0,0,0,0,0,0,0,0,0,0,0,0,0,0,0,0,0,0,0,0,0,0,0,0,0,0,0,0,0,0,0,0,0,0,0,0,0,0,0,0,0,0,0,0,0,0,0,0,0,0,0,0,0,0,0,0,0,0,0,0,0,,0,0,0,0,0,0,0,0,0,0,0,0
411,820,13.7,12/23/2024 07:30:37,28.98,6153,0,0,0,0,254,1263,862,340,179,144,159,133,120,110,108,105,111,97,100,91,82,88,89,84,76,75,93,69,59,83,55,71,52,70,65,55,55,47,59,43,39,45,28,35,26,24,21,22,29,17,19,15,16,15,20,19,15,16,8,17,13,10,21,12,11,13,8,10,7,8,11,7,8,4,2,2,4,5,2,0,0,1,2,0,0,0,0,0,0,0,0,0,0,0,0,0,0,0,0,0,0,0,,11046,4196,2943,2108,597,597,428,155,10,0,3896,0
412,822,13.7,12/23/2024 07:32:58,28.84,5559,0,0,0,0,275,1277,860,346,178,136,150,118,103,101,95,102,85,84,69,92,91,81,79,68,60,58,60,56,70,61,66,56,55,47,53,34,46,34,28,40,22,22,21,23,24,18,14,11,17,10,8,10,6,17,12,8,10,8,10,5,12,6,14,4,3,4,3,3,4,1,1,1,3,2,3,3,0,0,2,0,0,0,0,0,0,0,0,0,0,0,0,0,0,0,0,0,0,0,0,0,0,0,,11172,3779,2601,1668,368,368,191,52,0,0,2646,0
413,824,13.7,12/23/2024 07:35:12,29.36,7156,0,0,0,0,453,2032,1107,377,220,158,153,128,129,118,128,114,107,98,99,128,100,77,75,74,75,83,70,79,55,58,64,60,60,44,47,36,31,32,38,29,28,36,19,29,15,10,11,15,11,17,11,17,6,15,6,20,9,8,9,10,7,11,9,11,9,7,5,3,6,3,5,7,2,6,5,3,6,4,2,3,0,3,1,0,0,0,0,0,0,0,0,0,0,0,0,0,0,0,0,0,0,0,,15327,4435,2759,1597,402,402,259,146,14,0,2820,0
414,826,13.8,12/23/2024 07:37:31,29.86,6671,0,0,0,3,343,1456,930,375,204,167,164,136,130,134,102,138,105,130,136,123,92,73,106,90,91,86,81,83,82,88,77,72,52,59,63,57,53,35,35,36,32,24,28,19,16,22,18,12,17,26,23,17,14,17,16,13,18,12,13,14,6,10,8,8,9,8,6,7,6,9,4,3,7,6,5,2,2,1,0,3,2,0,1,0,0,0,0,0,0,0,0,0,0,0,0,0,0,0,0,0,0,0,,12197,4655,3178,1912,546,546,271,117,10,0,3403,0
415,828,13.8,12/23/2024 07:39:47,29.8,7694,0,0,0,3,274,1365,975,422,283,196,198,178,188,176,154,148,128,141,132,135,128,113,110,125,139,99,89,104,75,120,86,85,82,62,56,66,77,52,45,38,53,38,39,36,28,33,30,37,27,17,39,29,22,21,32,30,23,21,31,25,26,14,9,22,11,22,10,11,14,20,11,8,14,9,5,11,9,2,1,5,1,1,0,0,0,0,0,0,0,0,0,0,0,0,0,0,0,0,0,0,0,0,,12470,5725,3987,2356,1003,1003,570,255,7,0,5195,0
416,830,13.8,12/23/2024 07:42:05,29.95,7635,0,0,0,1,295,1371,1038,439,252,181,190,151,182,147,156,169,140,142,136,134,130,114,114,117,109,100,104,111,86,85,85,83,76,66,62,71,61,46,61,44,35,40,40,28,25,31,32,23,35,28,27,25,16,40,28,17,24,20,23,21,16,25,18,13,18,15,9,13,20,9,12,12,11,10,10,6,5,3,1,0,2,0,0,0,0,0,0,0,0,0,0,0,0,0,0,0,0,0,0,0,0,0,,12578,5599,3856,2304,858,858,561,240,7,0,4828,0
417,832,13.9,12/23/2024 07:44:21,29.84,7288,0,0,0,0,297,1411,1010,416,220,203,159,179,142,131,137,138,102,122,143,128,134,99,89,103,89,88,102,108,85,90,79,89,81,64,67,58,57,52,40,33,48,36,37,38,29,32,27,36,28,31,21,26,20,27,20,18,19,21,20,17,12,14,13,22,8,7,13,15,15,12,10,13,11,8,3,3,1,6,2,2,2,0,0,0,0,0,0,0,0,0,0,0,0,0,0,0,0,0,0,0,0,0,,12453,5077,3572,2239,741,741,473,204,7,0,4403,0
418,834,13.9,12/23/2024 07:46:39,29.73,7376,0,0,0,0,321,1369,1016,411,227,201,223,176,145,166,132,143,113,130,110,123,115,100,108,100,101,103,95,86,90,86,80,72,71,64,69,54,80,64,60,52,45,40,34,43,37,20,23,26,37,32,26,23,21,27,26,23,17,17,14,20,17,20,14,17,10,8,8,15,8,7,8,3,6,4,6,2,6,3,2,2,0,2,1,0,0,0,0,0,0,0,0,0,0,0,0,0,0,0,0,0,0,0,,12674,5301,3579,2392,777,777,444,141,10,0,4541,0
419,836,13.9,12/23/2024 07:48:52,29.45,6952,0,0,0,0,367,1557,968,384,207,135,169,130,170,122,98,114,105,122,118,94,98,103,100,96,97,89,78,80,75,75,71,68,78,67,63,58,43,45,32,34,36,33,24,26,32,21,23,22,16,15,14,20,21,24,21,23,14,13,14,24,18,15,12,13,13,14,9,12,12,9,6,13,11,10,6,6,6,4,8,2,4,2,1,0,0,0,0,0,0,0,0,0,0,0,0,0,0,0,0,0,0,0,,12859,4550,3267,2020,699,699,452,258,24,0,4153,0
420,838,14.0,12/23/2024 07:51:05,29.39,0,0,0,0,0,0,0,0,0,0,0,0,0,0,0,0,0,0,0,0,0,0,0,0,0,0,0,0,0,0,0,0,0,0,0,0,0,0,0,0,0,0,0,0,0,0,0,0,0,0,0,0,0,0,0,0,0,0,0,0,0,0,0,0,0,0,0,0,0,0,0,0,0,0,0,0,0,0,0,0,0,0,0,0,0,0,0,0,0,0,0,0,0,0,0,0,0,0,0,0,0,0,0,,0,0,0,0,0,0,0,0,0,0,0,0
421,840,14.0,12/23/2024 07:53:20,29.31,7014,0,0,0,1,379,1734,983,351,192,123,156,132,132,129,120,141,105,116,94,108,103,97,71,85,96,78,85,75,79,82,79,63,51,69,59,54,44,40,34,26,39,30,34,34,29,25,19,20,15,20,16,23,13,13,20,18,20,19,15,21,14,18,10,9,17,14,13,10,18,9,7,6,9,10,7,6,6,9,5,4,2,2,0,0,0,0,0,0,0,0,0,0,0,0,0,0,0,0,0,0,0,0,,13371,4558,3173,1904,655,655,474,242,14,0,3944,0
422,842,14.0,12/23/2024 07:55:39,29.38,6493,0,0,0,0,304,1344,963,393,198,140,147,132,139,112,124,121,101,113,95,97,97,82,93,105,81,69,85,79,79,72,76,72,75,80,54,45,56,40,42,41,36,29,37,37,33,33,22,22,20,15,21,14,12,15,16,13,13,11,10,14,7,9,11,18,6,9,10,10,9,6,10,2,7,1,2,3,1,1,1,0,1,0,0,0,0,0,0,0,0,0,0,0,0,0,0,0,0,0,0,0,0,0,,11875,4350,3125,2100,497,497,357,99,3,0,3553,0
423,844,14.1,12/23/2024 07:57:52,29.38,6240,0,0,0,0,445,1975,1032,331,178,132,125,108,97,90,119,97,78,88,77,74,73,58,63,74,56,61,52,44,42,45,52,51,54,44,29,37,34,25,24,21,25,15,21,14,14,8,9,12,7,5,5,14,5,4,3,10,7,1,8,4,5,5,4,1,5,6,7,2,5,5,2,2,3,1,2,1,0,5,0,1,1,1,0,0,0,0,0,0,0,0,0,0,0,0,0,0,0,0,0,0,0,0,,14357,3492,2110,1348,225,225,160,61,7,0,2025,0
424,846,14.1,12/23/2024 08:00:11,29.02,5713,0,0,0,0,279,1325,820,337,195,119,134,121,118,92,101,95,83,80,93,91,70,77,71,59,85,66,70,81,67,65,62,57,54,54,49,58,50,54,47,34,33,29,22,19,23,19,16,17,7,14,11,10,9,21,8,9,9,11,12,14,10,8,7,4,2,6,3,5,5,5,5,7,2,2,3,1,5,4,1,0,1,0,1,0,0,0,0,0,0,0,0,0,0,0,0,0,0,0,0,0,0,0,,11058,3715,2664,1902,427,427,207,107,7,0,3077,0
425,848,14.1,12/23/2024 08:02:25,28.75,7606,0,0,0,1,250,1269,965,458,226,196,210,162,132,134,140,124,120,144,123,111,108,100,107,105,116,121,87,101,95,92,84,89,100,86,77,74,82,69,65,71,76,65,51,55,54,30,38,36,35,37,35,27,26,30,40,32,30,25,25,25,15,33,12,14,24,16,14,13,18,11,7,10,8,11,4,12,8,4,2,1,1,2,0,0,0,0,0,0,0,0,0,0,0,0,0,0,0,0,0,0,0,0,,12435,5245,3882,3037,1078,1078,616,237,10,0,6056,0
426,850,14.2,12/23/2024 08:04:42,29.33,6732,0,0,0,0,285,1324,868,378,196,174,176,135,149,104,142,117,124,110,91,123,120,97,90,82,83,86,76,76,79,91,85,79,81,79,73,66,72,52,56,47,36,39,42,32,37,24,26,18,26,21,22,26,17,20,21,22,15,27,22,24,13,18,11,4,16,11,10,9,7,5,8,5,6,5,6,3,4,3,0,2,1,1,1,0,0,0,0,0,0,0,0,0,0,0,0,0,0,0,0,0,0,0,,11596,4743,3290,2475,781,781,382,147,10,0,4576,0
427,852,14.2,12/23/2024 08:06:57,28.56,7476,0,0,0,0,315,1447,905,412,203,173,161,156,138,143,134,120,131,123,111,107,110,109,116,106,91,110,84,85,93,78,85,93,100,69,73,78,65,54,58,56,46,58,63,41,51,35,43,38,37,32,38,29,29,30,30,19,24,32,25,22,21,20,21,20,18,15,19,15,11,10,19,12,15,10,6,8,6,4,5,6,1,0,0,0,0,0,0,0,0,0,0,0,0,0,0,0,0,0,0,0,0,0,,12661,5021,3736,2721,1047,1047,662,322,4,0,5802,0
428,854,14.2,12/23/2024 08:09:12,28.7,6486,0,0,0,0,275,1196,907,371,235,155,175,118,130,113,119,120,97,100,102,113,87,93,104,91,95,81,89,81,87,87,69,62,61,79,53,74,45,50,54,48,42,50,32,37,32,22,24,20,23,22,18,23,17,15,21,23,16,28,24,18,18,15,7,18,18,10,9,9,7,7,10,5,5,7,6,2,2,4,1,1,2,0,0,0,0,0,0,0,0,0,0,0,0,0,0,0,0,0,0,0,0,0,,11547,4439,3359,2220,770,770,446,157,7,0,4369,0
429,856,14.3,12/23/2024 08:11:27,28.84,0,0,0,0,0,0,0,0,0,0,0,0,0,0,0,0,0,0,0,0,0,0,0,0,0,0,0,0,0,0,0,0,0,0,0,0,0,0,0,0,0,0,0,0,0,0,0,0,0,0,0,0,0,0,0,0,0,0,0,0,0,0,0,0,0,0,0,0,0,0,0,0,0,0,0,0,0,0,0,0,0,0,0,0,0,0,0,0,0,0,0,0,0,0,0,0,0,0,0,0,0,0,0,,0,0,0,0,0,0,0,0,0,0,0,0
430,858,14.3,12/23/2024 08:13:40,29.28,7992,0,0,0,3,267,1297,938,436,248,196,209,198,190,165,159,161,149,139,124,153,135,123,115,109,107,107,104,105,102,102,92,93,101,71,82,94,84,72,60,67,50,58,52,37,45,42,54,35,30,33,37,40,30,35,34,33,29,29,30,26,33,26,24,19,17,17,12,14,15,10,12,14,14,12,12,6,6,1,3,3,5,1,0,0,0,0,0,0,0,0,0,0,0,0,0,0,0,0,0,0,0,0,,12275,6086,4102,2958,1216,1216,680,301,20,0,6390,0
431,860,14.3,12/23/2024 08:15:59,29.56,7162,0,0,0,1,271,1389,996,427,257,177,180,139,177,153,130,132,108,137,117,126,102,100,120,86,101,108,95,74,87,83,93,81,66,73,75,73,62,36,53,35,47,29,46,23,37,30,29,21,19,21,18,23,17,24,30,17,14,16,19,22,13,14,11,14,11,9,10,2,11,4,2,5,2,5,4,8,6,1,3,3,2,0,0,0,0,0,0,0,0,0,0,0,0,0,0,0,0,0,0,0,0,0,,12510,5078,3549,2348,721,721,342,139,7,0,4276,0
432,862,14.4,12/23/2024 08:18:13,29.47,8041,0,0,0,2,304,1336,993,428,259,199,203,162,198,163,151,174,156,146,146,135,134,108,127,116,99,101,106,117,105,90,101,100,71,77,91,71,69,53,65,62,60,57,47,47,46,46,37,39,29,28,43,32,27,26,39,51,23,27,21,25,22,16,21,19,13,10,25,11,21,16,16,15,13,8,9,9,15,7,3,2,2,0,0,0,0,0,0,0,0,0,0,0,0,0,0,0,0,0,0,0,0,0,,12637,5999,4086,2782,1140,1140,645,336,7,0,6050,0
433,864,14.4,12/23/2024 08:20:31,29.45,7177,0,0,0,0,353,1493,977,384,197,171,165,129,150,143,149,120,123,111,128,110,95,97,95,92,98,106,106,81,78,85,78,62,78,84,81,63,41,44,49,52,50,37,38,33,29,24,30,29,22,17,25,20,13,22,23,28,21,20,20,11,23,16,8,11,11,20,14,12,14,9,12,8,6,6,2,5,2,5,2,3,4,4,0,0,0,0,0,0,0,0,0,0,0,0,0,0,0,0,0,0,0,0,,12699,4832,3433,2316,767,767,509,187,27,0,4574,0
434,866,14.4,12/23/2024 08:22:50,29.33,6338,0,0,0,1,308,1484,975,348,204,160,153,137,120,130,124,132,100,109,84,93,89,74,84,81,80,75,86,54,69,78,52,69,53,72,43,39,40,36,40,35,27,29,28,17,21,23,17,15,10,20,12,15,16,11,15,13,9,12,14,4,4,7,9,4,5,4,9,3,5,4,8,6,9,6,6,3,2,1,1,2,1,0,0,0,0,0,0,0,0,0,0,0,0,0,0,0,0,0,0,0,0,0,,12387,4333,2803,1725,426,426,211,153,3,0,2946,0
435,868,14.5,12/23/2024 08:25:05,28.63,6933,0,0,0,2,319,1258,943,381,198,170,143,158,143,128,154,127,126,104,114,99,91,100,101,107,95,82,95,106,106,80,74,75,75,64,57,59,64,55,46,58,53,50,47,44,36,26,29,20,24,26,24,25,23,21,17,19,25,22,23,21,15,22,19,15,13,9,15,9,9,13,9,10,5,6,4,9,7,3,4,2,1,1,1,0,0,0,0,0,0,0,0,0,0,0,0,0,0,0,0,0,0,0,,11925,4845,3622,2375,821,821,517,210,10,0,4754,0
436,870,14.5,12/23/2024 08:27:22,28.77,5651,0,0,0,1,420,1755,912,305,196,91,118,90,93,95,105,79,81,73,70,71,55,68,63,57,52,54,50,43,42,32,36,44,37,42,44,35,22,33,33,21,16,26,14,21,10,9,7,7,6,12,8,8,3,3,6,4,9,6,4,5,6,3,2,7,0,7,3,4,1,1,2,5,0,1,1,1,1,1,1,0,1,1,0,0,0,0,0,0,0,0,0,0,0,0,0,0,0,0,0,0,0,0,,13201,3233,1919,1262,216,216,125,49,7,0,1873,0
437,872,14.5,12/23/2024 08:29:38,28.69,5288,0,0,0,0,330,1559,830,300,153,98,124,80,92,87,74,81,55,77,61,64,69,71,58,51,53,57,54,60,47,45,42,48,50,38,38,40,40,20,29,26,26,22,25,14,12,11,9,6,6,11,6,11,9,12,4,3,10,12,6,2,5,8,5,5,6,8,4,2,0,6,4,3,4,2,2,1,0,1,0,3,1,0,0,0,0,0,0,0,0,0,0,0,0,0,0,0,0,0,0,0,0,0,,11830,3012,2116,1384,279,279,185,73,3,0,2203,0
438,874,14.6,12/23/2024 08:31:53,28.69,5707,0,0,0,0,370,1562,922,319,162,104,102,99,91,96,81,88,68,84,66,67,85,69,75,67,71,57,64,57,52,58,42,52,56,39,45,45,44,39,28,34,32,22,20,18,12,16,11,15,8,17,9,9,5,15,6,11,8,11,5,12,5,9,2,3,3,3,2,7,3,9,5,5,3,4,2,5,4,2,3,4,2,0,0,0,0,0,0,0,0,0,0,0,0,0,0,0,0,0,0,0,0,0,,12342,3231,2429,1589,335,335,178,136,7,0,2579,0
439,876,14.6,12/23/2024 08:34:05,28.58,7252,0,0,0,0,327,1507,1037,507,224,210,170,164,149,155,122,122,108,113,113,92,94,97,110,101,82,88,88,60,82,81,66,53,67,68,73,66,44,64,60,43,44,43,57,37,33,23,37,21,24,29,21,16,14,20,17,12,15,16,9,18,20,8,19,13,10,6,7,4,6,7,3,4,9,3,7,3,3,1,3,0,3,0,0,0,0,0,0,0,0,0,0,0,0,0,0,0,0,0,0,0,0,0,,13933,4906,3321,2267,623,623,360,136,10,0,4020,0
440,878,14.6,12/23/2024 08:36:15,28.06,7524,0,0,0,1,284,1217,868,413,197,210,181,146,156,114,152,141,124,119,132,101,109,125,113,139,104,108,87,106,101,99,82,82,85,93,90,87,86,74,78,69,65,72,51,61,47,39,41,40,34,42,33,23,36,25,26,24,37,30,33,27,20,27,24,20,19,18,21,8,9,19,16,16,9,4,11,3,4,2,4,9,1,1,0,0,0,0,0,0,0,0,0,0,0,0,0,0,0,0,0,0,0,0,,12014,5257,4180,3175,1119,1119,716,282,7,0,6418,0
441,880,14.7,12/23/2024 08:38:28,28.03,7368,0,0,0,1,294,1214,862,403,179,239,153,176,169,142,138,141,116,114,124,117,111,106,102,103,88,101,97,92,87,92,87,83,104,87,74,74,80,65,62,71,52,72,49,59,49,45,34,50,21,34,32,23,29,34,34,27,28,31,24,19,29,20,24,17,21,14,14,15,14,21,14,12,10,9,8,11,6,5,5,2,3,0,0,0,0,0,0,0,0,0,0,0,0,0,0,0,0,0,0,0,0,0,,11934,5355,3803,2993,1106,1106,724,303,11,0,6243,0
442,882,14.7,12/23/2024 08:40:42,27.89,6653,0,0,0,0,270,1368,892,369,197,146,154,130,134,118,119,103,113,111,105,120,83,81,103,107,97,82,90,75,73,81,58,76,83,65,71,55,73,60,60,55,43,50,41,38,39,32,43,27,27,19,19,32,19,22,7,10,19,22,14,18,11,10,13,10,11,6,10,6,4,5,7,11,7,7,2,2,5,0,1,1,2,3,1,0,0,0,0,0,0,0,0,0,0,0,0,0,0,0,0,0,0,0,,12176,4625,3335,2506,692,692,333,161,22,0,4407,0
443,884,14.7,12/23/2024 08:42:58,27.73,6124,0,0,0,0,239,1148,856,379,228,150,156,104,135,104,99,123,105,79,92,98,93,76,87,77,79,76,74,80,75,72,77,78,77,68,72,66,56,51,56,46,42,47,42,29,31,24,25,35,24,21,21,25,20,18,16,13,22,11,12,13,8,10,6,11,8,3,8,9,8,6,3,0,8,3,4,1,2,1,0,2,0,0,1,0,0,0,0,0,0,0,0,0,0,0,0,0,0,0,0,0,0,0,,11381,4284,3123,2485,646,646,288,87,4,0,4154,0
444,886,14.8,12/23/2024 08:45:12,27.52,5429,0,0,0,1,329,1331,839,334,175,118,125,87,78,104,59,77,71,79,56,72,57,63,66,66,60,70,59,41,68,58,47,53,67,52,62,49,50,44,36,23,34,39,30,33,23,29,9,14,13,15,12,6,16,2,8,7,7,4,19,4,5,5,2,6,5,11,4,1,3,7,5,4,4,5,1,4,3,0,2,1,1,0,0,0,0,0,0,0,0,0,0,0,0,0,0,0,0,0,0,0,0,0,,11817,3143,2380,1879,327,327,196,109,4,0,2842,0
445,888,14.8,12/23/2024 08:47:23,27.27,6676,0,0,0,0,382,1533,904,398,224,153,130,114,133,111,102,108,80,93,83,90,82,82,79,81,79,71,73,59,58,87,74,60,68,48,69,74,76,57,46,51,40,52,36,42,45,36,29,38,29,21,17,23,19,11,18,15,8,18,14,10,10,18,10,16,6,10,10,7,6,9,6,5,5,5,2,2,7,2,1,3,1,2,0,0,0,0,0,0,0,0,0,0,0,0,0,0,0,0,0,0,0,0,,13656,4129,3025,2431,598,598,396,143,11,0,4177,0
446,890,14.8,12/23/2024 08:49:35,27.34,5533,0,0,0,0,341,1350,828,316,172,115,119,81,104,94,85,96,70,77,66,86,75,72,84,60,64,54,54,57,67,57,54,45,46,51,53,44,49,51,38,32,35,33,35,32,21,23,24,21,18,6,15,9,10,11,13,9,7,7,10,6,8,4,9,6,6,4,7,8,1,6,1,1,5,1,0,6,0,4,2,2,0,0,0,0,0,0,0,0,0,0,0,0,0,0,0,0,0,0,0,0,0,0,,11854,3486,2553,1822,384,384,219,80,0,0,2890,0
447,892,14.9,12/23/2024 08:51:49,27.56,5903,0,0,0,1,365,1473,861,340,176,116,137,116,97,88,99,107,83,88,72,61,64,63,64,50,48,49,65,64,67,52,54,58,46,63,50,53,63,47,40,43,38,46,37,44,24,34,19,22,19,17,19,14,12,21,8,11,17,9,8,9,8,10,14,6,2,3,5,7,6,5,2,4,2,0,4,1,1,5,0,0,2,3,2,0,0,0,0,0,0,0,0,0,0,0,0,0,0,0,0,0,0,0,,12587,3672,2322,2014,493,493,247,76,25,0,3349,0
448,894,14.9,12/23/2024 08:54:04,27.41,5588,0,0,0,0,365,1463,855,318,149,123,116,100,110,107,74,65,63,68,63,69,69,64,57,71,65,57,66,45,50,52,55,58,53,51,49,52,48,44,39,32,31,32,36,33,23,17,21,21,20,22,11,11,11,10,3,6,1,10,8,12,9,7,3,5,3,5,6,3,3,1,2,2,3,2,0,1,2,0,2,1,1,3,0,0,0,0,0,0,0,0,0,0,0,0,0,0,0,0,0,0,0,0,,12364,3298,2375,1868,336,336,171,58,15,0,2784,0
449,896,14.9,12/23/2024 08:56:14,27.63,7064,0,0,0,0,392,1634,959,416,214,137,152,114,122,98,105,105,96,111,84,91,94,65,82,91,72,95,87,86,53,79,82,87,78,64,71,61,65,57,57,50,50,64,40,44,34,41,33,41,22,24,16,20,18,19,15,17,14,30,22,23,14,10,19,17,10,7,13,4,8,11,6,9,10,8,7,3,2,3,4,2,1,2,0,1,0,0,0,0,0,0,0,0,0,0,0,0,0,0,0,0,0,0,,14130,4242,3207,2613,753,753,431,199,14,0,4763,0
450,898,15.0,12/23/2024 08:58:23,27.45,7701,0,0,0,0,252,1145,797,375,222,146,154,167,159,148,125,145,122,117,136,128,103,102,114,115,95,107,92,111,87,74,112,100,105,95,98,108,103,68,86,90,91,74,64,61,70,64,45,67,37,54,38,46,44,34,42,44,33,42,35,33,39,30,30,30,29,26,18,22,24,15,17,19,17,5,11,7,12,6,6,6,4,7,0,0,0,0,0,0,0,0,0,0,0,0,0,0,0,0,0,0,0,0,,11260,5479,4051,3847,1566,1566,1020,401,40,0,8441,0
451,900,15.0,12/23/2024 09:00:36,28.13,6872,0,0,0,1,424,1781,1069,382,198,130,152,126,97,116,98,135,86,96,101,94,88,76,79,78,66,69,86,80,71,76,58,79,49,69,54,73,44,42,51,26,45,29,27,25,29,22,10,18,18,17,14,19,7,14,10,15,12,12,9,8,12,7,9,5,6,5,7,6,3,3,7,2,6,10,6,7,1,3,3,2,1,1,0,0,0,0,0,0,0,0,0,0,0,0,0,0,0,0,0,0,0,0,,14707,4227,2940,2097,469,469,249,171,7,0,3462,0
452,902,15.0,12/23/2024 09:02:43,28.5,6602,0,0,0,2,260,1061,780,353,187,158,142,140,135,120,141,113,108,94,89,100,95,109,92,93,97,90,95,79,102,88,85,90,80,76,74,72,80,65,60,58,47,58,44,55,42,29,27,29,24,27,32,33,17,26,27,23,31,27,26,18,22,27,20,18,17,13,14,12,14,24,12,18,15,15,7,10,12,10,6,5,2,2,2,0,0,0,0,0,0,0,0,0,0,0,0,0,0,0,0,0,0,0,,10326,4481,3596,2761,989,989,677,393,21,0,5832,0
453,904,15.1,12/23/2024 09:04:55,28.34,7029,0,0,0,0,306,1397,953,407,214,146,171,150,143,123,135,114,131,121,103,110,99,99,104,93,107,104,86,92,85,72,70,64,69,59,68,58,65,47,52,45,54,46,37,45,35,35,24,24,30,32,16,26,23,25,32,23,26,14,17,7,18,19,22,15,10,12,8,8,9,12,9,10,5,6,7,7,3,5,3,4,3,1,0,0,0,0,0,0,0,0,0,0,0,0,0,0,0,0,0,0,0,0,,12682,4940,3567,2297,801,801,501,219,14,0,4633,0
454,906,15.1,12/23/2024 09:07:09,28.58,6731,0,0,0,1,405,1542,941,378,164,176,150,119,125,103,132,93,100,112,110,55,90,79,99,103,91,79,81,79,67,85,74,53,59,60,57,61,61,48,51,42,37,48,53,29,22,20,25,29,21,18,13,18,11,20,14,14,15,11,20,19,16,19,12,12,10,8,15,6,6,5,5,4,5,6,3,4,6,2,0,2,2,0,0,1,0,0,0,0,0,0,0,0,0,0,0,0,0,0,0,0,0,0,,13146,4160,3244,2110,598,598,399,136,10,0,3852,0
455,908,15.1,12/23/2024 09:09:19,28.33,6716,0,0,0,1,423,1941,1032,392,185,149,155,136,120,104,130,99,114,101,90,86,58,64,66,62,72,72,50,74,50,62,55,48,67,57,44,41,38,38,31,27,34,23,32,22,27,21,14,15,12,11,12,7,13,8,7,9,9,7,7,5,6,6,7,6,7,7,6,6,3,2,8,1,3,2,4,1,4,2,3,1,2,0,0,0,0,0,0,0,0,0,0,0,0,0,0,0,0,0,0,0,0,0,,15101,4211,2418,1694,318,318,226,109,7,0,2672,0
456,910,15.2,12/23/2024 09:11:33,28.22,7119,0,0,0,1,361,1404,971,407,210,203,183,131,140,145,104,122,113,118,115,109,88,89,97,87,87,104,70,86,84,91,85,56,74,78,65,65,66,56,59,54,61,53,39,44,37,42,34,23,21,21,23,35,19,27,21,20,13,17,12,21,10,9,13,16,12,8,9,15,6,5,10,4,7,4,8,2,8,3,0,0,1,5,3,0,0,0,0,0,0,0,0,0,0,0,0,0,0,0,0,0,0,0,,13253,4848,3430,2548,773,773,400,167,32,0,4692,0
457,912,15.2,12/23/2024 09:13:50,27.77,5563,0,0,0,1,384,1611,888,323,156,95,125,96,103,68,86,82,65,66,63,72,47,60,61,64,44,53,48,60,60,42,46,68,39,53,45,29,44,30,27,30,36,25,34,31,21,16,15,14,7,8,8,8,12,6,6,6,3,2,7,8,5,8,4,6,1,2,2,2,1,4,4,6,0,1,1,1,2,1,2,0,1,1,1,0,0,0,0,0,0,0,0,0,0,0,0,0,0,0,0,0,0,0,,12902,3144,2107,1610,256,256,140,68,11,0,2341,0
458,914,15.2,12/23/2024 09:16:07,27.45,4674,0,0,0,0,292,1296,779,258,154,95,98,103,71,72,63,75,60,67,55,69,53,60,51,39,40,48,51,53,45,43,48,36,37,41,38,35,32,28,35,35,24,16,20,16,12,15,13,13,6,3,8,6,6,5,7,1,5,6,2,3,0,7,2,0,5,3,0,1,3,1,0,3,1,0,0,1,1,0,3,0,1,0,0,0,0,0,0,0,0,0,0,0,0,0,0,0,0,0,0,0,0,0,,10827,2863,1934,1417,179,179,80,36,4,0,1894,0
459,916,15.3,12/23/2024 09:18:19,27.59,6344,0,0,0,2,335,1418,880,302,200,138,149,114,100,97,96,116,90,97,86,74,68,87,81,90,72,89,84,72,66,74,76,70,69,71,74,62,62,43,64,43,57,44,45,40,32,35,30,27,22,19,24,19,10,17,19,19,15,16,10,14,13,13,7,11,6,5,7,8,9,6,6,6,3,3,1,6,5,0,1,1,2,0,0,0,0,0,0,0,0,0,0,0,0,0,0,0,0,0,0,0,0,0,,12410,3940,3113,2505,638,638,330,123,7,0,4241,0
460,918,15.3,12/23/2024 09:20:24,25.38,7849,0,0,0,0,427,1749,1004,404,224,202,163,148,115,128,120,137,128,105,118,79,75,73,85,77,74,80,80,61,77,74,75,62,69,72,75,58,55,54,74,69,69,61,63,53,65,59,51,56,62,53,42,31,34,29,30,26,27,26,24,31,19,24,20,27,20,19,15,11,17,19,16,6,9,6,10,8,13,5,7,5,6,2,3,0,0,0,0,0,0,0,0,0,0,0,0,0,0,0,0,0,0,0,,16442,5185,3274,2884,1257,1257,816,359,43,0,6615,0
461,920,15.3,12/23/2024 09:22:34,24.89,5663,0,0,0,0,337,1399,799,307,177,125,120,94,86,100,82,86,70,67,50,55,63,58,57,60,47,47,36,48,39,43,36,52,50,42,43,33,38,43,43,55,47,47,46,46,45,49,59,46,51,37,37,38,24,25,16,12,11,7,17,5,8,11,10,3,7,3,8,8,8,5,1,5,6,3,7,0,8,2,0,1,1,4,2,0,0,0,0,0,0,0,0,0,0,0,0,0,0,0,0,0,0,0,,13114,3507,2145,1937,804,804,289,137,28,0,3998,0
462,922,15.4,12/23/2024 09:24:44,24.28,6380,0,0,0,0,259,1155,784,333,198,129,153,106,112,106,78,109,77,82,84,91,93,93,68,51,51,60,61,57,60,67,60,67,57,54,63,66,58,65,72,77,58,65,59,65,75,70,64,53,68,59,60,48,50,36,34,30,27,20,25,22,30,22,13,14,21,17,14,10,16,13,10,5,9,6,6,5,9,2,3,5,4,0,2,0,0,0,0,0,0,0,0,0,0,0,0,0,0,0,0,0,0,0,,12401,4493,2970,2871,1573,1573,741,264,25,0,7047,0
463,924,15.4,12/23/2024 09:26:48,24.56,7360,0,0,0,0,375,1528,927,429,256,166,175,138,139,107,89,116,94,96,105,91,67,87,72,75,67,83,74,61,62,81,65,62,53,65,50,67,44,64,58,66,70,53,66,61,71,69,74,59,56,60,56,43,36,48,34,14,20,19,21,19,19,21,20,22,26,14,16,12,8,11,7,11,13,5,17,8,3,8,3,3,2,4,4,0,0,0,0,0,0,0,0,0,0,0,0,0,0,0,0,0,0,0,,15700,4955,3233,2704,1340,1340,717,326,41,0,6466,0
464,926,15.4,12/23/2024 09:28:55,24.38,6289,0,0,0,0,282,1424,881,365,229,128,108,104,104,105,109,79,75,84,75,75,81,58,60,62,74,61,57,50,65,59,48,48,44,51,60,54,58,42,62,59,47,49,53,53,53,62,40,58,50,52,48,34,38,27,15,11,23,9,14,8,15,13,10,16,12,10,11,7,9,7,7,5,9,8,5,3,5,4,4,2,1,2,0,0,0,0,0,0,0,0,0,0,0,0,0,0,0,0,0,0,0,0,,14016,4098,2769,2350,993,993,480,217,12,0,5045,0
465,928,15.5,12/23/2024 09:31:02,24.31,7045,0,0,0,0,297,1360,807,357,239,151,167,122,129,90,88,112,89,91,82,92,61,93,58,64,77,55,63,61,47,70,61,53,54,67,72,51,59,67,69,67,72,55,76,67,94,73,88,79,70,79,55,52,52,40,34,43,33,37,32,28,26,30,29,27,26,17,19,24,21,17,14,8,16,16,13,10,3,7,7,5,6,3,0,0,0,0,0,0,0,0,0,0,0,0,0,0,0,0,0,0,0,0,,13896,4619,2921,2847,1777,1777,1028,432,37,0,7898,0
466,930,15.5,12/23/2024 09:33:08,24.34,6591,0,0,0,0,276,1375,721,291,159,114,125,113,102,97,94,88,62,88,69,80,62,55,61,80,56,63,63,72,61,63,45,48,56,59,63,79,56,71,53,73,72,86,69,83,79,63,76,80,78,76,71,52,48,38,33,38,33,30,23,33,30,21,22,25,22,27,13,17,15,19,11,18,18,15,8,9,10,10,9,9,7,0,2,0,0,0,0,0,0,0,0,0,0,0,0,0,0,0,0,0,0,0,,12576,4026,2798,2773,1763,1763,912,509,37,0,7757,0
467,932,15.5,12/23/2024 09:35:16,24.17,6345,0,0,0,0,275,1343,739,298,210,143,102,115,102,95,80,85,73,79,93,48,71,63,78,48,74,61,59,56,57,56,64,50,51,53,56,59,60,59,51,55,61,66,72,69,58,82,61,62,71,60,70,47,38,38,38,23,29,20,26,18,18,25,15,18,25,13,21,15,16,16,14,12,7,10,6,10,7,4,10,7,5,1,0,0,0,0,0,0,0,0,0,0,0,0,0,0,0,0,0,0,0,0,,12867,3902,2842,2561,1510,1510,811,381,25,0,6798,0
468,934,15.6,12/23/2024 09:37:23,24.06,6161,0,0,0,0,311,1331,720,331,179,136,122,95,104,80,89,97,69,89,61,66,69,63,60,52,42,65,47,65,53,48,60,48,66,38,50,56,55,51,56,60,59,69,70,72,63,71,65,55,65,59,40,47,46,35,28,24,19,16,23,21,15,22,23,14,17,20,23,14,8,4,11,9,6,7,7,4,6,6,3,2,5,3,1,0,0,0,0,0,0,0,0,0,0,0,0,0,0,0,0,0,0,0,,13009,3911,2594,2490,1305,1305,711,274,37,0,6122,0
469,936,15.6,12/23/2024 09:39:32,24.03,5800,0,0,0,0,264,1298,799,295,190,119,113,101,115,86,88,83,52,70,49,71,50,66,55,49,72,57,44,40,47,52,50,58,37,47,48,48,45,47,50,54,51,60,63,60,53,59,59,73,54,57,43,39,28,30,24,17,20,13,11,11,17,14,17,12,18,6,6,8,9,9,7,9,7,7,3,5,2,3,3,3,1,0,0,0,0,0,0,0,0,0,0,0,0,0,0,0,0,0,0,0,0,0,,12809,3654,2422,2226,1053,1053,512,208,4,0,5056,0
470,938,15.6,12/23/2024 09:41:38,23.83,7688,0,0,0,0,189,856,678,411,225,172,178,147,125,141,144,133,109,108,114,100,124,124,102,96,84,94,92,111,79,104,96,86,85,77,71,62,93,77,79,92,81,87,71,93,95,94,93,98,104,87,97,80,76,66,64,48,43,36,48,45,39,40,47,29,40,44,41,30,33,27,15,21,27,17,18,14,5,10,10,5,8,2,2,0,0,0,0,0,0,0,0,0,0,0,0,0,0,0,0,0,0,0,,11368,5971,4641,3773,2694,2694,1616,629,50,0,11456,0
471,940,15.7,12/23/2024 09:43:44,24.11,7643,0,0,0,1,194,965,692,357,219,142,148,139,145,121,141,125,103,112,107,116,113,83,97,110,85,94,74,86,84,79,83,97,60,65,71,57,73,79,86,74,89,78,94,93,88,102,101,86,116,96,94,82,87,61,65,57,52,50,55,48,42,61,47,43,39,36,37,32,26,20,20,28,23,19,17,17,16,12,7,11,12,3,4,0,0,0,0,0,0,0,0,0,0,0,0,0,0,0,0,0,0,0,,11273,5682,4098,3459,2874,2874,1672,755,79,0,11713,0
472,942,15.7,12/23/2024 09:45:48,24.16,8077,0,0,0,0,198,964,735,381,239,156,185,143,163,135,111,141,136,134,112,118,105,93,117,112,98,102,82,106,92,79,88,96,89,88,81,81,97,71,103,83,85,104,81,86,108,110,94,90,89,76,95,99,77,82,72,69,55,51,38,46,47,49,56,41,35,38,42,36,25,28,28,16,26,17,12,18,11,12,6,6,3,2,2,0,0,0,0,0,0,0,0,0,0,0,0,0,0,0,0,0,0,0,,11829,6138,4445,3982,3026,3026,1759,642,29,0,12463,0
473,944,15.7,12/23/2024 09:47:52,24.64,8562,0,0,1,1,211,955,772,405,254,174,179,145,139,139,128,154,149,120,105,104,124,122,117,100,105,95,101,115,101,100,106,100,84,105,99,95,102,72,101,99,106,102,105,117,95,126,88,102,107,92,88,79,78,83,67,68,70,62,60,63,47,48,58,50,33,52,46,34,32,27,26,27,33,18,19,17,9,10,11,12,8,5,4,0,0,0,0,0,0,0,0,0,0,0,0,0,0,0,0,0,0,0,,11981,6031,4813,4338,3105,3105,1838,771,69,0,13226,0
474,946,15.8,12/23/2024 09:50:03,25.08,6926,0,0,0,0,239,1179,772,371,214,162,164,132,122,112,104,93,98,93,96,94,80,93,85,82,96,83,81,67,82,77,79,74,73,63,72,66,62,63,71,53,73,75,78,72,85,77,73,85,60,56,52,48,52,44,30,30,21,31,36,25,17,25,28,17,25,21,21,12,16,13,9,12,13,10,9,7,7,6,4,1,1,2,0,0,0,0,0,0,0,0,0,0,0,0,0,0,0,0,0,0,0,0,,12364,4737,3608,2986,1539,1539,813,315,12,0,7205,0
475,948,15.8,12/23/2024 09:52:12,24.88,7311,0,0,0,0,265,1156,788,347,225,167,157,115,135,117,116,123,108,125,93,83,91,105,92,81,94,91,84,78,78,82,76,71,76,74,73,72,85,84,84,74,91,72,72,73,89,89,70,85,78,64,52,52,37,52,41,33,36,41,30,33,35,42,32,24,17,26,20,23,12,16,14,12,13,17,12,13,8,7,4,2,1,3,2,1,0,0,0,0,0,0,0,0,0,0,0,0,0,0,0,0,0,0,,12480,5076,3826,3457,1777,1777,1049,414,28,0,8501,0
476,950,15.8,12/23/2024 09:54:18,24.58,7991,0,0,0,0,197,981,702,383,263,175,157,137,136,125,113,129,124,133,107,110,109,108,114,113,85,96,82,79,114,91,87,77,78,76,94,85,108,90,96,92,99,88,80,98,107,96,97,91,87,80,79,85,76,56,56,51,44,47,52,51,49,46,47,46,44,43,40,28,39,33,35,23,40,21,15,20,18,13,13,4,2,4,2,0,0,0,0,0,0,0,0,0,0,0,0,0,0,0,0,0,0,0,,11627,5614,4386,3995,2628,2628,1831,830,33,0,11945,0
477,952,15.9,12/23/2024 09:56:24,24.61,7960,0,0,0,2,182,918,728,380,185,181,141,132,148,138,145,121,121,115,130,129,98,96,101,97,101,101,99,97,104,97,85,75,95,90,83,85,88,86,91,89,94,89,89,80,100,94,113,87,96,97,88,91,81,57,63,55,69,37,60,46,49,47,54,48,47,41,51,30,32,28,23,20,28,16,25,23,13,5,11,8,14,3,4,0,0,0,0,0,0,0,0,0,0,0,0,0,0,0,0,0,0,0,,11040,5762,4372,3905,2828,2828,1829,756,85,0,12231,0
478,954,15.9,12/23/2024 09:58:29,24.14,7612,0,0,0,0,191,843,644,392,228,146,154,108,139,108,145,118,127,112,105,118,100,101,111,83,100,85,98,104,81,76,97,101,83,99,89,92,78,87,64,98,102,73,79,97,89,82,104,111,88,88,91,85,64,63,71,74,49,56,53,47,49,55,48,30,39,30,43,34,32,29,16,24,25,15,12,14,12,10,4,6,10,2,2,0,0,0,0,0,0,0,0,0,0,0,0,0,0,0,0,0,0,0,,10762,5526,4292,4101,2908,2908,1678,613,58,0,12266,0
479,956,15.9,12/23/2024 10:00:38,24.34,7386,0,0,0,0,255,969,661,355,212,167,161,124,136,133,120,104,100,86,98,88,113,108,95,99,86,96,100,79,80,90,89,72,69,72,69,95,87,79,74,95,80,98,74,79,94,95,81,90,84,75,94,77,73,62,49,54,59,47,37,41,35,39,41,39,33,26,28,22,21,22,28,14,12,13,9,10,10,4,5,8,6,1,0,1,0,0,0,0,0,0,0,0,0,0,0,0,0,0,0,0,0,0,,11422,5189,4252,3620,2580,2580,1372,489,33,0,10674,0
480,958,16.0,12/23/2024 10:02:42,24.11,0,0,0,0,0,0,0,0,0,0,0,0,0,0,0,0,0,0,0,0,0,0,0,0,0,0,0,0,0,0,0,0,0,0,0,0,0,0,0,0,0,0,0,0,0,0,0,0,0,0,0,0,0,0,0,0,0,0,0,0,0,0,0,0,0,0,0,0,0,0,0,0,0,0,0,0,0,0,0,0,0,0,0,0,0,0,0,0,0,0,0,0,0,0,0,0,0,0,0,0,0,0,0,,0,0,0,0,0,0,0,0,0,0,0,0
481,960,16.0,12/23/2024 10:04:50,24.25,6233,0,0,0,0,274,1236,679,322,196,111,143,85,95,96,82,98,94,92,76,82,72,66,74,61,64,74,57,74,61,50,58,50,57,60,67,55,42,47,63,53,65,75,74,61,70,56,79,65,74,61,60,61,29,44,26,26,36,25,23,33,27,15,15,17,18,19,15,15,12,7,11,7,8,5,10,8,3,5,3,1,1,1,1,0,0,0,0,0,0,0,0,0,0,0,0,0,0,0,0,0,0,0,,12210,4186,2932,2544,1608,1608,705,256,12,0,6734,0
482,962,16.0,12/23/2024 10:06:56,24.05,7647,0,0,0,0,233,1019,694,363,204,142,155,137,154,132,115,122,94,95,116,127,101,107,102,99,89,102,99,97,82,80,75,79,95,75,81,83,85,97,87,86,98,99,80,83,89,93,88,73,83,91,79,82,64,70,69,47,50,39,40,34,41,38,44,39,37,29,24,32,32,28,23,16,19,21,13,15,11,6,6,6,7,5,1,0,0,0,0,0,0,0,0,0,0,0,0,0,0,0,0,0,0,0,,11684,5605,4295,3913,2557,2557,1526,595,54,0,11202,0
483,964,16.1,12/23/2024 10:09:02,24.02,7763,0,0,0,0,219,931,680,379,228,169,161,141,138,128,111,121,114,118,97,92,105,117,97,103,108,111,101,92,82,83,104,83,82,96,85,86,72,78,92,81,86,94,92,109,96,74,91,87,91,96,101,77,69,93,60,58,58,41,52,41,43,39,47,40,44,38,43,29,28,15,22,15,20,25,22,13,9,8,4,2,3,2,1,0,0,0,0,0,0,0,0,0,0,0,0,0,0,0,0,0,0,0,,11520,5520,4592,3934,2885,2885,1615,595,25,0,11940,0
484,966,16.1,12/23/2024 10:11:12,23.63,5912,0,0,0,0,218,920,623,317,188,136,127,126,100,103,84,78,88,100,72,107,84,95,63,65,67,72,75,63,62,70,59,54,48,51,54,54,51,52,56,69,57,47,64,60,71,67,71,76,69,56,62,70,56,43,39,28,28,31,23,19,19,25,21,19,9,18,18,19,14,12,10,7,2,9,6,7,3,3,1,1,0,0,1,0,0,0,0,0,0,0,0,0,0,0,0,0,0,0,0,0,0,0,,10702,4524,3280,2560,1769,1769,779,207,4,0,7088,0
485,968,16.1,12/23/2024 10:13:21,23.47,5577,0,0,0,0,236,847,608,290,179,113,124,116,88,82,81,73,79,77,71,93,74,72,84,61,75,60,65,60,46,43,54,71,57,60,53,64,58,58,59,43,50,65,54,52,59,54,69,54,68,64,69,63,56,53,43,33,32,24,18,13,16,17,20,22,12,14,15,13,6,14,12,7,8,7,5,2,8,4,4,3,0,1,0,0,0,0,0,0,0,0,0,0,0,0,0,0,0,0,0,0,0,0,,10213,4082,2957,2671,1790,1790,686,256,4,0,7196,0
486,970,16.2,12/23/2024 10:15:27,23.38,6902,0,0,0,0,211,988,612,331,215,131,139,115,106,116,127,98,108,88,94,94,94,67,90,92,91,95,67,73,87,68,66,60,69,87,72,52,73,62,75,68,75,89,62,88,95,85,79,93,94,75,84,88,83,71,55,51,48,44,28,44,43,28,26,28,33,25,27,19,29,21,22,11,11,12,7,10,7,9,6,5,7,3,1,0,0,0,0,0,0,0,0,0,0,0,0,0,0,0,0,0,0,0,,11236,5043,3807,3246,2733,2733,1287,458,47,0,10505,0
487,972,16.2,12/23/2024 10:17:30,23.58,7480,0,0,0,1,251,1026,667,338,221,165,159,154,148,98,107,127,104,99,102,97,91,99,104,95,95,81,89,85,76,82,76,75,70,75,67,75,73,68,57,84,82,86,80,70,76,99,106,85,96,81,94,103,76,61,69,61,71,49,41,51,44,44,41,42,34,30,35,34,19,16,18,16,12,12,10,16,18,3,7,4,4,2,1,0,0,0,0,0,0,0,0,0,0,0,0,0,0,0,0,0,0,0,,11993,5454,4126,3401,3053,3053,1514,509,30,0,11561,0
488,974,16.2,12/23/2024 10:19:36,23.44,6382,0,0,0,0,236,962,587,319,199,114,147,101,113,109,89,94,106,89,88,93,77,86,83,59,78,80,81,84,69,67,74,57,53,62,66,71,72,71,70,75,61,71,69,64,90,76,84,70,65,78,74,68,64,53,51,37,38,41,29,27,13,28,33,20,19,21,23,17,16,10,17,14,12,6,7,8,4,6,9,3,1,2,2,0,0,0,0,0,0,0,0,0,0,0,0,0,0,0,0,0,0,0,,10939,4718,3575,3123,2112,2112,926,371,21,0,8665,0
489,976,16.3,12/23/2024 10:21:45,23.56,5847,0,0,0,0,227,1007,639,287,183,116,123,99,115,85,87,97,85,66,78,75,82,75,54,70,70,51,75,63,60,68,58,46,50,54,56,54,64,62,56,58,62,54,62,67,63,68,71,72,68,51,63,69,54,48,40,34,34,25,24,23,16,19,21,15,12,9,18,15,8,11,10,6,9,7,5,4,2,3,3,2,4,0,1,0,0,0,0,0,0,0,0,0,0,0,0,0,0,0,0,0,0,0,,10959,4211,3081,2632,1825,1825,654,233,21,0,7190,0
490,978,16.3,12/23/2024 10:23:49,23.52,8195,0,0,0,0,221,892,701,382,239,162,171,167,144,140,120,158,135,117,100,109,111,106,120,116,127,110,107,114,103,94,91,102,75,87,103,85,93,81,101,85,87,83,104,81,74,104,106,105,106,89,93,102,82,87,66,62,66,39,66,44,39,43,43,66,47,44,34,43,25,34,19,18,22,25,16,17,14,7,9,1,6,7,1,0,0,0,0,0,0,0,0,0,0,0,0,0,0,0,0,0,0,0,,11769,6259,5098,4209,3172,3172,1858,655,60,0,13125,0
491,980,16.3,12/23/2024 10:25:53,23.39,7347,0,0,0,0,184,834,601,384,218,135,155,144,127,132,116,116,108,100,103,109,112,105,94,81,78,112,104,89,80,87,95,75,81,95,73,76,62,74,72,93,74,82,83,63,85,97,80,103,104,101,83,106,83,65,66,57,67,41,49,43,38,33,44,35,38,49,37,27,27,23,22,23,25,22,15,14,10,5,6,9,4,3,1,1,0,0,0,0,0,0,0,0,0,0,0,0,0,0,0,0,0,0,,10735,5652,4434,3720,2984,2984,1595,663,38,0,11984,0
492,982,16.4,12/23/2024 10:28:01,23.34,6527,0,0,0,0,212,910,621,328,212,129,129,114,87,116,108,96,89,113,94,78,87,83,97,89,79,86,75,100,57,58,62,68,62,90,52,61,51,61,68,67,58,72,81,75,75,66,94,83,83,85,74,86,73,57,54,38,45,26,40,37,23,36,23,13,25,31,18,29,22,16,13,12,15,8,8,8,9,7,7,5,3,3,2,0,0,0,0,0,0,0,0,0,0,0,0,0,0,0,0,0,0,0,,10887,4760,3740,2999,2369,2369,1067,407,34,0,9246,0
493,984,16.4,12/23/2024 10:30:04,23.42,7442,0,0,0,0,234,968,660,359,182,165,144,124,132,121,121,96,94,109,98,92,91,97,81,92,70,93,75,65,83,76,68,92,71,84,81,73,59,90,63,77,77,70,91,81,109,94,105,87,102,84,99,81,88,68,85,66,64,46,42,56,38,50,46,38,45,39,47,35,36,24,16,19,26,19,15,16,18,7,8,8,7,9,0,1,0,0,0,0,0,0,0,0,0,0,0,0,0,0,0,0,0,0,,11580,5218,3804,3565,3130,3130,1768,679,73,0,12344,0
494,986,16.4,12/23/2024 10:32:08,23.34,7543,0,0,0,1,269,1088,674,357,218,157,170,119,151,134,117,105,97,90,102,117,64,75,85,74,82,81,87,86,85,83,89,62,75,70,77,54,69,75,65,78,87,95,82,106,87,96,98,94,101,101,75,85,83,81,69,60,48,47,46,41,36,39,31,49,35,31,31,32,29,24,17,14,15,7,12,14,14,10,9,6,12,5,5,2,0,0,0,0,0,0,0,0,0,0,0,0,0,0,0,0,0,0,,12571,5424,3817,3432,2875,2875,1517,557,103,0,11358,0
495,988,16.5,12/23/2024 10:34:14,23.33,7401,0,0,0,0,227,894,639,406,204,150,161,117,117,108,114,113,91,103,107,98,92,90,111,99,102,98,90,105,85,88,74,72,72,92,75,70,85,82,73,98,90,83,92,70,96,76,92,80,103,93,85,82,87,67,65,55,54,56,52,53,45,47,26,37,42,28,42,31,28,21,21,10,18,16,10,13,7,8,3,8,3,4,0,0,0,0,0,0,0,0,0,0,0,0,0,0,0,0,0,0,0,0,,11492,5234,4432,3785,3005,3005,1577,502,30,0,11903,0
496,990,16.5,12/23/2024 10:36:18,23.52,8222,0,0,0,0,229,872,649,422,242,173,186,149,126,134,141,128,156,102,126,127,105,104,118,103,96,110,94,92,93,78,88,92,85,91,97,101,78,88,104,79,119,71,97,108,82,94,89,88,95,102,93,97,103,113,84,54,51,52,58,58,63,61,63,48,39,59,39,35,30,34,32,28,15,19,21,11,14,15,7,6,11,5,1,0,0,0,0,0,0,0,0,0,0,0,0,0,0,0,0,0,0,0,,11790,6293,4596,4345,3512,3512,2139,761,72,0,14341,0
497,992,16.5,12/23/2024 10:38:22,23.56,7619,0,0,0,0,207,794,644,377,174,138,159,155,119,125,117,134,103,120,92,93,105,107,105,125,96,87,89,95,84,100,79,102,90,80,82,90,92,88,91,86,96,92,84,85,96,79,84,104,118,86,92,95,95,67,53,81,66,60,43,34,57,40,52,40,40,39,42,31,23,29,29,26,21,21,12,23,15,13,10,8,8,6,0,0,0,0,0,0,0,0,0,0,0,0,0,0,0,0,0,0,0,0,,10581,5611,4550,4143,3154,3154,1791,789,59,0,13090,0
498,994,16.6,12/23/2024 10:40:29,23.56,7026,0,0,0,0,236,963,664,374,226,158,136,110,99,131,103,109,95,104,97,96,96,72,72,91,96,90,96,89,72,71,60,76,62,54,65,74,81,76,67,70,79,80,85,87,84,71,84,87,79,80,95,82,84,66,66,45,45,29,37,27,38,38,40,40,32,27,18,22,23,14,14,21,13,13,11,9,7,6,8,5,1,2,1,0,0,0,0,0,0,0,0,0,0,0,0,0,0,0,0,0,0,0,,11702,4992,3841,3243,2606,2606,1299,458,17,0,10229,0
499,996,16.6,12/23/2024 10:42:37,23.38,5996,0,0,0,0,332,1365,767,338,218,127,129,94,105,82,91,79,73,71,55,52,80,57,68,61,58,55,48,33,43,47,53,48,43,53,54,48,47,52,53,49,45,48,50,52,58,51,72,46,58,59,58,50,38,26,24,16,23,19,14,12,12,15,10,14,6,9,16,8,4,6,6,5,3,4,5,1,3,7,5,3,3,3,1,0,0,0,0,0,0,0,0,0,0,0,0,0,0,0,0,0,0,0,,14012,3896,2579,2331,1249,1249,453,192,30,0,5505,0
500,998,16.6,12/23/2024 10:44:43,23.5,7726,0,0,0,1,217,871,635,357,230,142,189,121,136,103,117,132,113,91,102,113,97,104,112,107,100,96,118,101,94,97,82,98,89,80,77,66,74,75,92,84,92,79,88,78,97,100,98,104,111,89,100,104,88,93,70,66,62,43,52,50,40,52,54,47,41,30,20,35,35,35,24,16,23,18,16,14,15,9,7,8,5,4,1,0,0,0,0,0,0,0,0,0,0,0,0,0,0,0,0,0,0,0,,11243,5591,4715,3868,3268,3268,1757,660,43,0,12864,0
501,1000,16.7,12/23/2024 10:46:49,23.23,7421,0,0,0,1,204,818,637,331,229,153,179,141,138,106,112,130,134,115,120,109,83,91,101,103,91,80,95,88,88,84,89,65,83,82,75,71,78,73,57,70,75,77,78,94,86,91,87,115,84,96,107,78,87,82,78,68,62,56,46,37,38,43,47,47,34,28,42,35,34,22,26,21,21,10,19,23,11,12,6,4,4,5,1,0,0,0,0,0,0,0,0,0,0,0,0,0,0,0,0,0,0,0,,10986,5885,4275,3521,3181,3181,1705,676,43,0,12307,0
502,1002,16.7,12/23/2024 10:48:54,23.23,7708,0,0,0,0,217,837,618,371,226,143,150,144,149,118,117,136,127,140,119,95,120,102,98,88,95,99,98,106,83,79,84,70,114,93,63,58,71,91,64,91,77,88,91,96,103,90,106,100,93,92,89,108,82,84,73,72,70,43,64,52,49,51,54,50,48,44,37,31,25,25,19,19,29,18,16,11,10,10,3,6,4,1,1,0,0,0,0,0,0,0,0,0,0,0,0,0,0,0,0,0,0,0,,11029,6091,4529,3771,3384,3384,1864,624,26,0,13052,0
503,1004,16.7,12/23/2024 10:51:02,23.16,7185,0,0,0,0,197,830,621,329,238,162,153,122,152,103,112,150,122,111,102,76,108,118,93,84,95,93,76,103,86,85,75,58,65,76,75,64,63,69,58,72,63,86,89,77,88,82,95,75,84,104,97,94,78,78,67,52,53,52,34,44,38,52,39,37,50,33,33,27,27,26,18,20,21,15,10,12,11,10,5,5,4,4,0,0,0,0,0,0,0,0,0,0,0,0,0,0,0,0,0,0,0,0,,10924,5661,4387,3187,2966,2966,1641,566,35,0,11360,0
504,1006,16.8,12/23/2024 10:53:07,23.31,7481,0,0,0,0,189,805,592,322,211,140,180,139,125,118,131,157,120,123,103,132,113,98,88,105,97,96,91,102,75,101,91,100,78,72,73,75,78,79,69,70,78,74,85,85,90,86,71,86,99,102,104,96,117,80,77,72,69,60,38,40,46,49,43,46,51,26,30,31,24,27,17,25,21,18,18,23,14,10,6,3,4,0,2,0,0,0,0,0,0,0,0,0,0,0,0,0,0,0,0,0,0,0,,10463,6182,4535,3702,3428,3428,1673,682,26,0,12939,0
505,1008,16.8,12/23/2024 10:55:12,23.16,7591,0,0,0,0,235,832,633,353,241,174,175,138,173,116,108,110,132,130,120,101,128,98,99,107,84,109,93,77,73,89,100,94,84,78,83,74,83,76,86,83,78,95,78,73,93,90,106,76,95,89,84,85,82,83,68,69,45,40,44,50,38,53,41,36,42,45,30,27,27,23,13,15,17,17,19,15,12,7,7,6,3,3,3,0,0,0,0,0,0,0,0,0,0,0,0,0,0,0,0,0,0,0,,11412,6179,4564,3968,2971,2971,1619,566,39,0,12133,0
506,1010,16.8,12/23/2024 10:57:18,23.23,7460,0,0,0,0,179,839,576,360,239,177,183,145,149,120,129,119,118,112,123,111,106,111,111,89,98,94,73,88,69,60,76,70,80,76,80,65,73,74,90,80,71,70,59,83,92,100,92,97,78,106,79,106,92,84,71,65,67,50,56,47,43,40,37,45,38,39,42,42,29,27,24,20,24,16,15,16,17,16,9,5,6,3,0,0,0,0,0,0,0,0,0,0,0,0,0,0,0,0,0,0,0,0,,10990,6091,4197,3594,3272,3272,1748,723,39,0,12647,0
507,1012,16.9,12/23/2024 10:59:21,23.3,8306,1,0,0,0,203,842,642,397,278,165,159,190,166,140,133,139,135,146,128,113,109,128,101,110,95,106,115,102,106,91,101,90,113,83,85,94,76,88,79,70,80,92,105,98,94,88,108,106,95,115,80,125,86,84,90,65,56,54,63,61,44,50,57,50,53,51,43,42,35,23,25,28,29,21,18,16,12,13,9,11,6,5,1,0,0,0,0,0,0,0,0,0,0,0,0,0,0,0,0,0,0,0,,11532,6687,4996,4116,3468,3468,2030,807,52,0,13940,0
508,1014,16.9,12/23/2024 11:01:30,23.23,6623,0,0,0,0,222,869,583,362,230,157,150,118,117,120,97,115,116,92,106,92,103,100,67,84,82,73,70,74,62,74,83,62,56,57,62,80,62,63,73,74,63,68,63,78,81,84,73,83,83,74,84,70,66,63,53,50,42,36,30,39,21,26,35,25,28,26,15,17,13,15,28,14,7,16,7,12,4,11,4,5,3,1,0,0,0,0,0,0,0,0,0,0,0,0,0,0,0,0,0,0,0,0,,11076,5278,3754,3164,2385,2385,1072,478,17,0,9501,0
509,1016,16.9,12/23/2024 11:03:33,23.3,7771,0,0,0,1,184,753,580,355,261,164,187,175,140,138,133,130,127,124,114,114,128,127,121,98,91,109,96,91,75,80,98,90,94,80,91,71,87,64,80,71,74,70,94,82,87,83,95,95,94,107,105,101,88,88,78,44,62,58,55,51,54,53,55,49,45,45,29,35,31,37,23,26,26,20,25,19,17,15,13,9,7,4,1,0,0,0,0,0,0,0,0,0,0,0,0,0,0,0,0,0,0,0,,10665,6481,4781,3863,3365,3365,1957,858,52,0,13459,0
510,1018,17.0,12/23/2024 11:05:40,22.92,6995,0,0,0,1,183,796,622,333,265,168,175,149,137,115,133,111,106,102,125,110,103,81,102,93,91,98,74,88,96,79,66,83,80,67,62,61,83,64,62,71,77,82,86,81,79,79,84,71,76,71,90,83,79,76,61,59,45,46,45,41,25,23,26,30,33,18,28,24,25,25,15,13,9,7,10,8,4,7,7,5,6,0,1,0,0,0,0,0,0,0,0,0,0,0,0,0,0,0,0,0,0,0,,11095,5960,4236,3386,2836,2836,1187,397,31,0,10672,0
511,1020,17.0,12/23/2024 11:07:43,22.86,8472,1,0,0,0,186,737,564,316,213,223,154,161,148,116,164,122,132,126,126,107,119,106,109,121,109,110,110,96,84,95,98,95,91,103,90,96,79,79,97,92,87,73,79,80,104,100,91,143,99,115,117,120,111,100,103,94,84,65,60,75,68,74,76,60,72,63,71,70,50,45,52,33,39,36,35,30,31,31,15,18,14,9,5,0,0,0,0,0,0,0,0,0,0,0,0,0,0,0,0,0,0,0,,10472,6452,5061,4405,4361,4361,3066,1461,122,0,17778,0
512,1022,17.0,12/23/2024 11:09:43,22.7,8617,0,0,0,0,170,753,569,379,208,195,189,146,130,132,115,139,141,137,121,120,111,128,95,106,118,107,99,86,107,103,77,103,79,85,98,84,98,79,84,93,72,104,104,96,102,103,112,117,115,114,122,116,127,125,103,109,96,86,84,100,70,69,80,67,66,69,48,52,56,34,44,40,37,35,39,29,24,19,15,11,7,9,6,0,0,0,0,0,0,0,0,0,0,0,0,0,0,0,0,0,0,0,,10850,6524,5009,4194,5013,5013,2885,1322,97,0,18524,0
513,1024,17.1,12/23/2024 11:11:47,21.75,6268,0,0,0,0,230,832,538,283,197,117,146,105,120,97,89,89,95,72,79,75,84,78,68,59,69,64,53,80,56,57,63,47,63,61,69,51,56,70,49,59,63,75,56,61,61,68,73,69,84,103,90,98,90,83,85,76,74,55,40,48,36,31,34,26,27,33,29,19,20,24,19,20,15,12,7,11,7,17,1,2,6,0,0,0,0,0,0,0,0,0,0,0,0,0,0,0,0,0,0,0,0,0,,10772,4832,3361,2993,3563,3563,1370,538,28,0,12055,0
514,1026,17.1,12/23/2024 11:13:51,21,4914,0,0,0,0,142,652,438,219,151,96,107,75,85,75,74,65,45,72,57,74,62,54,56,53,63,46,46,44,51,56,44,48,53,43,39,58,41,48,50,50,49,40,50,47,40,51,58,69,78,68,65,78,65,92,76,81,70,49,41,32,26,26,27,23,20,25,22,12,17,14,11,8,5,10,7,6,11,3,3,0,5,2,0,0,0,0,0,0,0,0,0,0,0,0,0,0,0,0,0,0,0,0,,8595,3767,2738,2490,3214,3214,1062,329,33,0,10343,0
515,1028,17.1,12/23/2024 11:15:55,20.31,4684,0,0,0,0,180,873,458,209,175,111,92,73,65,73,69,86,63,55,41,52,39,56,40,36,48,45,31,39,35,34,33,29,41,29,31,24,36,37,29,35,32,25,42,32,35,48,40,43,53,48,65,57,72,77,68,76,77,57,46,32,29,24,21,17,10,19,15,19,24,7,13,9,3,9,6,7,4,6,5,3,3,3,1,0,0,0,0,0,0,0,0,0,0,0,0,0,0,0,0,0,0,0,,10330,3486,2147,1753,3230,3230,975,335,34,0,9557,0
516,1030,17.2,12/23/2024 11:17:56,19.69,6000,0,0,0,0,110,572,472,261,207,128,128,98,101,97,115,119,94,93,86,86,73,80,80,72,71,78,83,72,68,68,57,52,60,62,53,57,69,50,70,54,65,60,51,63,52,78,52,57,58,61,75,68,89,78,102,82,76,89,100,76,61,50,38,38,35,35,29,24,17,24,19,10,18,12,12,14,11,9,8,1,5,2,0,0,0,0,0,0,0,0,0,0,0,0,0,0,0,0,0,0,0,0,,9538,5536,4073,3296,4551,4551,1879,604,36,0,14916,0
517,1032,17.2,12/23/2024 11:19:53,19.53,6527,0,0,0,0,106,430,376,228,203,131,153,122,124,107,113,102,85,99,99,110,90,102,93,93,74,87,79,94,70,67,76,54,63,69,64,79,70,56,63,79,73,62,56,67,81,72,76,66,71,65,78,63,78,103,88,109,96,129,115,91,77,83,70,49,46,49,46,47,52,38,33,22,29,17,23,26,23,14,16,4,10,3,1,0,0,0,0,0,0,0,0,0,0,0,0,0,0,0,0,0,0,0,,8331,6165,4736,3820,5259,5259,3021,1111,72,0,18541,0
518,1034,17.2,12/23/2024 11:21:51,19.06,6490,0,0,0,0,133,463,445,222,223,135,148,110,113,104,98,114,97,77,98,83,93,86,66,91,77,94,73,85,65,61,73,68,66,62,66,52,78,55,61,65,65,59,62,48,73,60,64,43,71,82,73,92,84,92,96,100,94,87,109,102,103,90,62,53,46,53,44,57,36,53,45,30,30,17,23,14,18,14,14,15,13,3,1,0,0,0,0,0,0,0,0,0,0,0,0,0,0,0,0,0,0,0,,9281,5955,4533,3730,5414,5414,3368,1222,89,0,19239,0
519,1036,17.3,12/23/2024 11:23:50,18.72,5800,0,0,0,0,96,485,402,235,202,117,123,111,108,103,102,79,92,88,77,63,81,83,84,82,77,69,84,67,70,62,58,67,61,64,52,52,51,47,47,62,57,43,43,58,41,63,47,54,57,49,75,68,79,86,80,91,94,89,104,94,89,82,54,48,40,50,32,34,26,23,25,28,14,15,17,9,15,9,3,6,4,2,0,0,0,0,0,0,0,0,0,0,0,0,0,0,0,0,0,0,0,0,,8868,5486,4364,3301,5069,5069,2687,775,32,0,16934,0
520,1038,17.3,12/23/2024 11:25:50,18.16,4974,0,0,0,0,97,489,411,213,193,114,107,95,101,109,89,86,83,89,67,84,56,69,60,61,65,55,63,66,58,62,60,53,42,48,47,35,27,30,38,45,57,45,42,33,37,31,31,53,54,58,45,51,61,62,61,63,82,58,92,74,76,57,45,38,22,16,19,24,18,20,17,15,10,6,10,6,5,4,2,4,2,1,0,0,0,0,0,0,0,0,0,0,0,0,0,0,0,0,0,0,0,0,,8943,5319,3717,2654,3992,3992,1938,446,17,0,13040,0
521,1040,17.3,12/23/2024 11:27:47,18.05,6213,0,0,0,0,102,392,342,226,206,144,120,111,96,112,108,107,118,92,97,99,85,78,97,81,83,80,67,75,78,88,85,80,71,50,64,57,78,54,60,56,63,73,57,55,79,74,56,60,66,59,71,74,70,66,76,93,75,79,98,105,100,89,92,72,48,51,40,42,49,34,35,28,22,28,24,22,15,12,9,4,5,4,0,0,0,0,0,0,0,0,0,0,0,0,0,0,0,0,0,0,0,0,,8488,6343,4970,3978,5025,5025,3612,1130,50,0,18820,0
522,1042,17.4,12/23/2024 11:29:44,17.94,4459,0,0,0,0,131,595,413,180,174,114,91,70,82,76,79,76,73,68,54,36,49,49,58,39,44,43,44,37,41,34,29,41,24,33,26,23,28,41,18,28,22,30,30,23,27,34,28,30,29,49,44,35,42,38,61,50,79,80,85,99,70,72,52,45,34,23,24,23,29,22,17,20,12,12,11,11,4,6,3,6,6,1,0,0,0,0,0,0,0,0,0,0,0,0,0,0,0,0,0,0,0,0,,9465,4203,2603,1745,3807,3807,2291,602,39,0,12291,0
523,1044,17.4,12/23/2024 11:31:38,17.75,5010,0,0,0,0,188,838,508,211,179,126,110,96,93,73,68,76,67,78,60,62,58,55,53,45,47,49,43,47,43,37,42,31,26,41,30,31,34,39,27,33,24,41,36,33,30,43,37,30,36,34,38,45,36,54,53,64,61,66,63,77,79,62,56,36,40,22,21,17,26,14,13,16,8,11,9,10,5,4,6,5,4,1,0,0,0,0,0,0,0,0,0,0,0,0,0,0,0,0,0,0,0,0,,12169,4738,2924,2017,3583,3583,2175,513,28,0,11899,0
524,1046,17.4,12/23/2024 11:33:36,17.31,5184,0,0,0,0,99,518,384,206,194,131,133,99,98,98,85,73,81,91,79,62,76,56,66,53,74,70,56,53,52,47,46,45,36,67,43,49,52,46,44,56,46,47,39,41,50,41,67,57,41,48,52,57,54,43,57,71,66,69,81,84,100,66,87,41,26,34,29,21,24,28,21,24,9,3,8,8,13,6,4,3,0,0,0,0,0,0,0,0,0,0,0,0,0,0,0,0,0,0,0,0,0,0,,9619,5633,3749,3062,4240,4240,2756,572,0,0,14870,0
525,1048,17.5,12/23/2024 11:35:32,17.22,5037,0,0,0,0,148,719,439,188,170,121,135,107,104,91,91,88,69,72,50,68,56,57,50,45,56,60,46,52,41,37,28,35,34,34,34,31,42,30,26,29,35,30,37,28,28,34,24,25,32,39,42,25,42,41,55,53,51,72,80,98,103,98,71,53,45,35,33,30,31,29,27,25,28,16,12,10,8,4,10,8,5,2,0,0,0,0,0,0,0,0,0,0,0,0,0,0,0,0,0,0,0,0,,11150,5407,3066,2079,3844,3844,3223,889,41,0,13920,0
526,1050,17.5,12/23/2024 11:37:26,17.08,5302,0,0,0,0,153,631,440,215,201,157,115,102,92,92,83,82,71,75,71,82,59,57,49,52,59,37,49,43,39,32,49,42,34,40,40,33,33,31,33,34,27,29,21,41,23,27,31,39,43,33,40,40,62,48,47,52,54,81,95,100,101,120,106,75,62,43,31,45,36,32,33,31,25,25,17,18,17,8,12,9,14,2,0,0,0,0,0,0,0,0,0,0,0,0,0,0,0,0,0,0,0,0,,11194,5410,3074,2319,4215,4215,4005,1224,94,0,16071,0
527,1052,17.5,12/23/2024 11:39:24,16.8,4710,0,0,0,0,115,530,410,163,152,121,126,88,85,79,86,60,67,68,63,63,56,69,56,35,39,54,50,30,33,29,41,40,45,36,46,44,37,42,34,34,21,32,43,38,41,49,46,48,32,42,39,50,44,40,54,66,60,70,85,73,91,83,81,60,41,39,27,21,22,23,26,12,16,13,15,13,6,7,7,3,4,1,0,0,0,0,0,0,0,0,0,0,0,0,0,0,0,0,0,0,0,0,,9625,5006,2929,2500,4000,4000,3060,726,30,0,14315,0
528,1054,17.6,12/23/2024 11:41:18,16.81,5011,0,0,0,0,108,542,365,199,199,126,105,101,91,79,62,63,75,57,57,68,65,60,46,46,44,49,40,37,52,29,41,51,37,36,26,48,28,37,39,37,31,37,47,42,40,37,55,54,41,47,51,41,54,65,50,59,61,70,80,92,107,105,90,78,51,43,40,40,44,27,28,31,20,16,15,14,17,12,13,10,7,4,0,0,0,0,0,0,0,0,0,0,0,0,0,0,0,0,0,0,0,0,,9780,4896,3028,2445,4343,4343,3885,1089,65,0,16169,0
529,1056,17.6,12/23/2024 11:43:10,16.77,6403,0,0,0,0,82,349,325,200,209,150,146,114,118,105,110,114,108,101,105,102,103,102,86,96,94,76,89,83,69,84,74,68,73,69,56,58,71,59,50,58,53,52,36,48,73,44,58,69,77,69,64,59,65,65,75,79,79,99,80,112,107,138,102,107,80,69,46,66,52,49,64,38,44,26,19,11,12,20,16,12,10,3,0,0,0,0,0,0,0,0,0,0,0,0,0,0,0,0,0,0,0,0,,8712,7311,5701,4109,5271,5271,5247,1622,78,0,21598,0
530,1058,17.6,12/23/2024 11:44:59,16.69,4322,0,0,0,0,56,288,288,173,124,100,102,99,77,74,76,81,58,58,67,60,64,77,52,57,52,63,44,57,52,48,38,45,55,49,53,39,40,39,32,33,42,37,41,46,47,37,46,40,31,34,44,36,40,36,47,47,48,60,60,52,82,71,66,67,59,36,41,32,29,31,35,30,18,14,14,12,17,10,8,5,2,2,0,0,0,0,0,0,0,0,0,0,0,0,0,0,0,0,0,0,0,0,,6777,4889,3619,2786,3307,3307,3289,989,24,0,13703,0
531,1060,17.7,12/23/2024 11:46:54,16.33,5646,0,0,0,0,83,435,334,195,173,136,142,117,91,98,95,108,98,84,91,80,91,65,77,80,84,71,66,62,74,61,47,60,49,53,52,60,47,64,48,59,64,58,49,50,64,47,44,52,62,51,56,56,56,57,47,60,73,91,84,93,81,101,86,95,69,51,47,42,35,31,32,31,25,19,17,8,8,10,5,6,3,0,0,0,0,0,0,0,0,0,0,0,0,0,0,0,0,0,0,0,0,0,,9173,6705,4764,3693,4617,4617,4103,1004,18,0,18053,0
532,1062,17.7,12/23/2024 11:48:50,16,4799,0,0,0,0,88,410,327,177,203,129,133,108,107,89,95,81,81,69,68,61,75,78,72,52,54,66,64,55,60,48,46,59,53,48,53,53,43,39,34,51,38,39,39,36,31,47,43,44,46,41,48,47,42,46,39,47,46,64,54,62,55,67,80,60,52,36,29,30,29,20,27,21,21,2,11,12,4,7,2,3,2,1,0,0,0,0,0,0,0,0,0,0,0,0,0,0,0,0,0,0,0,0,,9169,6044,4188,3231,3438,3438,3031,700,19,0,13856,0
533,1064,17.7,12/23/2024 11:50:43,16.13,5989,0,0,0,0,80,358,369,199,173,166,171,122,143,106,109,88,100,87,77,111,82,90,63,75,91,76,77,79,64,62,64,71,63,58,54,45,46,52,58,54,57,61,48,48,55,58,55,57,43,52,54,73,65,71,76,65,68,84,81,92,84,88,90,97,68,64,66,55,60,48,40,40,31,23,19,14,18,13,9,5,3,8,0,0,0,0,0,0,0,0,0,0,0,0,0,0,0,0,0,0,0,0,,9399,7415,5102,3856,5040,5040,4712,1333,68,0,20050,0
534,1066,17.8,12/23/2024 11:52:36,15.98,5857,0,0,0,0,65,394,312,193,186,112,110,131,116,103,115,89,92,100,84,81,104,88,79,83,82,76,65,82,48,75,67,54,62,59,50,54,57,64,58,61,58,72,48,54,61,54,36,47,55,59,47,52,55,53,49,61,72,76,85,89,90,103,101,103,98,59,66,59,51,51,43,32,34,27,12,30,20,12,15,8,6,3,0,0,0,0,0,0,0,0,0,0,0,0,0,0,0,0,0,0,0,0,,8586,7040,5313,4030,4562,4562,5156,1496,56,0,19862,0
535,1068,17.8,12/23/2024 11:54:32,15.73,5135,0,0,0,0,75,397,337,180,172,128,122,105,107,111,84,99,89,69,83,57,77,63,67,81,74,56,36,46,63,48,46,60,45,39,44,37,52,52,43,50,51,48,50,26,38,45,53,42,42,46,53,47,44,52,79,53,55,66,55,71,80,80,104,103,65,62,48,36,50,40,26,26,23,20,12,11,12,10,4,5,5,3,0,0,0,0,0,0,0,0,0,0,0,0,0,0,0,0,0,0,0,0,,8970,6376,4177,3299,4164,4164,4412,979,51,0,17069,0
536,1070,17.8,12/23/2024 11:56:26,15.73,5925,0,0,0,0,80,421,326,208,202,116,140,97,106,114,94,109,88,77,86,90,94,80,87,78,82,57,59,76,62,67,67,77,67,64,54,53,52,60,62,83,52,61,60,59,44,65,59,43,65,50,59,63,65,70,54,64,58,64,69,74,79,77,110,121,84,77,79,53,45,35,47,40,37,24,15,11,13,18,13,6,6,2,0,0,0,0,0,0,0,0,0,0,0,0,0,0,0,0,0,0,0,0,,9491,6961,5143,4393,4571,4571,5130,1462,51,0,20178,0
537,1072,17.9,12/23/2024 11:58:19,15.5,5258,0,0,0,0,64,303,283,186,189,116,135,103,101,98,106,72,87,74,78,75,73,80,79,63,77,67,57,74,76,54,43,55,55,61,51,44,43,51,45,60,45,44,33,60,53,59,45,49,39,61,50,46,46,48,50,60,47,68,79,75,85,84,93,101,92,61,52,56,46,44,35,33,28,22,18,22,19,13,7,5,7,0,0,0,0,0,0,0,0,0,0,0,0,0,0,0,0,0,0,0,0,0,,8232,6465,4794,3568,4219,4219,4832,1348,45,0,18232,0
538,1074,17.9,12/23/2024 12:00:13,15.5,5448,0,0,0,0,67,361,299,203,151,144,126,115,115,108,91,117,78,81,82,75,69,75,83,63,72,82,64,60,78,60,51,62,55,59,58,51,55,51,49,62,55,61,55,47,50,60,55,45,55,46,53,53,44,51,52,70,57,79,65,79,84,78,109,93,68,76,47,38,42,35,39,32,22,23,13,12,9,7,9,5,3,0,0,0,0,0,0,0,0,0,0,0,0,0,0,0,0,0,0,0,0,0,,8716,6819,4884,3923,4432,4432,4574,1123,19,0,18503,0
539,1076,17.9,12/23/2024 12:02:06,15.52,5757,0,0,0,0,77,378,319,179,164,123,148,114,120,127,105,93,86,107,83,92,92,95,87,79,66,73,70,77,62,53,67,63,66,72,57,58,63,63,60,51,49,45,58,61,45,55,38,65,49,56,57,62,67,53,61,78,61,77,73,75,74,78,106,74,84,62,57,55,59,34,27,36,25,16,21,17,13,17,2,13,9,4,0,0,0,0,0,0,0,0,0,0,0,0,0,0,0,0,0,0,0,0,,8943,7519,5290,4311,4755,4755,4575,1263,84,0,19742,0
540,1078,18.0,12/23/2024 12:03:59,15.86,6410,0,0,0,0,76,308,306,198,191,143,134,130,118,117,114,135,98,92,92,90,108,79,83,89,73,86,86,85,55,63,70,76,67,78,74,61,73,42,64,52,55,62,45,68,63,50,55,48,55,71,58,58,75,65,55,66,70,89,81,91,88,105,136,126,116,98,67,61,66,65,62,71,44,45,32,24,29,21,21,21,18,8,0,0,0,0,0,0,0,0,0,0,0,0,0,0,0,0,0,0,0,0,,8550,7743,5530,4489,5019,5019,6242,2446,164,0,23380,0
541,1080,18.0,12/23/2024 12:05:53,15.53,4950,0,0,0,0,86,414,337,186,151,128,132,95,116,97,95,96,95,62,66,79,79,83,56,64,60,49,63,60,72,67,38,60,63,50,41,52,42,49,59,53,40,55,41,46,45,37,50,41,50,38,30,42,45,41,47,43,50,37,47,65,72,68,87,86,59,47,39,33,28,27,20,20,14,16,12,13,6,5,3,4,2,4,0,0,0,0,0,0,0,0,0,0,0,0,0,0,0,0,0,0,0,0,,9234,6516,4449,3522,3342,3342,3645,741,39,0,14630,0
542,1082,18.0,12/23/2024 12:07:48,15.39,5383,0,0,0,0,70,368,311,178,182,135,107,118,97,89,112,102,92,78,83,67,74,55,73,75,69,63,61,77,66,61,71,57,63,67,50,53,52,43,47,43,52,47,53,51,46,38,41,35,39,58,45,49,44,43,62,58,57,56,67,67,68,72,105,124,103,82,58,44,48,39,37,38,27,29,27,11,16,14,8,8,6,2,0,0,0,0,0,0,0,0,0,0,0,0,0,0,0,0,0,0,0,0,,8778,6621,4841,3886,4003,4003,5068,1436,52,0,18447,0
543,1084,18.1,12/23/2024 12:09:40,15.38,6190,0,0,0,0,44,295,315,189,169,137,137,125,126,106,119,108,98,88,78,82,100,96,99,89,97,101,74,74,71,71,68,70,61,66,80,60,57,55,61,68,52,46,57,55,60,48,55,60,59,57,64,62,56,59,60,73,52,71,81,79,103,87,115,120,126,101,82,57,67,54,59,55,41,41,35,33,25,12,10,15,11,1,0,0,0,0,0,0,0,0,0,0,0,0,0,0,0,0,0,0,0,0,,8362,7588,6112,4538,4941,4941,6313,2191,78,0,23004,0
544,1086,18.1,12/23/2024 12:11:31,15.52,6483,0,0,0,0,52,299,275,198,164,135,130,122,104,120,137,99,126,111,100,106,86,82,91,95,66,77,76,89,60,65,78,57,74,68,64,66,79,62,58,65,61,60,44,54,59,58,52,52,47,75,64,65,60,73,62,64,70,72,79,94,83,105,115,119,119,117,94,84,66,83,63,64,58,68,50,42,43,37,26,20,22,4,0,0,0,0,0,0,0,0,0,0,0,0,0,0,0,0,0,0,0,0,,8073,7996,5573,4716,5064,5064,6753,3177,168,0,24942,0
545,1088,18.1,12/23/2024 12:13:23,15.55,5630,0,0,0,0,65,307,283,180,148,140,143,114,113,115,101,91,113,112,95,83,88,87,75,70,78,64,69,50,78,62,67,48,53,49,63,61,63,41,46,66,39,49,60,51,44,56,57,44,49,39,38,65,35,64,60,53,64,70,68,89,87,105,100,105,107,82,70,43,46,56,40,40,43,23,15,23,27,15,10,12,5,1,0,0,0,0,0,0,0,0,0,0,0,0,0,0,0,0,0,0,0,0,,8141,7511,5068,3833,4457,4457,5408,1627,39,0,19820,0
546,1090,18.2,12/23/2024 12:15:14,15.61,6357,0,0,0,0,70,323,293,145,191,138,140,119,135,135,117,118,102,115,91,92,89,92,95,94,75,90,88,68,84,61,56,42,56,64,48,61,75,65,63,71,51,55,51,45,73,60,57,60,60,50,53,62,53,64,57,74,83,70,77,85,103,108,126,113,104,97,73,65,73,63,66,67,45,50,50,41,26,23,23,22,16,2,0,0,0,0,0,0,0,0,0,0,0,0,0,0,0,0,0,0,0,0,,8328,8027,5714,4177,5003,5003,6348,2748,115,0,23395,0
547,1092,18.2,12/23/2024 12:17:09,15.42,5230,0,0,0,0,69,321,332,203,174,135,141,102,109,102,114,93,94,84,75,81,68,73,73,64,63,69,66,65,52,60,52,53,57,46,51,56,53,52,40,51,49,49,53,51,53,52,47,59,39,38,51,37,51,48,43,56,48,57,53,67,71,83,76,104,83,74,47,33,41,29,41,33,29,16,16,18,9,10,9,6,7,1,0,0,0,0,0,0,0,0,0,0,0,0,0,0,0,0,0,0,0,0,,8917,6894,4572,3632,3774,3774,4423,1258,52,0,16913,0
548,1094,18.2,12/23/2024 12:18:59,15.48,6213,0,0,0,0,59,288,288,172,177,119,149,118,116,124,125,105,97,105,99,86,93,101,94,77,74,91,75,73,73,78,72,77,75,63,77,67,64,61,54,69,65,71,66,71,55,60,74,66,56,71,55,54,68,65,63,70,79,71,77,81,62,92,101,109,92,80,71,73,53,43,52,66,43,29,42,30,24,17,19,15,21,6,0,0,0,0,0,0,0,0,0,0,0,0,0,0,0,0,0,0,0,0,,8088,7862,5820,4806,4813,4813,5349,2313,174,0,22267,0
549,1096,18.3,12/23/2024 12:20:51,15.28,6045,0,0,0,0,61,313,303,170,198,147,118,90,124,110,121,109,94,82,91,82,86,60,72,75,75,75,73,78,77,61,70,73,64,54,74,56,64,59,51,43,46,54,48,48,51,56,59,57,47,41,68,45,64,61,56,84,74,75,84,76,98,136,98,106,121,84,77,68,73,69,64,50,38,42,37,35,29,17,15,19,16,6,0,0,0,0,0,0,0,0,0,0,0,0,0,0,0,0,0,0,0,0,,8573,7245,5249,4280,5137,5137,6505,2369,144,0,23573,0
550,1098,18.3,12/23/2024 12:22:44,15.3,5852,0,0,0,0,74,348,283,195,202,118,158,113,114,99,117,97,114,98,78,93,75,100,84,64,84,81,85,78,77,58,65,69,64,58,52,51,56,67,62,57,64,52,61,53,56,58,41,45,48,57,59,48,61,63,67,47,57,66,73,83,96,108,97,104,98,69,62,46,35,56,40,38,39,31,25,11,18,10,10,8,4,0,0,0,0,0,0,0,0,0,0,0,0,0,0,0,0,0,0,0,0,0,,9007,7556,5562,4346,4706,4706,5301,1529,26,0,20614,0
551,1100,18.3,12/23/2024 12:24:36,15.36,5620,0,0,0,0,63,343,312,174,164,136,113,104,110,96,98,90,87,82,91,75,95,92,85,88,79,72,67,73,70,80,58,49,64,77,52,50,59,59,64,62,53,45,69,46,50,40,55,60,57,49,57,41,70,65,62,85,72,53,63,78,83,93,89,84,84,67,58,41,50,42,43,28,32,22,28,19,11,14,10,8,10,1,0,0,0,0,0,0,0,0,0,0,0,0,0,0,0,0,0,0,0,0,,8496,6777,5592,4212,4746,4746,4779,1465,72,0,20020,0
552,1102,18.4,12/23/2024 12:26:28,15.34,6086,0,0,0,0,51,332,307,180,165,122,146,111,137,113,113,93,113,76,82,90,87,96,76,84,82,76,84,61,75,75,81,60,55,49,57,67,39,57,64,44,55,61,52,51,41,61,63,51,48,56,60,71,58,63,58,63,63,73,78,83,101,102,123,130,115,121,89,57,59,59,56,52,44,41,18,22,24,16,21,12,11,4,0,0,0,0,0,0,0,0,0,0,0,0,0,0,0,0,0,0,0,0,,8494,7568,5717,4094,5026,5026,6597,2066,98,0,22907,0
553,1104,18.4,12/23/2024 12:28:20,15.33,5589,0,0,0,0,69,342,339,161,170,132,136,119,100,115,104,99,80,93,88,78,81,83,68,86,81,82,81,68,46,71,69,63,54,60,59,65,55,31,60,59,47,43,48,57,37,58,55,41,54,66,67,63,49,53,56,71,60,72,66,71,81,74,89,109,82,78,60,60,36,41,38,32,24,22,15,21,11,11,10,8,3,3,0,0,0,0,0,0,0,0,0,0,0,0,0,0,0,0,0,0,0,0,,8800,7130,5323,4057,4625,4625,4879,1272,39,0,19498,0
554,1106,18.4,12/23/2024 12:30:13,15.2,5940,0,0,0,0,78,351,296,192,195,159,137,120,111,104,102,86,103,93,83,81,102,66,68,65,67,80,84,70,58,66,77,61,59,56,45,59,60,61,44,64,54,45,53,60,40,60,46,56,63,44,63,51,54,50,66,67,82,63,76,91,78,96,113,101,95,92,73,65,62,61,47,40,48,33,27,27,27,19,22,13,12,2,0,0,0,0,0,0,0,0,0,0,0,0,0,0,0,0,0,0,0,0,,9263,7382,5283,4211,4875,4875,5809,2072,92,0,21934,0
555,1108,18.5,12/23/2024 12:32:04,15.19,5950,0,0,0,0,72,341,330,210,155,140,158,113,127,126,112,80,105,89,93,105,92,93,100,92,78,84,74,50,80,65,62,67,50,64,76,53,51,54,66,62,43,51,62,57,61,62,54,47,59,52,57,59,47,61,55,76,72,63,79,70,76,95,118,127,91,64,59,59,45,36,37,33,29,26,21,14,16,15,9,8,14,2,0,0,0,0,0,0,0,0,0,0,0,0,0,0,0,0,0,0,0,0,,9256,7900,5727,4266,4707,4707,5313,1461,105,0,20560,0
556,1110,18.5,12/23/2024 12:33:58,15.09,5606,0,0,0,0,56,341,313,207,181,126,131,103,114,97,115,81,84,90,106,92,72,67,82,66,57,71,61,71,53,73,73,58,67,78,61,55,49,59,53,46,55,46,41,43,54,50,56,52,40,43,42,55,47,53,49,48,58,70,58,76,69,97,94,99,96,95,80,69,48,44,47,47,36,25,25,28,18,14,11,11,6,2,0,0,0,0,0,0,0,0,0,0,0,0,0,0,0,0,0,0,0,0,,8979,7190,4944,4334,4142,4142,5553,1776,53,0,20000,0
557,1112,18.5,12/23/2024 12:35:49,14.92,5610,0,0,0,0,57,319,270,189,169,115,148,115,115,91,104,109,98,93,79,95,83,96,85,63,76,73,69,58,72,57,71,60,60,56,71,50,63,52,56,53,51,62,66,48,61,62,47,52,50,58,62,53,56,59,69,69,58,54,70,79,74,81,95,89,102,78,61,56,44,46,41,27,36,21,15,19,13,10,13,7,4,2,0,0,0,0,0,0,0,0,0,0,0,0,0,0,0,0,0,0,0,0,,8492,7574,5382,4310,4712,4712,5141,1381,40,0,20295,0
558,1114,18.6,12/23/2024 12:37:42,14.94,5769,0,0,0,0,60,318,278,167,195,129,135,117,104,108,118,99,96,91,83,80,107,73,82,77,79,88,62,71,53,69,47,59,57,56,49,55,49,52,72,47,56,54,46,58,42,56,55,40,50,61,44,47,45,61,53,57,62,67,54,79,83,76,93,102,121,95,85,88,70,53,67,34,41,42,38,29,26,9,13,18,11,6,0,0,0,0,0,0,0,0,0,0,0,0,0,0,0,0,0,0,0,0,,8581,7617,5408,4009,4364,4364,6245,2195,114,0,21292,0
559,1116,18.6,12/23/2024 12:39:35,15.02,5613,0,0,0,0,63,327,305,205,164,143,112,114,105,105,119,82,95,99,95,87,75,96,79,66,77,68,81,64,48,88,68,71,50,69,52,45,54,50,44,68,52,42,55,53,47,59,49,72,52,48,54,59,58,60,59,47,72,75,72,63,64,97,90,95,98,74,70,36,45,36,44,46,32,20,9,16,14,22,8,9,6,1,0,0,0,0,0,0,0,0,0,0,0,0,0,0,0,0,0,0,0,0,,8782,7244,5393,4148,4547,4547,4987,1505,47,0,19780,0
560,1118,18.6,12/23/2024 12:41:28,14.98,4437,0,0,0,0,118,507,443,200,141,132,118,100,106,96,84,73,83,74,50,52,70,63,49,47,33,39,38,35,31,40,36,37,29,32,28,30,38,25,31,42,31,36,22,25,34,36,28,24,34,28,23,30,28,23,29,33,38,33,38,52,53,66,69,72,86,66,37,28,32,28,22,27,18,10,13,6,5,4,7,7,6,0,0,0,0,0,0,0,0,0,0,0,0,0,0,0,0,0,0,0,0,0,,11075,6048,3211,2397,2537,2537,3732,834,40,0,12076,0
561,1120,18.7,12/23/2024 12:43:21,14.92,5640,0,0,0,0,98,452,369,230,174,152,156,125,124,93,87,94,100,91,78,89,79,78,80,76,62,61,60,64,54,50,61,46,40,49,47,37,40,45,38,48,48,60,44,56,45,43,38,39,38,44,45,59,59,56,67,57,49,67,65,74,93,78,102,82,101,81,59,66,43,41,32,30,35,26,27,15,11,11,11,10,6,0,0,0,0,0,0,0,0,0,0,0,0,0,0,0,0,0,0,0,0,0,,10932,7480,4859,3345,4631,4631,5214,1434,40,0,19296,0
562,1122,18.7,12/23/2024 12:45:12,15.03,5457,0,0,0,0,65,317,286,164,158,116,123,121,112,96,103,103,84,89,110,99,72,75,68,81,82,69,62,68,61,53,60,55,58,44,63,61,66,56,61,46,51,52,63,56,49,47,44,56,45,46,53,48,50,53,58,57,53,57,64,78,72,84,79,91,91,83,76,65,44,33,36,43,36,22,31,17,15,15,18,9,6,4,0,0,0,0,0,0,0,0,0,0,0,0,0,0,0,0,0,0,0,0,,8177,7399,4997,4132,4278,4278,5017,1650,67,0,19421,0
563,1124,18.7,12/23/2024 12:47:07,15.77,5507,0,0,0,0,63,377,301,204,164,122,131,104,111,133,132,88,107,91,85,95,70,82,77,83,79,69,77,61,71,54,65,57,67,58,51,69,46,43,53,45,36,41,50,48,37,47,50,44,46,35,50,42,42,55,50,72,77,58,63,87,73,84,85,91,84,83,56,43,42,35,52,24,33,14,10,14,20,12,9,14,9,5,0,0,0,0,0,0,0,0,0,0,0,0,0,0,0,0,0,0,0,0,,8637,7273,4997,3741,4242,4242,4616,1338,89,0,18269,0
564,1126,18.8,12/23/2024 12:49:02,16.28,5980,0,0,0,0,102,443,343,221,183,137,136,121,113,77,117,87,102,99,101,80,77,88,68,60,71,79,75,64,59,70,70,72,52,50,54,56,55,51,60,49,63,73,69,61,48,45,47,56,60,50,70,54,54,67,54,76,78,80,90,83,101,127,90,93,90,55,64,47,50,42,30,33,22,15,24,16,18,13,10,7,8,5,0,0,0,0,0,0,0,0,0,0,0,0,0,0,0,0,0,0,0,0,,9613,6818,4797,3882,4957,4957,4846,1204,80,0,19926,0
565,1128,18.8,12/23/2024 12:50:54,17.23,5701,0,0,0,0,170,759,518,246,229,150,133,110,125,108,105,80,90,84,84,93,84,75,75,81,69,57,43,53,44,42,55,40,42,35,34,46,35,40,36,41,43,29,36,34,48,37,33,34,33,38,40,37,42,51,49,72,48,62,77,89,87,97,76,66,49,19,29,25,24,25,29,18,15,13,18,9,14,17,7,9,6,6,0,0,0,0,0,0,0,0,0,0,0,0,0,0,0,0,0,0,0,0,,12797,6361,3935,2594,3796,3796,3053,900,70,0,14208,0
566,1130,18.8,12/23/2024 12:52:51,17.39,6240,0,0,0,0,105,468,415,199,233,129,156,121,109,119,95,100,73,100,76,67,67,67,71,53,82,70,62,70,69,67,80,66,50,51,54,61,65,61,55,56,59,61,62,54,73,49,55,67,58,68,67,68,74,68,86,65,85,97,108,114,105,112,92,85,59,53,52,55,40,51,46,32,28,29,19,22,18,15,17,10,7,11,2,0,0,0,0,0,0,0,0,0,0,0,0,0,0,0,0,0,0,0,,9804,6228,4359,3784,5388,5388,4313,1397,115,0,20385,0
567,1132,18.9,12/23/2024 12:54:51,17.75,4702,0,0,0,0,200,769,435,193,156,107,97,106,93,84,97,68,74,54,64,61,55,56,61,53,44,54,54,43,42,37,47,33,29,50,30,28,26,31,36,19,34,33,33,35,20,38,36,31,29,24,28,35,39,30,50,47,58,75,70,72,81,68,48,28,23,13,14,11,16,13,10,14,9,8,6,8,4,11,7,3,3,1,0,0,0,0,0,0,0,0,0,0,0,0,0,0,0,0,0,0,0,0,,11025,4806,3076,2045,3296,3296,1831,468,23,0,10958,0
568,1134,18.9,12/23/2024 12:56:49,17.75,6000,0,0,0,0,117,493,362,203,204,127,120,109,104,120,120,82,94,86,92,111,81,82,92,88,70,72,62,71,68,59,65,55,70,56,51,36,57,55,50,49,49,48,70,65,73,56,66,60,61,51,61,69,79,66,81,82,95,85,101,97,91,95,74,67,57,50,31,37,35,32,36,24,24,35,13,9,4,11,7,7,5,7,1,0,0,0,0,0,0,0,0,0,0,0,0,0,0,0,0,0,0,0,,9161,6304,4563,3341,5110,5110,3408,986,73,0,18028,0
569,1136,18.9,12/23/2024 12:58:46,18.36,7245,0,0,0,0,97,431,351,247,198,140,150,107,117,119,108,120,112,100,103,87,90,86,113,96,89,81,63,90,83,86,89,76,70,71,63,82,82,74,72,62,75,76,70,69,74,69,69,71,80,79,91,63,95,83,82,105,132,134,123,116,118,106,97,96,75,70,72,71,72,52,69,55,67,48,51,34,27,29,29,23,11,9,3,0,0,0,0,0,0,0,0,0,0,0,0,0,0,0,0,0,0,0,,8791,6607,5261,4444,6220,6220,4891,2413,125,0,24314,0
570,1138,19.0,12/23/2024 13:00:41,18.3,7784,0,0,0,0,83,448,359,236,226,162,151,127,142,118,119,145,120,104,115,87,120,95,97,91,92,98,74,81,105,87,100,83,86,83,86,75,72,68,87,72,82,70,89,69,85,65,89,87,84,84,90,85,87,104,88,109,128,119,134,134,140,125,115,87,107,69,86,81,76,81,65,55,54,37,42,40,40,31,19,17,13,20,8,0,0,0,0,0,0,0,0,0,0,0,0,0,0,0,0,0,0,0,,9098,7366,5683,4885,6656,6656,5639,2257,224,0,26317,0
571,1140,19.0,12/23/2024 13:02:39,18.53,6920,0,0,0,0,146,581,422,248,198,148,142,127,108,131,79,112,107,94,107,111,86,102,89,79,86,94,92,65,80,71,80,76,92,65,65,68,60,66,71,62,71,84,72,65,62,72,70,68,69,68,72,91,85,94,97,104,90,111,101,114,90,90,80,60,55,55,48,46,43,44,32,33,24,26,22,22,14,11,17,16,10,9,3,0,0,0,0,0,0,0,0,0,0,0,0,0,0,0,0,0,0,0,,10173,6498,4987,4188,5661,5661,3470,1225,119,0,20324,0
572,1142,19.0,12/23/2024 13:04:35,19.11,7548,0,0,0,0,152,638,449,243,234,133,139,112,124,121,130,105,106,119,107,105,90,94,73,76,82,72,67,76,78,69,80,81,57,61,68,65,67,69,64,64,58,65,67,67,86,75,83,70,81,95,104,94,94,107,107,97,138,154,136,120,106,105,96,74,56,79,79,73,74,71,58,53,45,31,30,27,31,26,17,19,15,10,5,0,0,0,0,0,0,0,0,0,0,0,0,0,0,0,0,0,0,0,,10403,6583,4485,3841,6578,6578,4558,1842,157,0,23553,0
573,1144,19.1,12/23/2024 13:06:34,18.88,7026,0,0,0,0,87,470,384,195,226,165,136,109,104,136,113,99,102,85,130,95,101,104,107,74,77,90,81,76,85,82,74,70,70,66,66,67,65,64,72,73,69,72,72,57,74,84,74,79,78,85,76,82,87,110,96,104,105,114,139,97,91,100,78,62,62,62,67,79,79,47,52,43,47,32,32,38,24,26,15,15,11,7,3,0,0,0,0,0,0,0,0,0,0,0,0,0,0,0,0,0,0,0,,8808,6409,5037,4004,5832,5832,4126,1774,111,0,21679,0
574,1146,19.1,12/23/2024 13:08:33,19.09,5677,0,0,0,1,250,1015,591,240,199,112,141,102,99,105,111,80,84,64,70,85,58,67,48,62,49,57,51,56,42,33,37,42,27,47,37,44,34,32,44,30,33,31,34,36,33,35,30,55,54,51,46,43,57,55,76,81,85,89,69,55,60,32,24,28,21,17,22,28,24,24,17,15,9,13,6,11,7,6,6,5,3,5,0,0,0,0,0,0,0,0,0,0,0,0,0,0,0,0,0,0,0,0,,13353,5233,2933,2132,3751,3751,1556,513,42,0,11744,0
575,1148,19.1,12/23/2024 13:10:30,19.44,6279,0,0,0,0,228,877,546,236,200,140,142,118,104,113,72,100,99,79,62,75,58,69,59,67,60,58,54,49,52,41,42,41,50,49,51,51,37,55,38,44,44,43,44,44,57,47,63,41,50,53,57,86,69,83,91,112,121,104,116,84,71,66,37,45,32,44,28,39,36,20,39,28,24,20,19,20,24,15,8,10,11,9,9,0,0,0,0,0,0,0,0,0,0,0,0,0,0,0,0,0,0,0,,12186,5257,3133,2582,5113,5113,2351,1121,149,0,16430,0
576,1150,19.2,12/23/2024 13:12:29,20.36,6134,0,0,0,0,291,1038,529,282,169,158,134,123,113,100,113,91,70,89,87,62,59,62,68,65,60,56,58,45,47,47,36,36,50,38,51,36,36,40,43,46,52,44,45,49,51,58,56,54,57,77,71,72,79,80,88,100,108,55,67,43,41,27,27,31,29,25,24,25,18,15,17,19,14,10,10,14,12,13,8,8,6,4,3,0,0,0,0,0,0,0,0,0,0,0,0,0,0,0,0,0,0,0,,12775,5113,2962,2279,3949,3949,1370,643,64,0,12254,0
577,1152,19.2,12/23/2024 13:14:35,20.08,4682,0,0,0,0,157,665,433,203,160,90,100,102,86,81,82,60,61,60,61,49,52,49,60,42,33,48,39,47,48,44,42,38,33,35,40,44,40,40,32,35,48,34,40,50,27,50,39,45,45,52,55,60,66,68,74,90,74,70,52,45,25,31,19,25,21,26,23,19,18,14,22,15,13,6,7,8,6,1,2,5,1,0,0,0,0,0,0,0,0,0,0,0,0,0,0,0,0,0,0,0,0,0,,9004,3954,2510,2126,3381,3381,1210,428,5,0,10533,0
578,1154,19.2,12/23/2024 13:16:34,20.67,6797,0,0,0,0,165,590,416,264,236,113,149,132,121,105,111,116,114,79,83,104,86,90,88,95,87,88,100,62,75,67,63,73,74,79,57,67,45,69,71,66,65,70,67,76,84,74,72,77,75,104,77,88,113,102,127,98,101,73,92,71,70,49,57,53,57,34,38,46,41,38,31,37,19,26,23,20,19,10,8,5,5,5,0,0,0,0,0,0,0,0,0,0,0,0,0,0,0,0,0,0,0,0,,9352,5806,4359,3527,4896,4896,2487,982,48,0,16836,0
579,1156,19.3,12/23/2024 13:18:39,20.95,6560,0,0,0,0,113,536,403,240,193,129,141,135,103,118,103,108,95,99,102,74,86,86,88,84,74,81,79,68,94,73,61,68,52,77,63,65,68,63,61,71,64,74,65,72,80,80,65,86,59,74,98,91,111,104,112,106,91,105,77,65,54,66,57,44,52,44,42,44,40,32,38,26,29,26,32,14,16,22,13,9,15,9,3,0,0,0,0,0,0,0,0,0,0,0,0,0,0,0,0,0,0,0,,8377,5556,4172,3403,4840,4840,2449,1146,129,0,16807,0
580,1158,19.3,12/23/2024 13:20:43,21.41,5604,0,0,0,1,136,608,454,247,172,110,120,96,107,113,83,73,87,77,73,66,88,62,72,74,69,66,65,62,61,44,67,57,67,68,70,37,48,55,55,51,66,54,64,45,53,71,67,58,79,61,67,91,110,86,103,99,66,52,46,41,45,28,25,35,25,29,25,21,24,17,16,13,14,11,11,7,7,5,3,0,1,2,0,0,0,0,0,0,0,0,0,0,0,0,0,0,0,0,0,0,0,0,,8631,4591,3410,2994,3765,3765,1355,411,14,0,12303,0
581,1160,19.3,12/23/2024 13:22:48,21.91,5728,0,0,0,0,143,657,447,280,202,115,131,108,73,91,102,84,88,85,68,84,83,80,72,75,66,62,48,76,65,54,70,64,57,72,58,52,50,63,50,55,68,48,56,71,68,67,73,73,80,72,89,74,99,84,93,72,54,46,46,23,27,30,29,28,27,22,24,21,24,15,16,19,11,10,8,9,4,9,4,3,1,1,0,0,0,0,0,0,0,0,0,0,0,0,0,0,0,0,0,0,0,0,,9014,4550,3428,3008,3227,3227,1200,429,9,0,11100,0
582,1162,19.4,12/23/2024 13:24:30,18.88,2228,0,0,0,0,107,473,247,95,69,44,38,29,34,31,27,20,16,18,20,23,22,17,15,15,15,16,9,14,12,11,20,10,15,21,11,12,13,16,13,12,14,22,20,31,19,21,27,27,24,32,42,21,36,26,24,19,19,11,12,16,13,11,10,8,13,5,18,10,11,6,11,11,5,14,6,5,5,9,2,2,6,2,2,0,0,0,0,0,0,0,0,0,0,0,0,0,0,0,0,0,0,0,,5683,1472,879,832,1266,1266,614,403,53,0,4433,0
583,1164,19.4,12/23/2024 13:26:38,23.53,4929,0,0,0,0,231,962,525,287,119,89,99,76,88,73,74,66,55,57,43,59,46,51,59,53,30,56,41,48,38,50,48,33,45,31,42,36,38,58,33,42,43,46,58,56,61,57,65,77,65,69,55,62,47,39,26,18,21,26,22,19,17,21,17,16,13,11,16,16,11,5,11,6,13,7,10,9,4,3,6,2,1,1,0,0,0,0,0,0,0,0,0,0,0,0,0,0,0,0,0,0,0,0,,9826,3128,2210,1908,1496,1496,654,306,8,0,5869,0
584,1166,19.4,12/23/2024 13:28:57,23.13,3248,0,0,0,0,167,833,438,181,97,63,67,73,55,41,46,41,44,30,23,35,25,28,16,38,24,21,23,32,20,24,23,25,19,18,22,15,22,15,29,27,30,24,36,30,31,38,39,26,40,47,42,25,28,22,13,13,1,5,5,6,7,2,5,2,5,1,1,3,1,2,1,3,2,0,3,3,0,1,4,1,0,0,0,0,0,0,0,0,0,0,0,0,0,0,0,0,0,0,0,0,0,0,,7981,2075,1185,1059,722,722,130,78,0,0,2711,0
585,1168,19.5,12/23/2024 13:31:26,22.72,4246,0,0,0,0,236,1248,874,374,224,138,101,85,66,54,50,39,19,27,29,30,27,17,26,28,25,24,14,22,11,11,15,16,23,18,11,13,14,15,13,16,16,13,13,9,21,25,19,17,20,19,21,18,16,11,12,6,5,2,5,1,4,1,3,2,1,3,2,1,1,2,0,0,0,1,0,0,0,2,0,0,0,1,0,0,0,0,0,0,0,0,0,0,0,0,0,0,0,0,0,0,0,0,,14063,2320,968,748,445,445,88,13,4,0,1743,0
586,1170,19.5,12/23/2024 13:33:38,22.64,3692,0,0,0,0,161,771,528,240,137,80,84,72,61,61,50,35,46,36,49,46,48,40,41,49,38,34,29,29,26,26,30,23,26,23,28,29,26,32,25,26,39,22,39,29,38,31,36,38,48,33,35,36,37,33,28,15,10,9,1,4,3,4,8,6,7,3,5,1,3,0,1,0,0,2,1,1,0,0,0,0,1,0,0,0,0,0,0,0,0,0,0,0,0,0,0,0,0,0,0,0,0,0,,8838,2597,1723,1356,932,932,181,27,4,0,3432,0
587,1172,19.5,12/23/2024 13:35:49,22.59,4560,0,0,0,0,205,875,629,299,215,133,132,107,84,109,103,79,58,75,80,53,59,50,41,39,38,36,30,33,36,28,37,29,20,29,30,22,33,27,31,31,30,28,31,36,39,48,33,50,38,41,30,38,33,28,27,18,14,13,5,4,7,4,3,2,5,9,4,5,2,4,4,1,1,2,0,2,2,0,0,3,1,0,0,0,0,0,0,0,0,0,0,0,0,0,0,0,0,0,0,0,0,0,,11014,4157,1890,1412,961,961,217,71,4,0,3625,0
588,1174,19.6,12/23/2024 13:37:32,20.05,4453,0,0,0,1,254,1090,609,254,174,90,82,80,65,64,68,40,46,43,37,43,26,32,36,40,37,37,31,29,32,38,33,32,32,25,35,20,35,26,39,33,29,29,43,41,49,26,38,43,38,39,29,28,17,22,17,20,20,14,9,17,14,12,18,12,11,21,5,10,7,6,9,5,4,6,7,11,8,6,6,3,7,3,6,0,0,0,0,0,0,0,0,0,0,0,0,0,0,0,0,0,0,0,,12738,2963,1850,1691,1032,1032,623,359,80,0,4818,0
589,1176,19.6,12/23/2024 13:39:36,23.42,6201,0,0,0,2,346,1424,751,367,239,135,127,106,96,112,93,93,73,68,76,61,61,49,57,49,45,45,50,51,41,32,42,50,38,29,52,45,47,34,38,51,46,45,53,45,78,50,74,59,68,86,55,44,41,37,47,29,23,17,19,15,22,15,11,12,19,10,9,12,9,7,10,3,8,5,6,8,3,6,5,5,5,2,3,0,0,0,0,0,0,0,0,0,0,0,0,0,0,0,0,0,0,0,,14479,4125,2229,2015,1490,1490,581,273,43,0,5892,0
590,1178,19.6,12/23/2024 13:41:46,23.2,3989,0,0,0,0,216,971,512,196,132,65,89,64,49,51,57,35,40,23,32,38,36,34,35,41,38,24,34,32,35,32,29,27,32,30,32,24,36,49,32,32,47,27,37,40,54,58,47,36,49,49,43,42,45,27,21,22,7,8,9,6,5,5,4,6,5,2,4,8,2,5,6,4,2,1,2,3,4,3,1,4,3,2,0,0,0,0,0,0,0,0,0,0,0,0,0,0,0,0,0,0,0,0,,9401,2216,1595,1595,1013,1013,224,142,22,0,4009,0
591,1180,19.7,12/23/2024 13:43:58,23.38,3730,0,0,0,2,149,793,450,190,132,59,72,47,51,51,55,44,36,32,40,40,41,34,37,36,25,29,36,34,27,43,24,33,36,27,25,24,43,39,39,45,47,41,51,41,49,49,44,47,62,45,51,43,27,33,19,22,19,16,9,10,8,6,8,7,1,9,4,3,4,5,1,7,1,1,5,2,2,3,1,3,2,2,0,0,0,0,0,0,0,0,0,0,0,0,0,0,0,0,0,0,0,0,,7900,2177,1565,1634,1099,1099,240,120,17,0,4209,0
592,1182,19.7,12/23/2024 13:46:06,23.81,4428,0,0,0,0,103,676,460,222,137,105,98,87,95,71,69,50,69,58,74,62,55,43,58,57,45,47,53,34,42,45,55,43,44,42,42,41,51,52,66,49,64,67,77,56,66,71,47,52,70,46,58,34,30,30,21,18,14,15,15,16,10,13,12,11,13,10,13,10,4,7,8,7,5,7,6,4,5,1,2,2,9,2,0,0,0,0,0,0,0,0,0,0,0,0,0,0,0,0,0,0,0,0,,7564,3310,2243,2306,1096,1096,466,235,46,0,5246,0
593,1184,19.7,12/23/2024 13:47:50,20.5,3788,0,0,0,0,99,486,322,161,92,64,55,55,54,76,39,59,56,45,49,53,49,48,51,43,56,33,31,48,44,46,32,41,33,46,41,44,52,44,45,40,54,52,50,38,46,52,46,31,39,42,33,26,41,31,23,20,25,20,23,24,16,26,27,25,29,19,19,17,18,20,22,23,15,11,9,17,22,22,20,13,14,19,14,3,0,0,0,0,0,0,0,0,0,0,0,0,0,0,0,0,0,0,,6239,2878,2346,2302,1376,1376,1161,917,244,0,7376,0
594,1186,19.8,12/23/2024 13:49:59,25.09,5486,0,0,0,0,136,681,509,304,168,121,129,120,91,99,93,102,76,69,74,73,76,101,77,93,76,68,67,69,77,64,80,72,70,68,60,89,60,80,86,80,77,67,62,72,86,63,60,39,46,39,30,28,23,28,23,31,26,22,18,17,26,24,14,27,18,16,19,14,8,11,8,9,8,12,5,11,6,7,7,6,3,5,7,0,0,0,0,0,0,0,0,0,0,0,0,0,0,0,0,0,0,0,,8163,3994,3380,3276,1084,1084,737,327,60,0,6568,0
595,1188,19.8,12/23/2024 13:52:08,24.7,5739,0,0,0,0,141,668,475,269,147,102,109,105,113,94,86,87,96,86,76,76,78,62,76,74,66,55,67,52,53,62,73,69,55,67,62,78,68,72,76,90,69,82,80,83,93,66,87,84,73,72,67,43,47,52,43,41,28,30,23,35,31,31,31,23,26,28,19,18,21,21,18,17,18,15,20,20,20,12,18,19,4,14,12,0,0,0,0,0,0,0,0,0,0,0,0,0,0,0,0,0,0,0,,7737,4073,2907,3154,1781,1781,1081,733,121,0,8652,0
596,1190,19.8,12/23/2024 13:54:21,26,3973,0,0,0,0,151,781,550,249,149,110,94,99,90,73,78,72,67,55,49,48,57,49,36,54,51,45,35,42,42,42,44,49,52,41,42,46,37,32,32,40,33,31,32,32,41,23,22,22,15,18,15,8,13,2,7,2,4,5,8,6,5,2,4,4,1,2,4,6,2,3,3,0,1,1,1,2,2,2,1,1,1,3,0,0,0,0,0,0,0,0,0,0,0,0,0,0,0,0,0,0,0,0,,8015,3008,1912,1723,288,288,138,58,15,0,2512,0
597,1192,19.9,12/23/2024 13:56:37,26.47,3277,0,0,0,0,140,687,521,199,108,95,97,71,48,60,64,68,56,61,45,53,50,43,40,27,32,40,36,27,29,28,30,34,25,42,33,28,31,33,33,14,14,32,26,26,16,20,21,14,9,8,6,6,5,3,2,7,5,2,7,2,2,1,1,0,0,2,2,1,1,2,0,0,1,0,0,0,0,1,0,1,3,0,0,0,0,0,0,0,0,0,0,0,0,0,0,0,0,0,0,0,0,0,,6978,2543,1443,1198,178,178,45,23,11,0,1632,0
598,1194,19.9,12/23/2024 13:58:57,27.45,2062,0,0,0,0,146,684,413,156,92,55,58,35,25,33,26,21,17,19,17,18,13,14,12,18,14,9,15,14,10,19,11,10,11,8,11,3,6,4,5,6,2,2,3,5,3,2,3,1,1,2,3,1,1,1,0,1,0,1,1,0,0,1,0,0,0,0,0,0,0,0,0,0,0,0,0,0,0,0,0,0,0,0,0,0,0,0,0,0,0,0,0,0,0,0,0,0,0,0,0,0,0,0,,5843,1027,543,281,33,33,4,0,0,0,350,0
599,1196,19.9,12/23/2024 14:01:09,23.5,3469,0,0,0,0,270,990,525,204,119,102,82,65,68,43,39,28,44,38,33,25,15,22,24,21,18,24,11,14,31,26,24,23,20,16,21,23,23,19,22,26,18,26,20,19,35,33,23,14,24,28,23,18,15,17,11,7,9,7,4,0,3,1,1,3,0,1,1,2,1,1,2,1,0,1,0,0,2,0,0,0,0,0,0,0,0,0,0,0,0,0,0,0,0,0,0,0,0,0,0,0,0,0,,9753,2043,979,1000,485,485,68,26,0,0,2064,0
600,1198,20.0,12/23/2024 14:03:19,24.06,3846,0,0,0,1,312,1123,537,208,111,61,68,45,39,37,51,40,28,46,34,48,23,25,32,35,22,27,36,25,30,33,36,19,25,34,28,27,16,36,32,36,25,29,41,52,32,33,37,23,24,27,23,20,12,16,10,9,8,4,7,6,3,5,0,2,3,6,3,1,0,2,1,1,5,0,0,0,2,1,3,2,1,0,1,0,0,0,0,0,0,0,0,0,0,0,0,0,0,0,0,0,0,0,,10062,1908,1347,1305,490,490,108,67,8,0,2469,0
601,1200,20.0,12/23/2024 14:05:32,23.75,3290,0,0,0,0,195,828,514,209,127,100,82,66,64,55,37,43,37,45,46,51,34,39,30,28,30,23,31,26,22,25,28,28,26,26,20,15,39,19,17,14,20,22,20,26,19,26,22,21,18,9,13,8,4,7,4,6,1,4,4,1,2,4,1,0,2,2,2,0,0,0,1,0,1,0,1,0,0,0,0,0,0,0,0,0,0,0,0,0,0,0,0,0,0,0,0,0,0,0,0,0,0,0,,8653,2358,1331,1061,227,227,59,13,0,0,1587,0
602,1202,20.0,12/23/2024 14:07:37,24.14,5474,0,0,0,0,297,1157,636,270,187,114,128,104,108,79,85,80,69,78,65,61,67,55,70,54,47,46,57,62,47,49,53,57,48,48,42,52,43,40,62,55,57,47,42,50,78,58,48,56,50,47,56,48,30,21,11,19,21,5,15,11,14,8,14,8,15,8,7,5,10,7,2,7,7,4,5,4,2,2,1,0,0,2,0,0,0,0,0,0,0,0,0,0,0,0,0,0,0,0,0,0,0,0,,11553,3828,2514,2307,1040,1040,406,141,8,0,4942,0
603,1204,20.1,12/23/2024 14:09:45,24.25,5021,0,0,0,0,275,1156,651,349,177,119,116,90,86,108,83,79,72,83,79,69,56,53,42,49,48,63,45,46,45,48,33,46,42,32,35,28,46,39,34,43,23,42,40,32,37,30,41,22,36,41,37,21,22,21,19,21,5,5,10,4,6,5,6,5,6,2,2,4,1,3,2,2,2,0,0,0,0,0,1,0,0,0,0,0,0,0,0,0,0,0,0,0,0,0,0,0,0,0,0,0,0,0,,11724,3798,2177,1654,705,705,173,29,0,0,3266,0
604,1206,20.1,12/23/2024 14:11:54,23.89,4284,0,0,0,0,189,890,500,250,136,101,118,96,99,86,83,78,83,74,77,74,57,51,51,56,58,44,36,38,32,43,37,38,35,40,38,33,37,40,40,36,37,41,41,35,21,41,36,40,36,26,21,15,9,20,12,9,5,3,5,9,5,5,5,8,4,4,2,3,0,0,1,1,2,1,2,1,1,0,1,2,0,0,0,0,0,0,0,0,0,0,0,0,0,0,0,0,0,0,0,0,0,0,,9142,3872,2105,1720,473,473,155,50,0,0,2871,0
605,1208,20.1,12/23/2024 14:14:04,22.64,4874,0,0,0,0,334,1075,645,317,217,131,143,110,103,76,64,83,72,61,46,40,51,44,50,41,30,39,28,35,28,40,26,24,29,35,21,22,33,37,27,29,20,34,18,46,26,48,37,50,50,41,37,34,34,28,24,26,20,17,12,9,8,9,7,10,4,5,5,2,2,5,2,1,5,1,2,3,3,1,0,2,0,0,0,0,0,0,0,0,0,0,0,0,0,0,0,0,0,0,0,0,0,0,,12641,3750,1820,1338,1100,1100,261,88,0,0,3887,0
606,1210,20.2,12/23/2024 14:16:11,22.27,5592,0,0,0,0,347,1111,669,342,222,151,169,105,112,84,96,104,101,63,46,60,65,59,55,57,41,38,37,42,41,39,34,39,38,37,43,30,32,28,34,41,36,42,48,41,46,57,59,63,58,55,47,42,55,48,34,39,26,20,21,14,13,5,15,9,13,9,10,14,2,3,4,0,5,6,3,0,6,1,1,6,0,2,1,1,0,0,0,0,0,0,0,0,0,0,0,0,0,0,0,0,0,0,,13520,4513,2281,1760,1612,1612,436,144,18,0,5581,0
607,1212,20.2,12/23/2024 14:18:18,22.53,5470,0,0,0,0,358,1128,650,299,199,130,148,102,98,95,95,89,63,69,59,69,43,43,43,39,42,51,51,40,36,37,35,49,33,26,44,31,43,42,23,42,46,38,61,58,58,56,63,61,60,59,60,43,46,37,40,25,30,25,17,13,9,12,10,16,5,7,9,5,11,9,7,6,7,3,2,2,2,1,1,3,1,1,1,0,0,0,0,0,0,0,0,0,0,0,0,0,0,0,0,0,0,0,,12925,4128,2042,1838,1531,1531,444,155,13,0,5513,0
608,1214,20.2,12/23/2024 14:20:24,22.55,5123,0,0,0,0,315,1238,677,305,206,123,152,96,96,67,74,55,76,51,35,50,49,38,42,36,43,42,23,30,35,38,29,37,26,25,30,22,34,31,38,30,43,40,30,40,34,37,45,46,59,55,51,51,38,36,35,27,16,16,15,11,11,9,10,7,4,8,5,4,6,10,4,4,1,4,1,1,3,1,3,1,1,2,4,0,0,0,0,0,0,0,0,0,0,0,0,0,0,0,0,0,0,0,,13375,3552,1796,1530,1361,1361,346,106,31,0,4736,0
609,1216,20.3,12/23/2024 14:22:34,24.19,4318,0,0,0,0,169,742,479,243,153,105,127,100,107,86,95,83,70,61,77,51,37,68,56,57,56,54,36,41,46,42,46,43,48,51,30,47,36,39,47,54,38,41,49,56,38,41,38,41,35,42,27,24,28,16,24,11,11,4,6,10,8,7,8,4,4,2,3,4,3,1,1,1,1,2,2,1,0,0,1,1,2,0,0,0,0,0,0,0,0,0,0,0,0,0,0,0,0,0,0,0,0,0,,8342,3696,2228,1980,699,699,186,50,8,0,3621,0
610,1218,20.3,12/23/2024 14:24:41,23.8,5231,0,0,0,0,174,699,474,262,159,111,120,100,87,106,95,58,77,72,81,65,53,56,66,54,56,44,53,67,60,60,56,46,55,56,63,52,56,75,58,52,62,64,68,69,73,61,77,79,66,72,64,51,55,47,40,41,31,34,14,25,24,24,18,9,22,27,15,13,16,15,12,9,11,6,6,7,6,1,5,5,4,4,1,0,0,0,0,0,0,0,0,0,0,0,0,0,0,0,0,0,0,0,,8399,3840,2626,2651,1790,1790,819,303,38,0,7391,0
611,1220,20.3,12/23/2024 14:26:50,24.38,0,0,0,0,0,0,0,0,0,0,0,0,0,0,0,0,0,0,0,0,0,0,0,0,0,0,0,0,0,0,0,0,0,0,0,0,0,0,0,0,0,0,0,0,0,0,0,0,0,0,0,0,0,0,0,0,0,0,0,0,0,0,0,0,0,0,0,0,0,0,0,0,0,0,0,0,0,0,0,0,0,0,0,0,0,0,0,0,0,0,0,0,0,0,0,0,0,0,0,0,0,0,0,,0,0,0,0,0,0,0,0,0,0,0,0
612,1222,20.4,12/23/2024 14:29:02,24.23,4614,0,0,0,0,164,762,485,275,148,104,106,89,82,76,76,83,77,57,64,70,59,44,47,51,54,53,59,47,37,44,48,44,45,43,38,43,42,37,50,46,45,51,60,61,69,53,55,57,53,57,54,44,51,42,18,27,20,15,8,11,15,7,16,8,8,7,4,8,6,6,1,6,1,2,3,3,1,3,2,2,3,2,0,0,0,0,0,0,0,0,0,0,0,0,0,0,0,0,0,0,0,0,,8436,3463,2241,1985,1259,1259,355,111,21,0,4990,0
613,1224,20.4,12/23/2024 14:31:09,23.77,5647,0,0,0,0,200,844,552,257,160,111,131,93,96,73,82,76,80,62,65,62,51,47,69,50,63,60,63,51,61,54,56,53,56,47,59,43,57,52,50,54,72,72,68,74,88,82,89,80,92,81,79,67,55,63,48,43,28,28,26,20,30,29,26,21,19,32,17,19,19,11,18,15,15,14,10,13,10,8,8,8,7,2,1,0,0,0,0,0,0,0,0,0,0,0,0,0,0,0,0,0,0,0,,9487,3664,2629,2520,2049,2049,1014,530,42,0,8204,0
614,1226,20.4,12/23/2024 14:33:15,24.22,6439,1,0,0,0,193,718,519,302,178,122,147,111,103,111,95,99,106,104,85,99,70,76,72,82,76,61,73,80,74,79,85,91,55,71,65,66,73,66,73,81,75,76,92,85,102,94,102,100,86,92,80,74,70,51,37,45,37,35,41,25,35,34,26,31,36,29,33,18,26,18,16,19,24,18,13,14,18,15,17,12,9,8,9,0,0,0,0,0,0,0,0,0,0,0,0,0,0,0,0,0,0,0,,9001,4666,3419,3307,2188,2188,1247,723,107,0,9761,0
615,1228,20.5,12/23/2024 14:35:24,24.09,4833,0,0,0,0,157,788,535,261,158,81,110,96,67,77,82,70,60,56,52,63,49,64,50,41,49,48,46,54,45,48,56,43,43,50,49,54,44,43,53,59,67,58,74,51,77,64,64,56,56,59,54,45,38,38,32,18,17,21,19,22,15,17,15,16,20,11,13,13,13,10,7,8,8,2,7,7,3,2,5,3,1,3,2,1,0,0,0,0,0,0,0,0,0,0,0,0,0,0,0,0,0,0,,8676,3246,2283,2329,1324,1324,623,220,29,0,5849,0
616,1230,20.5,12/23/2024 14:37:39,23.98,3110,0,0,0,1,138,634,397,180,122,74,69,41,36,52,51,33,51,24,40,32,38,30,19,31,22,24,20,13,25,30,28,23,32,18,15,19,20,33,30,35,26,36,36,42,44,44,43,46,50,30,36,28,27,9,16,14,7,11,2,9,8,7,9,6,6,2,3,2,3,2,4,1,4,1,2,4,6,0,2,0,1,0,1,0,0,0,0,0,0,0,0,0,0,0,0,0,0,0,0,0,0,0,,6735,1947,1168,1163,696,696,217,104,8,0,2886,0
617,1232,20.5,12/23/2024 14:39:49,24.02,4387,0,0,0,0,145,694,453,228,140,98,94,83,74,84,50,62,61,72,55,47,42,42,30,41,35,34,27,46,42,33,39,33,43,44,33,44,43,51,53,53,53,47,63,60,67,67,66,69,62,61,56,62,42,32,33,25,25,13,17,18,10,15,16,19,14,16,8,11,19,10,4,6,10,7,10,4,13,1,4,1,1,0,2,0,0,0,0,0,0,0,0,0,0,0,0,0,0,0,0,0,0,0,,7710,3014,1711,2036,1386,1386,591,254,12,0,5666,0
618,1234,20.6,12/23/2024 14:42:01,24.47,3704,0,0,0,0,135,629,415,210,131,86,76,72,72,52,45,42,45,43,50,46,39,38,44,34,41,38,35,44,42,39,48,33,38,28,34,38,31,44,44,48,47,47,57,49,49,54,45,46,57,41,36,34,25,16,20,14,14,13,13,5,7,5,13,8,8,4,7,10,6,5,3,3,2,0,1,1,4,1,1,1,3,0,0,0,0,0,0,0,0,0,0,0,0,0,0,0,0,0,0,0,0,0,,6874,2378,1806,1770,805,805,311,82,12,0,3784,0
619,1236,20.6,12/23/2024 14:43:43,19.53,3014,0,0,0,0,120,486,310,168,95,63,70,67,61,54,58,53,43,40,37,49,22,41,39,31,26,29,22,27,28,18,24,25,39,29,39,26,22,23,33,39,34,41,27,31,39,47,37,37,27,34,19,18,13,15,7,9,12,8,16,11,6,14,12,10,17,11,10,9,9,8,12,7,5,13,6,3,4,5,8,2,2,1,0,2,0,0,0,0,0,0,0,0,0,0,0,0,0,0,0,0,0,0,,6718,2837,1572,1705,686,686,604,343,26,0,4050,0
620,1238,20.6,12/23/2024 14:46:05,31.97,3545,0,0,0,1,197,1002,693,225,169,113,113,65,62,90,61,82,55,64,44,44,42,26,40,29,35,35,22,31,18,22,18,12,21,7,11,8,11,11,7,6,9,2,11,4,8,2,2,2,0,0,3,0,2,3,1,0,0,1,0,1,0,0,1,0,0,0,0,0,0,0,0,1,0,0,0,0,0,0,0,0,0,0,0,0,0,0,0,0,0,0,0,0,0,0,0,0,0,0,0,0,0,0,,7860,2258,995,378,34,34,3,3,0,0,454,0
621,1240,20.7,12/23/2024 14:48:28,29.16,2847,0,0,0,0,189,816,546,194,112,87,66,59,50,44,51,33,34,38,39,23,23,23,25,20,29,20,33,28,23,18,24,23,17,16,9,23,9,14,17,14,9,5,6,5,8,5,2,3,2,2,3,2,0,0,0,1,0,1,0,1,1,0,0,1,1,0,0,0,0,0,0,0,0,0,0,0,0,0,0,0,0,0,0,0,0,0,0,0,0,0,0,0,0,0,0,0,0,0,0,0,0,0,,6893,1578,912,600,31,31,10,0,0,0,672,0
622,1242,20.7,12/23/2024 14:50:50,27.89,3022,0,0,0,2,183,810,561,214,137,89,98,67,59,63,55,38,51,36,28,30,32,36,25,20,28,17,26,20,22,21,12,22,15,25,22,12,15,9,16,10,12,14,13,11,8,6,6,2,5,4,3,2,2,2,2,1,2,0,0,0,0,0,1,0,0,0,0,0,0,0,0,0,0,0,0,0,0,0,0,0,0,0,0,0,0,0,0,0,0,0,0,0,0,0,0,0,0,0,0,0,0,0,,7508,1997,929,610,50,50,4,0,0,0,714,0
623,1244,20.7,12/23/2024 14:53:10,27.03,2894,0,0,0,0,195,815,528,186,131,72,86,67,57,50,36,39,40,40,38,36,34,29,15,28,31,26,24,19,22,17,13,22,15,11,18,14,19,23,11,18,7,4,11,11,11,4,4,4,3,2,2,2,0,1,0,0,1,1,0,0,0,0,0,0,0,0,1,0,0,0,0,0,0,0,0,0,0,0,0,0,0,0,0,0,0,0,0,0,0,0,0,0,0,0,0,0,0,0,0,0,0,0,,7447,1935,954,633,26,26,4,0,0,0,688,0
624,1246,20.8,12/23/2024 14:54:55,22.81,4880,0,0,0,1,229,936,662,290,188,152,135,115,123,90,119,88,105,73,88,70,65,50,54,44,63,50,58,48,44,52,47,55,47,51,37,41,40,35,31,31,34,27,29,24,22,24,17,23,23,15,10,14,18,14,13,12,14,18,10,8,11,9,10,12,6,8,9,3,9,3,1,4,2,3,4,2,0,1,1,1,2,0,3,0,0,0,0,0,0,0,0,0,0,0,0,0,0,0,0,0,0,0,,11368,4695,2521,1968,623,623,355,92,22,0,3683,0
625,1248,20.8,12/23/2024 14:57:09,30.23,5800,0,0,0,1,212,974,764,375,249,184,214,183,139,137,145,130,108,144,99,100,81,83,86,83,87,85,74,70,57,76,63,59,45,71,53,42,55,40,29,35,26,31,33,23,19,19,22,12,14,12,15,10,16,15,10,11,7,8,7,3,4,5,4,5,5,4,4,5,1,2,4,2,2,0,4,0,0,3,1,0,0,0,0,0,0,0,0,0,0,0,0,0,0,0,0,0,0,0,0,0,0,0,,9835,4896,2795,1714,351,351,142,53,0,0,2610,0
626,1250,20.8,12/23/2024 14:59:33,29.88,3701,0,0,0,0,169,894,678,266,186,107,121,73,90,54,71,51,57,54,54,44,44,35,51,31,41,33,41,46,24,43,27,27,31,28,32,30,23,17,19,14,16,10,6,7,6,5,6,2,2,1,2,5,1,4,1,1,4,1,1,2,2,1,0,1,1,0,0,2,0,2,0,0,1,1,0,1,0,0,0,0,0,0,0,0,0,0,0,0,0,0,0,0,0,0,0,0,0,0,0,0,0,0,,8102,2386,1392,884,80,80,30,10,0,0,1084,0
627,1252,20.9,12/23/2024 15:01:17,21.06,3284,0,0,0,0,148,701,403,156,85,61,87,48,35,35,31,31,31,31,20,43,24,25,28,22,37,24,30,25,18,34,18,41,39,39,19,33,35,29,33,27,48,40,43,31,41,40,39,30,33,25,15,20,23,17,16,22,13,17,12,12,9,14,15,22,19,18,9,10,15,8,9,9,6,14,8,9,6,4,2,4,5,4,2,0,0,0,0,0,0,0,0,0,0,0,0,0,0,0,0,0,0,0,,7792,1975,1353,1714,836,836,703,361,52,0,4501,0
628,1254,20.9,12/23/2024 15:03:24,25.06,4785,0,0,0,0,203,845,434,230,143,79,91,84,75,46,68,50,59,46,38,44,46,57,41,41,46,43,43,49,53,46,59,52,53,61,60,49,70,57,71,51,68,85,66,82,81,75,69,62,53,51,42,33,37,38,24,21,22,22,17,18,16,22,27,10,15,15,18,11,7,12,7,9,11,11,8,5,6,8,3,3,3,7,2,0,0,0,0,0,0,0,0,0,0,0,0,0,0,0,0,0,0,0,,8081,2582,2091,2598,1157,1157,638,295,48,0,5894,0
629,1256,20.9,12/23/2024 15:05:33,25.19,5832,0,0,0,0,167,748,556,260,179,166,160,121,109,100,93,90,95,93,72,73,83,72,59,80,75,75,74,67,72,63,79,77,63,63,66,81,62,73,58,62,61,72,73,71,81,63,77,80,66,52,63,40,41,46,33,23,23,26,22,15,25,15,27,31,29,22,17,22,16,14,13,13,11,7,13,9,10,6,5,4,5,3,1,0,0,0,0,0,0,0,0,0,0,0,0,0,0,0,0,0,0,0,,8877,4323,3172,2958,1417,1417,917,381,36,0,7126,0
630,1258,21.0,12/23/2024 15:07:39,24.8,6681,0,0,0,0,177,787,565,341,175,154,169,147,151,106,122,139,144,98,89,83,69,76,83,89,82,75,65,82,86,85,82,74,77,68,73,62,67,68,80,63,74,73,91,99,84,100,70,86,87,61,64,62,50,51,48,36,39,33,28,33,41,33,28,31,29,35,28,24,30,19,13,20,19,14,19,14,9,10,13,12,10,1,7,0,0,0,0,0,0,0,0,0,0,0,0,0,0,0,0,0,0,0,,9548,5310,3524,3177,1956,1956,1254,617,73,0,9032,0
631,1260,21.0,12/23/2024 15:09:49,24.58,5416,0,0,0,1,144,709,486,308,205,127,142,110,94,122,130,107,88,93,88,92,53,68,70,56,68,56,68,59,56,49,60,56,58,58,56,64,53,64,50,56,68,70,56,55,91,68,73,59,57,61,48,50,44,39,43,31,19,24,21,14,19,14,17,8,18,26,12,13,8,13,9,6,6,6,5,7,3,3,4,0,2,0,0,2,0,0,0,0,0,0,0,0,0,0,0,0,0,0,0,0,0,0,,8633,4552,2697,2616,1432,1432,639,207,16,0,6343,0
632,1262,21.0,12/23/2024 15:11:32,19.81,4295,0,0,1,0,126,617,385,163,110,86,85,67,71,86,66,90,50,52,64,55,47,44,35,42,41,47,49,41,36,40,34,29,43,43,52,44,43,35,48,42,43,62,45,61,56,51,47,57,56,53,51,41,50,35,34,25,39,20,24,29,39,25,22,24,23,26,22,28,25,15,17,15,21,13,18,16,14,9,11,10,6,4,2,2,0,0,0,0,0,0,0,0,0,0,0,0,0,0,0,0,0,0,,7940,3700,2302,2302,1954,1954,1343,757,71,0,8380,0
633,1264,21.1,12/23/2024 15:13:38,24.45,6201,0,0,0,0,148,712,486,310,182,132,138,125,124,122,117,100,100,90,96,101,79,54,59,82,87,65,59,64,68,71,60,72,70,71,64,61,70,75,80,64,77,75,80,71,104,85,96,95,93,99,61,76,65,68,33,44,35,31,37,21,32,33,39,20,23,37,24,21,21,18,19,16,17,11,6,15,15,8,8,2,8,3,1,0,0,0,0,0,0,0,0,0,0,0,0,0,0,0,0,0,0,0,,8622,4875,3059,3125,2057,2057,1174,511,49,0,8973,0
634,1266,21.1,12/23/2024 15:15:44,25.03,6843,0,0,0,0,204,841,583,325,209,135,176,142,144,131,130,105,103,113,112,110,75,73,73,80,81,70,75,85,64,64,68,82,94,67,75,76,72,73,89,94,100,80,98,97,77,85,90,84,74,70,64,49,47,52,40,41,41,32,40,39,35,45,26,31,36,25,32,28,15,30,15,12,18,14,7,14,15,8,12,11,11,3,5,2,0,0,0,0,0,0,0,0,0,0,0,0,0,0,0,0,0,0,,9880,5358,3228,3556,1918,1918,1270,547,84,0,9293,0
635,1268,21.1,12/23/2024 15:17:55,24.56,4861,0,0,0,0,161,722,483,241,189,107,135,115,102,93,90,74,75,64,50,68,68,62,55,60,40,55,45,54,50,56,49,39,51,53,50,38,42,49,61,62,43,62,58,42,79,58,66,84,57,56,48,47,32,31,25,26,25,25,19,16,19,16,16,11,12,6,12,9,7,5,7,11,4,7,3,1,2,4,1,0,1,0,0,0,0,0,0,0,0,0,0,0,0,0,0,0,0,0,0,0,0,0,,8298,3803,2419,2186,1274,1274,489,167,4,0,5395,0
636,1270,21.2,12/23/2024 15:19:37,19.34,3847,0,0,0,0,141,638,326,150,99,74,64,91,56,61,59,52,59,36,41,54,37,35,34,28,38,41,39,28,36,34,34,44,43,39,36,51,35,47,46,49,42,46,40,51,47,47,45,48,52,39,36,36,42,28,27,19,30,18,23,24,19,19,24,19,20,20,18,21,15,18,12,18,12,18,10,13,6,9,12,7,14,3,4,1,0,0,0,0,0,0,0,0,0,0,0,0,0,0,0,0,0,0,,7715,3154,1986,2410,1562,1562,1060,677,114,0,7384,0
637,1272,21.2,12/23/2024 15:21:45,24.84,5961,0,0,0,0,160,840,592,318,178,118,136,123,130,120,79,84,81,84,63,82,78,62,75,60,69,69,76,63,43,60,61,46,74,70,54,59,65,67,77,70,59,81,75,88,78,67,92,88,69,76,65,58,45,44,29,31,28,29,32,24,22,33,23,21,20,18,19,16,13,18,15,9,8,16,17,6,5,10,10,10,2,5,1,0,0,0,0,0,0,0,0,0,0,0,0,0,0,0,0,0,0,0,,9428,4267,2882,2826,1638,1638,878,435,32,0,7448,0
638,1274,21.2,12/23/2024 15:23:58,24.8,4704,0,0,0,0,162,778,539,260,133,113,116,89,89,61,79,63,68,64,46,51,53,48,45,50,54,48,61,55,45,50,58,31,42,46,42,51,38,38,50,54,50,57,50,62,70,66,72,70,53,62,39,31,32,31,17,26,18,26,16,15,11,18,12,12,8,11,16,13,11,4,4,9,7,5,5,8,6,3,3,2,1,1,1,0,0,0,0,0,0,0,0,0,0,0,0,0,0,0,0,0,0,0,,8472,3141,2286,2016,1056,1056,484,214,12,0,4839,0
639,1276,21.3,12/23/2024 15:26:11,24.67,4442,0,0,0,1,183,767,563,250,166,113,116,83,72,80,85,68,78,75,70,64,50,71,59,55,48,63,45,43,40,38,44,43,50,47,37,38,50,42,38,46,41,44,43,40,38,44,41,50,41,29,35,30,23,17,17,20,13,16,12,12,3,7,5,5,7,3,4,5,2,4,1,2,1,3,0,0,1,0,0,0,2,0,0,0,0,0,0,0,0,0,0,0,0,0,0,0,0,0,0,0,0,0,,8752,3409,2254,1929,803,803,186,41,8,0,3770,0
640,1278,21.3,12/23/2024 15:28:27,24.83,3494,0,0,0,0,137,629,474,213,149,70,84,64,71,58,49,35,50,54,46,48,39,34,45,44,31,44,34,32,40,38,28,41,25,24,22,28,22,32,41,38,42,37,46,39,34,40,42,38,37,47,30,27,20,9,9,8,10,5,7,6,5,5,10,1,4,3,3,0,3,3,2,4,0,2,0,0,1,0,0,0,0,2,0,0,0,0,0,0,0,0,0,0,0,0,0,0,0,0,0,0,0,0,,7072,2408,1647,1381,548,548,157,36,8,0,2678,0
641,1280,21.3,12/23/2024 15:30:41,23.98,3622,0,0,0,0,135,650,467,224,150,108,93,91,61,55,61,62,43,46,43,43,55,50,20,40,29,36,38,30,39,41,39,32,33,29,30,38,33,24,33,41,28,45,35,46,32,41,41,34,34,40,29,28,31,16,16,8,9,5,4,6,12,7,2,5,6,4,3,2,2,1,3,0,1,1,0,0,2,1,0,0,0,0,0,0,0,0,0,0,0,0,0,0,0,0,0,0,0,0,0,0,0,0,,7619,2723,1739,1501,684,684,196,33,0,0,3098,0
642,1282,21.4,12/23/2024 15:32:55,23.97,3159,0,0,0,0,141,591,450,195,140,72,68,56,71,59,54,34,62,43,53,48,34,40,46,41,33,35,24,32,29,29,25,33,24,33,25,27,28,26,31,14,24,26,15,38,39,30,30,27,22,27,21,24,18,10,12,8,4,6,6,1,5,2,2,3,0,2,1,1,2,2,1,1,1,0,0,1,0,0,0,1,0,0,0,0,0,0,0,0,0,0,0,0,0,0,0,0,0,0,0,0,0,0,,6913,2428,1535,1210,480,480,88,21,0,0,2278,0
643,1284,21.4,12/23/2024 15:35:05,24.2,4967,0,0,0,0,149,704,472,286,182,116,123,97,134,98,115,94,92,84,82,75,65,71,66,60,57,60,60,56,53,49,54,36,56,49,48,41,46,49,42,52,51,55,41,59,72,53,48,67,62,62,54,47,35,28,31,29,12,19,19,19,8,9,15,12,5,10,11,11,6,3,4,4,5,7,5,4,2,4,1,3,1,1,0,0,0,0,0,0,0,0,0,0,0,0,0,0,0,0,0,0,0,0,,8397,4376,2690,2165,1244,1244,388,165,8,0,5215,0
644,1286,21.4,12/23/2024 15:37:19,23.86,3294,0,0,0,0,140,608,396,200,121,79,72,55,75,50,61,60,56,50,56,36,59,38,35,39,39,42,36,30,26,44,31,34,23,32,33,35,33,30,40,33,25,31,35,26,18,33,30,37,42,28,28,19,25,20,12,10,3,5,7,1,9,2,4,3,2,4,2,0,4,0,0,0,1,0,1,0,0,0,0,0,0,0,0,0,0,0,0,0,0,0,0,0,0,0,0,0,0,0,0,0,0,0,,6773,2640,1756,1463,583,583,126,8,0,0,2762,0
645,1288,21.5,12/23/2024 15:39:05,22.72,5004,0,0,0,0,200,827,518,239,160,96,113,90,62,83,67,52,72,60,73,67,68,67,56,56,47,45,55,56,43,55,62,49,43,52,50,56,39,50,54,40,41,67,41,58,55,62,52,53,56,40,55,36,41,30,32,26,23,20,33,34,23,38,27,24,15,16,15,13,16,19,11,18,13,11,13,11,10,7,8,5,6,3,4,1,0,0,0,0,0,0,0,0,0,0,0,0,0,0,0,0,0,0,,9476,3552,2685,2359,1554,1554,955,497,62,0,6981,0
646,1290,21.5,12/23/2024 15:41:16,24.61,5018,0,0,0,0,189,725,528,316,159,105,152,92,112,102,92,115,81,85,76,62,76,65,65,67,64,46,61,59,62,51,54,45,52,45,41,60,62,40,61,49,72,46,63,59,53,58,46,45,44,47,39,34,30,29,27,19,14,10,12,7,9,14,21,12,9,9,5,8,7,10,9,5,4,2,2,4,6,2,3,2,1,2,1,0,1,0,0,0,0,0,0,0,0,0,0,0,0,0,0,0,0,0,,8834,4246,2722,2361,935,935,459,163,20,0,4872,0
647,1292,21.5,12/23/2024 15:43:29,24.63,4310,0,0,0,0,163,668,504,276,152,119,113,85,98,83,76,78,61,75,62,59,59,65,59,49,56,40,50,58,37,43,45,43,54,40,45,48,38,43,29,44,48,40,46,56,44,42,49,45,44,32,37,32,19,20,15,9,9,11,6,9,4,11,10,10,5,9,5,1,6,0,5,1,2,3,3,3,1,0,0,0,1,0,0,0,0,0,0,0,0,0,0,0,0,0,0,0,0,0,0,0,0,0,,8100,3447,2278,1937,694,694,268,77,4,0,3674,0
648,1294,21.6,12/23/2024 15:45:42,24.13,4548,0,0,0,0,162,708,446,252,174,117,142,94,88,78,85,64,71,69,60,67,56,49,64,61,57,59,55,39,54,58,45,60,39,50,47,51,49,46,53,41,49,48,40,46,43,43,53,59,57,52,48,34,39,24,27,14,14,16,12,12,10,8,9,8,7,7,8,11,7,7,7,1,5,0,3,3,2,1,1,0,2,1,0,0,0,0,0,0,0,0,0,0,0,0,0,0,0,0,0,0,0,0,,8293,3622,2474,2196,1036,1036,369,104,12,0,4753,0
649,1296,21.6,12/23/2024 15:47:26,20.95,4574,0,0,0,1,320,1132,564,210,128,76,68,43,55,46,53,52,42,40,37,49,38,30,36,22,28,30,27,33,30,19,22,29,33,36,26,23,27,33,37,31,32,37,40,55,39,29,42,41,53,49,57,57,35,38,30,35,35,17,26,19,18,24,25,19,15,13,16,13,16,16,11,10,9,18,17,10,9,9,10,7,4,5,6,2,0,0,0,0,0,0,0,0,0,0,0,0,0,0,0,0,0,0,,11928,2496,1504,1570,1752,1752,888,544,81,0,6587,0
650,1298,21.6,12/23/2024 15:49:29,23.47,8300,0,0,0,1,389,1208,869,447,329,199,214,203,181,159,148,154,146,124,121,116,139,95,113,112,99,92,81,97,82,78,63,75,69,76,61,76,60,69,55,75,67,60,65,80,80,85,92,89,90,69,80,76,65,61,53,36,44,30,23,25,29,21,25,25,26,16,22,22,16,14,11,8,13,10,7,19,13,8,12,10,9,7,10,2,0,0,0,0,0,0,0,0,0,0,0,0,0,0,0,0,0,0,,15577,7265,4478,3179,2224,2224,967,511,119,0,9225,0
651,1300,21.7,12/23/2024 15:51:38,23.42,6863,0,0,0,0,333,1171,804,430,251,195,193,135,152,143,127,117,104,88,84,108,87,86,90,86,73,76,66,72,63,65,60,61,65,56,48,70,48,51,53,45,56,52,66,64,52,64,65,66,58,60,53,44,48,39,25,40,21,15,12,4,14,12,29,14,19,19,8,18,13,9,3,4,7,4,2,9,2,4,6,1,3,2,1,0,0,0,0,0,0,0,0,0,0,0,0,0,0,0,0,0,0,0,,14419,5713,3518,2617,1345,1345,675,192,26,0,6200,0
652,1302,21.7,12/23/2024 15:53:54,25.41,3840,0,0,0,0,191,883,622,251,165,108,87,80,76,75,78,85,52,61,47,55,47,44,40,35,36,33,23,34,33,26,28,25,37,30,33,36,30,20,16,23,24,32,23,23,31,24,20,18,11,15,13,10,8,5,3,2,4,3,3,2,1,2,2,3,0,4,1,0,1,0,1,0,1,2,0,0,1,0,0,0,2,0,0,0,0,0,0,0,0,0,0,0,0,0,0,0,0,0,0,0,0,0,,9079,2924,1492,1189,213,213,59,28,8,0,1708,0
653,1304,21.7,12/23/2024 15:56:10,24.7,2885,0,0,0,0,176,639,464,194,120,70,60,43,48,58,49,51,40,41,30,28,45,44,22,31,34,33,24,33,29,21,24,26,20,20,14,13,16,26,23,23,14,14,23,19,20,21,20,23,17,10,16,7,7,8,3,4,4,3,2,1,2,2,1,3,2,0,0,0,0,0,1,1,0,1,1,2,1,0,0,0,0,0,0,0,0,0,0,0,0,0,0,0,0,0,0,0,0,0,0,0,0,0,,6976,1996,1377,887,231,231,45,28,0,0,1421,0
654,1306,21.8,12/23/2024 15:58:26,24.56,3063,0,0,0,1,160,605,450,199,97,71,69,59,67,54,50,52,42,46,40,60,46,41,39,35,41,30,26,29,29,30,33,22,27,29,28,32,25,31,24,24,31,23,22,26,25,26,25,21,24,14,13,15,7,10,10,5,2,3,2,2,2,3,0,1,2,1,2,1,0,0,0,0,0,0,1,0,0,1,0,0,0,0,0,0,0,0,0,0,0,0,0,0,0,0,0,0,0,0,0,0,0,0,,6726,2382,1543,1246,289,289,49,8,0,0,1881,0
655,1308,21.8,12/23/2024 16:00:41,24.41,3379,0,0,0,0,188,792,511,228,152,91,103,75,61,48,62,44,59,53,62,58,41,38,39,29,24,32,24,30,22,24,34,21,19,22,23,22,15,28,27,27,24,20,27,27,23,13,12,24,13,10,11,12,7,5,2,4,4,2,1,2,0,0,2,0,3,0,1,1,0,0,0,0,0,0,0,0,0,0,1,0,0,0,0,0,0,0,0,0,0,0,0,0,0,0,0,0,0,0,0,0,0,0,,8460,2728,1381,1073,205,205,29,4,0,0,1516,0
656,1310,21.8,12/23/2024 16:02:55,24.14,3190,0,0,0,0,175,740,447,201,121,79,83,65,62,54,66,45,50,52,47,37,39,45,35,29,18,27,22,17,31,20,25,30,18,27,27,29,33,37,32,23,31,24,21,21,17,18,19,24,16,24,17,16,8,10,9,8,3,2,1,0,1,3,2,3,1,1,1,0,0,0,0,0,0,0,0,0,1,0,0,0,0,0,0,0,0,0,0,0,0,0,0,0,0,0,0,0,0,0,0,0,0,0,,7647,2486,1276,1292,311,311,50,4,0,0,1968,0
657,1312,21.9,12/23/2024 16:05:09,23.56,3129,0,0,0,0,134,600,361,210,101,70,85,72,66,56,54,55,48,52,34,41,36,25,27,27,38,28,30,20,26,36,33,33,34,25,30,31,26,22,29,29,21,28,40,25,34,31,42,44,32,31,31,30,26,19,8,11,6,10,4,1,2,3,3,4,3,2,2,3,1,0,3,1,0,1,1,0,1,0,1,0,0,0,0,0,0,0,0,0,0,0,0,0,0,0,0,0,0,0,0,0,0,0,,6626,2542,1384,1329,628,628,110,34,0,0,2729,0
658,1314,21.9,12/23/2024 16:07:19,23.91,4064,0,0,0,1,179,770,518,249,144,103,110,86,86,68,59,74,58,61,63,63,57,58,59,39,50,41,40,48,51,34,35,34,38,42,37,32,27,40,39,28,41,33,48,31,36,38,29,55,31,37,25,26,10,24,11,4,10,7,7,5,4,3,3,2,3,2,1,3,1,2,3,0,1,1,0,0,0,3,0,1,2,0,0,0,0,0,0,0,0,0,0,0,0,0,0,0,0,0,0,0,0,0,,8674,3283,2141,1644,556,556,113,46,8,0,2923,0
659,1316,21.9,12/23/2024 16:09:30,23.89,4626,0,0,0,0,198,744,510,265,165,110,107,96,93,96,78,82,74,62,83,56,71,62,64,65,62,58,42,70,52,41,42,50,39,45,56,54,41,61,42,41,53,48,59,67,50,54,43,36,48,41,27,43,23,16,17,18,9,8,6,10,8,7,7,12,3,2,8,0,7,3,1,4,2,1,1,2,1,1,0,1,1,0,1,0,0,0,0,0,0,0,0,0,0,0,0,0,0,0,0,0,0,0,,8786,3759,2633,2193,774,774,243,63,8,0,4056,0
660,1318,22.0,12/23/2024 16:11:41,23.75,4031,0,0,0,0,154,659,472,238,165,86,96,91,78,57,73,58,62,53,47,54,48,47,45,50,51,39,53,43,57,51,57,48,40,35,44,37,38,39,48,43,37,44,41,38,32,47,39,38,48,40,44,37,29,19,26,14,12,12,12,6,4,6,10,7,5,4,3,6,1,0,3,2,4,1,1,2,0,0,0,0,1,0,0,0,0,0,0,0,0,0,0,0,0,0,0,0,0,0,0,0,0,0,,7874,3019,2278,1962,905,905,206,59,4,0,4042,0
661,1320,22.0,12/23/2024 16:13:55,24.25,3398,0,0,0,0,140,629,432,208,132,78,83,58,55,62,65,64,47,57,51,44,43,34,46,37,35,46,33,37,36,55,31,29,29,33,30,33,37,34,37,29,35,33,31,33,35,24,26,38,32,31,23,21,21,10,10,14,7,4,3,8,2,4,5,6,4,1,2,1,1,0,1,0,0,0,1,0,0,2,0,0,0,0,0,0,0,0,0,0,0,0,0,0,0,0,0,0,0,0,0,0,0,0,,7019,2594,1786,1472,507,507,111,16,0,0,2614,0
662,1322,22.0,12/23/2024 16:16:08,24.02,3987,0,0,0,0,162,673,410,262,140,96,97,85,90,59,88,69,67,64,68,51,68,50,39,43,47,39,41,61,41,37,35,43,35,48,43,48,38,32,40,40,26,46,39,30,40,37,42,27,46,42,50,36,28,28,19,15,7,15,3,5,9,4,7,5,5,3,2,5,2,0,3,3,1,0,1,2,3,1,0,1,0,0,0,0,0,0,0,0,0,0,0,0,0,0,0,0,0,0,0,0,0,0,,7660,3356,2086,1782,895,895,187,62,0,0,3822,0
663,1324,22.1,12/23/2024 16:18:17,23.8,4901,0,0,0,0,239,873,505,295,181,121,116,98,92,83,77,96,89,65,87,91,64,67,60,47,59,60,49,48,53,56,49,51,47,45,40,50,55,36,61,57,47,41,44,48,37,40,51,50,47,45,29,25,32,25,19,21,15,12,16,12,9,7,9,1,11,8,3,3,4,4,4,2,5,2,2,1,3,1,1,1,0,1,1,0,0,0,0,0,0,0,0,0,0,0,0,0,0,0,0,0,0,0,,9790,4025,2571,2261,903,903,265,92,8,0,4433,0
664,1326,22.1,12/23/2024 16:20:24,24.16,5299,0,0,0,1,191,794,571,318,178,131,142,127,111,104,106,107,94,78,81,83,83,83,80,74,72,70,65,58,70,62,46,62,59,50,53,56,63,53,46,39,53,44,44,63,51,50,62,45,51,40,33,37,29,26,23,21,17,14,9,12,9,24,9,12,7,3,6,5,5,1,6,4,4,5,3,2,2,4,0,2,1,0,0,0,0,0,0,0,0,0,0,0,0,0,0,0,0,0,0,0,0,0,,9627,4619,3158,2401,952,952,360,137,4,0,4805,0
665,1328,22.1,12/23/2024 16:22:09,21.47,3525,0,0,0,0,155,695,425,201,109,69,85,82,74,53,54,57,39,50,57,52,52,36,48,43,39,32,36,40,36,39,27,29,45,39,36,36,33,24,31,36,35,28,27,26,31,41,34,14,30,31,20,23,13,17,14,11,7,11,11,8,9,5,8,6,8,6,1,5,2,3,9,5,1,5,5,3,5,4,2,3,3,1,0,0,0,0,0,0,0,0,0,0,0,0,0,0,0,0,0,0,0,0,,8100,3051,1993,1728,671,671,289,210,19,0,3586,0
666,1330,22.2,12/23/2024 16:24:19,24.72,5493,0,0,0,0,304,1089,746,348,205,149,137,121,100,115,99,96,89,70,65,89,74,58,63,74,72,61,52,58,47,57,64,50,47,52,41,44,45,48,37,36,38,50,45,43,42,34,30,38,32,31,21,23,16,13,8,11,9,7,6,4,12,4,12,10,5,5,6,6,2,2,3,1,2,5,3,1,4,1,1,2,1,2,0,0,0,0,0,0,0,0,0,0,0,0,0,0,0,0,0,0,0,0,,12047,4268,2751,2031,526,526,271,97,12,0,3463,0
667,1332,22.2,12/23/2024 16:26:33,24.41,3557,0,0,0,0,137,683,451,259,114,91,87,65,69,75,68,49,59,52,44,48,57,35,41,42,42,42,38,46,38,37,48,31,41,42,32,33,29,27,36,29,30,36,42,36,37,31,35,27,21,26,21,18,17,13,10,7,5,3,3,4,4,3,2,2,2,0,1,1,0,0,1,0,0,1,1,0,0,0,0,0,0,0,0,0,0,0,0,0,0,0,0,0,0,0,0,0,0,0,0,0,0,0,,7464,2757,1909,1549,430,430,66,12,0,0,2487,0
668,1334,22.2,12/23/2024 16:28:47,24.45,3663,0,0,0,0,158,656,469,234,153,88,94,72,80,73,62,68,48,52,49,41,44,53,49,46,35,50,51,37,39,36,26,35,24,25,30,30,37,35,40,34,42,26,38,35,30,40,30,30,40,33,26,31,22,12,11,7,3,8,4,3,2,7,7,9,2,0,3,0,1,1,2,1,1,1,0,0,1,0,1,0,0,0,0,0,0,0,0,0,0,0,0,0,0,0,0,0,0,0,0,0,0,0,,7575,2793,1906,1464,528,528,139,29,0,0,2687,0
669,1336,22.3,12/23/2024 16:31:02,23.97,3041,0,0,0,0,157,613,376,195,124,62,65,48,65,54,52,42,41,46,39,45,43,44,49,26,39,41,30,30,34,36,29,38,26,22,41,23,29,33,26,24,32,21,26,28,24,27,19,22,23,23,28,21,13,4,9,2,6,4,7,0,3,3,1,2,0,0,0,2,1,2,1,0,0,0,0,0,0,0,0,0,0,0,0,0,0,0,0,0,0,0,0,0,0,0,0,0,0,0,0,0,0,0,,6642,2253,1673,1348,405,405,63,4,0,0,2224,0
670,1338,22.3,12/23/2024 16:33:14,23.36,3290,0,0,0,0,150,628,373,203,120,82,82,67,77,65,64,59,45,60,47,49,46,47,37,39,39,31,29,36,32,36,27,40,30,34,25,33,33,32,30,36,25,32,24,29,29,37,31,28,29,19,14,17,13,12,18,11,8,3,8,4,1,4,9,1,3,3,3,3,2,1,1,0,0,0,0,0,2,1,1,1,0,0,0,0,0,0,0,0,0,0,0,0,0,0,0,0,0,0,0,0,0,0,,7012,2830,1708,1477,467,467,133,26,0,0,2568,0
671,1340,22.3,12/23/2024 16:34:56,18.45,2612,0,0,0,0,105,400,275,134,82,46,41,48,45,46,42,35,42,41,21,17,37,31,42,39,30,22,32,24,28,24,27,16,32,40,21,25,33,19,35,18,25,18,30,34,37,32,37,25,33,39,26,26,21,21,21,18,17,14,14,11,16,18,8,11,10,6,3,9,6,3,4,4,4,0,2,0,2,1,3,1,4,3,0,0,0,0,0,0,0,0,0,0,0,0,0,0,0,0,0,0,0,0,,5870,2249,1821,1577,1111,1111,509,136,38,0,4482,0
672,1342,22.4,12/23/2024 16:37:00,22.63,5177,0,0,0,1,262,939,589,295,192,122,121,106,105,83,89,70,58,74,71,56,52,50,69,64,44,52,58,58,51,47,42,43,47,52,38,41,43,41,49,64,49,32,57,56,47,59,56,63,59,45,38,53,42,34,33,26,27,16,16,17,15,10,5,7,15,9,10,3,11,4,4,4,1,5,2,1,0,2,1,2,1,0,1,1,0,0,0,0,0,0,0,0,0,0,0,0,0,0,0,0,0,0,,11140,3911,2594,2249,1401,1401,411,102,13,0,5577,0
673,1344,22.4,12/23/2024 16:38:42,18.34,2803,0,0,0,0,129,481,346,145,117,69,62,44,28,36,37,42,33,37,32,29,30,32,35,29,26,21,30,26,20,33,28,22,29,24,27,17,24,32,23,20,28,21,25,28,21,19,18,23,23,30,37,31,33,31,33,24,27,19,21,9,11,10,9,12,10,9,12,5,7,4,0,3,2,5,3,2,0,1,0,1,1,0,0,0,0,0,0,0,0,0,0,0,0,0,0,0,0,0,0,0,0,0,,7356,2236,1690,1494,1505,1505,485,98,5,0,5093,0
674,1346,22.4,12/23/2024 16:40:48,22,4162,0,0,0,0,199,642,458,276,167,109,100,104,92,70,77,60,57,59,45,55,47,67,54,45,41,60,53,39,43,42,32,34,49,34,28,33,41,37,30,38,35,46,38,28,36,45,46,50,29,51,40,44,40,38,42,30,20,22,8,6,9,4,6,5,4,2,2,2,1,1,2,4,1,3,0,2,1,1,0,0,0,0,1,0,0,0,0,0,0,0,0,0,0,0,0,0,0,0,0,0,0,0,,8868,3482,2377,1777,1359,1359,173,64,5,0,4736,0
675,1348,22.5,12/23/2024 16:42:53,20.33,3818,0,0,0,2,272,880,610,235,218,101,109,75,94,68,46,40,51,38,39,33,29,37,31,33,23,23,17,16,17,15,29,18,20,13,12,16,14,20,20,18,16,15,20,9,17,17,12,15,15,26,22,31,26,21,26,31,33,28,22,18,13,7,10,2,2,6,1,4,4,1,3,3,2,0,0,5,1,0,1,0,1,0,0,0,0,0,0,0,0,0,0,0,0,0,0,0,0,0,0,0,0,0,,11938,3060,1328,964,1333,1333,261,79,5,0,3974,0
676,1350,22.5,12/23/2024 16:45:01,20.78,3338,0,0,0,0,121,492,344,181,132,83,72,77,68,57,55,55,57,45,37,46,46,41,50,37,38,39,32,31,36,41,24,41,35,25,31,31,34,23,33,21,20,24,33,36,31,27,35,32,34,32,40,36,44,30,42,38,41,28,29,13,13,7,7,8,4,10,8,1,4,4,4,4,0,0,1,3,0,0,2,1,0,0,1,0,0,0,0,0,0,0,0,0,0,0,0,0,0,0,0,0,0,0,,6858,2960,1997,1530,1704,1704,337,72,5,0,5351,0
677,1352,22.5,12/23/2024 16:47:07,20.69,3690,0,0,0,0,105,491,349,198,151,84,104,81,77,73,56,52,74,55,52,59,50,48,45,48,48,39,42,36,47,33,27,35,37,30,35,30,34,37,27,32,39,33,36,28,33,36,30,44,41,43,39,34,41,45,45,47,45,46,40,23,19,10,11,11,6,8,5,5,5,5,3,1,4,1,1,1,0,0,0,2,2,0,1,0,0,0,0,0,0,0,0,0,0,0,0,0,0,0,0,0,0,0,,7163,3543,2238,1754,2049,2049,425,72,14,0,6365,0
678,1354,22.6,12/23/2024 16:48:47,16.88,2395,0,0,0,1,57,325,210,133,89,60,55,43,56,43,46,45,41,37,35,37,44,46,25,27,38,36,27,26,25,29,13,31,21,25,27,19,25,17,26,23,17,16,12,22,23,15,29,16,19,22,18,26,25,21,24,34,29,15,22,15,14,7,14,12,11,4,9,8,3,5,2,5,3,3,6,2,2,0,1,0,1,0,0,0,0,0,0,0,0,0,0,0,0,0,0,0,0,0,0,0,0,0,,5509,2855,1991,1445,1440,1440,527,148,6,0,5006,0
679,1356,22.6,12/23/2024 16:50:45,20.27,5057,0,0,0,0,161,638,435,247,184,106,143,113,100,107,111,79,93,89,86,109,80,79,66,59,53,57,69,54,58,61,46,53,55,45,45,41,38,51,34,43,51,49,36,40,46,39,53,51,42,60,57,64,50,50,61,44,66,51,40,40,24,16,18,6,13,10,14,13,8,10,4,5,3,3,7,6,7,3,3,4,0,0,2,0,0,0,0,0,0,0,0,0,0,0,0,0,0,0,0,0,0,0,,9443,5476,3365,2477,2699,2699,671,222,10,0,8777,0
680,1358,22.6,12/23/2024 16:52:48,19.97,4324,0,0,0,0,202,802,542,247,223,113,115,106,114,99,93,77,64,79,69,54,66,53,54,46,50,40,42,33,29,46,36,39,32,25,35,28,19,24,26,27,17,15,17,21,11,28,18,17,20,25,28,12,28,26,36,38,37,49,29,18,18,9,11,8,6,4,2,5,5,1,4,4,2,1,0,1,1,1,2,0,0,0,0,0,0,0,0,0,0,0,0,0,0,0,0,0,0,0,0,0,0,0,,11237,4687,2479,1542,1597,1597,366,80,0,0,5183,0
681,1360,22.7,12/23/2024 16:54:50,19.3,3671,0,0,0,0,159,590,405,223,188,108,113,93,89,81,70,51,55,62,53,53,40,51,49,42,36,37,47,51,33,30,31,48,33,36,28,21,30,36,28,28,24,23,31,23,22,27,24,23,28,20,23,18,29,34,25,31,26,20,14,18,6,8,1,4,6,4,2,1,2,3,2,1,4,4,1,2,2,1,1,1,1,3,0,0,0,0,0,0,0,0,0,0,0,0,0,0,0,0,0,0,0,0,,9254,3938,2316,1777,1264,1264,202,104,21,0,4632,0
682,1362,22.7,12/23/2024 16:56:50,18.98,3652,0,0,0,0,128,536,387,225,159,112,123,76,91,72,64,64,68,52,62,55,44,53,47,43,46,43,57,39,48,35,32,37,37,31,32,32,26,20,30,22,28,19,18,21,27,32,22,23,20,33,19,33,30,31,28,34,33,35,27,22,19,13,11,3,6,6,6,2,4,0,1,6,2,2,2,2,0,2,1,1,0,0,0,0,0,0,0,0,0,0,0,0,0,0,0,0,0,0,0,0,0,0,,8799,4062,2566,1723,1639,1639,374,100,0,0,5474,0
683,1364,22.7,12/23/2024 16:58:50,19.05,4304,0,0,0,0,167,683,519,256,219,123,131,102,82,90,102,75,85,53,57,58,60,53,51,47,40,37,36,42,26,29,33,24,33,23,26,27,30,25,18,26,27,20,21,16,25,38,24,28,24,20,36,26,39,37,51,48,48,43,53,37,32,22,20,9,13,8,4,5,5,10,5,4,2,3,1,2,2,2,2,2,1,0,1,0,0,0,0,0,0,0,0,0,0,0,0,0,0,0,0,0,0,0,,11013,4698,2383,1533,2362,2362,698,136,10,0,7102,0
684,1366,22.8,12/23/2024 17:00:52,18.61,3432,0,0,0,0,124,488,346,167,140,71,99,88,72,56,57,56,55,55,51,34,49,40,32,35,41,41,29,25,35,27,21,36,28,29,28,24,26,26,23,27,30,31,20,17,27,35,14,27,19,30,29,24,34,37,41,63,44,45,45,57,38,35,18,13,15,11,2,8,6,8,4,8,3,5,2,1,1,3,0,1,0,0,0,0,0,0,0,0,0,0,0,0,0,0,0,0,0,0,0,0,0,0,,7711,3611,2015,1601,2456,2456,849,150,0,0,7512,0
685,1368,22.8,12/23/2024 17:02:53,19,3144,0,0,0,0,131,527,330,163,156,90,93,76,61,61,63,50,61,43,43,42,26,44,34,41,27,35,18,30,36,32,30,21,30,30,22,22,23,25,27,33,22,29,19,19,25,31,29,22,22,32,23,17,23,23,35,24,20,38,27,29,11,15,6,5,3,0,3,2,3,0,1,3,2,1,1,1,0,0,1,0,0,0,0,1,0,0,0,0,0,0,0,0,0,0,0,0,0,0,0,0,0,0,,7842,3258,1858,1500,1421,1421,258,53,5,0,4658,0
686,1370,22.8,12/23/2024 17:04:54,19.75,4151,0,0,0,0,145,546,371,198,133,81,118,97,79,67,75,80,75,84,78,72,53,46,53,48,42,51,43,52,44,43,42,42,35,30,36,27,31,25,36,37,35,29,24,32,28,26,47,45,31,48,51,43,40,60,47,65,57,64,52,36,26,27,19,14,13,6,13,11,4,7,7,6,2,2,4,1,4,0,4,2,3,0,1,0,0,0,0,0,0,0,0,0,0,0,0,0,0,0,0,0,0,0,,8061,4446,2618,1904,2739,2739,744,177,20,0,8324,0
687,1372,22.9,12/23/2024 17:06:57,19.38,5840,0,0,0,0,180,709,537,275,244,160,179,125,121,143,112,137,90,114,101,95,107,93,75,93,76,70,48,59,42,47,55,55,50,47,45,38,33,40,39,28,40,46,50,37,46,34,33,34,32,42,46,47,53,57,56,65,62,65,87,67,61,41,31,31,25,19,21,24,17,16,20,14,7,10,11,8,6,3,5,1,3,0,3,2,0,0,0,0,0,0,0,0,0,0,0,0,0,0,0,0,0,0,,11785,6832,3947,2425,3437,3437,1579,454,41,0,11373,0
688,1374,22.9,12/23/2024 17:08:58,19.97,7224,0,0,0,0,259,834,622,309,312,198,228,181,186,157,167,149,125,126,103,96,105,95,83,90,78,72,73,75,64,81,68,63,65,50,58,53,61,59,72,54,47,62,49,48,36,32,49,56,57,56,60,60,65,79,70,88,96,84,87,61,48,51,30,38,30,31,26,26,41,31,22,25,18,18,15,12,14,4,10,9,4,2,3,3,0,0,0,0,0,0,0,0,0,0,0,0,0,0,0,0,0,0,,13831,8127,4427,3255,3996,3996,1873,756,60,0,13936,0
689,1376,22.9,12/23/2024 17:10:38,16.83,3261,0,0,0,1,230,697,508,230,157,77,100,68,67,56,65,49,43,34,44,30,35,31,36,28,32,23,35,19,21,27,17,15,15,18,10,18,9,12,15,13,12,9,7,9,15,13,12,8,12,10,15,12,15,23,14,18,19,15,19,14,14,7,5,11,7,6,6,6,3,1,12,3,3,3,2,1,3,2,2,3,3,0,2,0,0,0,0,0,0,0,0,0,0,0,0,0,0,0,0,0,0,0,,11884,3512,1806,915,1058,1058,463,220,30,0,3743,0
690,1378,23.0,12/23/2024 17:12:39,20.5,5984,0,0,0,1,295,993,687,326,266,149,168,132,133,104,84,88,79,67,69,70,55,47,57,44,46,52,46,45,42,43,39,43,36,43,43,43,37,36,45,31,36,41,41,44,49,47,44,59,45,66,60,63,67,79,62,81,66,51,45,40,38,18,26,27,20,13,13,23,20,21,13,11,8,12,6,7,8,11,8,7,0,3,1,0,0,0,0,0,0,0,0,0,0,0,0,0,0,0,0,0,0,0,,14073,5117,2517,2107,3180,3180,1132,444,20,0,10063,0
691,1380,23.0,12/23/2024 17:14:43,22.63,5602,0,0,0,0,297,1113,668,331,201,132,143,92,99,86,84,90,100,69,82,66,88,72,65,67,62,62,52,56,56,49,48,40,43,45,36,38,40,37,38,48,41,38,62,36,39,46,63,41,64,54,43,41,44,36,37,23,19,16,15,17,14,14,8,12,4,6,10,5,7,6,4,7,5,5,3,2,3,5,5,3,2,1,0,1,0,0,0,0,0,0,0,0,0,0,0,0,0,0,0,0,0,0,,12749,4414,2992,2006,1348,1348,398,194,18,0,5312,0
692,1382,23.0,12/23/2024 17:16:23,17.56,2160,0,0,0,0,153,553,302,105,79,45,51,37,46,29,25,34,27,32,25,23,29,19,19,23,18,21,9,12,20,16,12,9,10,14,13,9,17,18,13,12,15,15,14,13,14,12,13,18,16,15,16,22,6,8,11,7,6,5,4,4,3,5,2,5,5,4,2,1,2,2,1,1,0,3,1,3,4,2,0,0,0,0,1,0,0,0,0,0,0,0,0,0,0,0,0,0,0,0,0,0,0,0,,7335,2039,1128,809,524,524,182,85,6,0,2130,0
693,1384,23.1,12/23/2024 17:18:28,23.59,4886,0,0,0,0,224,835,560,282,167,104,132,105,107,99,102,76,103,71,70,66,55,79,60,44,45,56,37,41,46,31,47,38,35,29,39,34,38,44,39,47,26,49,49,47,57,49,50,55,48,56,59,48,42,36,21,21,19,11,19,8,10,8,14,18,6,7,6,10,7,7,8,4,1,3,5,1,1,5,2,2,1,2,1,0,0,0,0,0,0,0,0,0,0,0,0,0,0,0,0,0,0,0,,9767,4180,2293,1763,1246,1246,428,140,17,0,4841,0
694,1386,23.1,12/23/2024 17:20:35,23.97,6202,0,0,0,1,309,1117,783,366,247,164,167,137,137,133,105,113,96,104,95,83,90,79,77,67,63,66,58,47,44,59,48,44,63,42,51,50,47,46,42,41,52,52,62,61,53,52,63,55,52,57,41,42,22,23,23,17,20,15,13,13,9,9,10,7,12,15,10,8,5,5,4,9,5,6,2,3,1,4,4,1,1,2,0,1,0,0,0,0,0,0,0,0,0,0,0,0,0,0,0,0,0,0,,13158,5257,2912,2194,993,993,392,167,17,0,4756,0
695,1388,23.1,12/23/2024 17:22:46,23.5,5475,0,0,0,0,215,773,564,333,224,159,151,119,139,109,115,102,94,89,95,67,68,72,78,73,66,66,41,66,53,56,40,46,50,55,51,47,45,44,54,52,53,49,57,55,53,53,78,48,58,58,63,40,49,29,31,24,22,19,11,8,14,12,16,7,10,9,7,5,6,12,9,5,2,6,7,2,4,2,2,5,1,1,1,1,0,0,0,0,0,0,0,0,0,0,0,0,0,0,0,0,0,0,,10294,4885,2889,2285,1319,1319,455,191,17,0,5587,0
696,1390,23.2,12/23/2024 17:24:55,23.47,5422,0,0,0,0,351,1103,697,330,247,139,170,115,115,111,100,76,66,65,79,60,60,63,55,59,58,43,43,38,38,33,34,33,43,37,38,28,40,24,36,39,34,35,31,34,37,42,35,45,47,56,39,50,32,34,22,24,12,17,14,10,10,8,10,9,13,9,6,4,2,3,6,0,5,5,2,1,2,5,2,1,2,1,0,0,0,0,0,0,0,0,0,0,0,0,0,0,0,0,0,0,0,0,,12940,4333,2233,1645,1125,1125,341,132,13,0,4380,0
697,1392,23.2,12/23/2024 17:27:08,23.47,3216,0,0,0,0,217,761,476,224,115,89,75,55,52,64,58,38,43,48,25,31,36,24,15,23,27,21,32,14,33,22,21,22,15,21,20,18,16,17,13,21,19,21,20,14,22,22,35,34,20,31,18,23,26,19,15,14,8,8,3,6,6,5,4,0,3,0,2,3,1,2,3,3,1,1,0,1,0,0,1,0,0,0,0,0,0,0,0,0,0,0,0,0,0,0,0,0,0,0,0,0,0,0,,8338,2237,1142,865,622,622,124,43,0,0,2275,0
698,1394,23.2,12/23/2024 17:29:21,23.53,3899,0,0,0,1,263,911,574,261,189,101,128,100,88,87,68,55,59,51,50,43,26,28,35,34,34,34,23,36,25,23,19,21,29,18,22,24,12,24,24,27,16,27,24,18,21,25,22,27,25,26,27,13,15,13,10,9,4,5,3,1,5,4,1,2,0,4,0,0,1,1,1,0,0,1,0,0,0,0,0,0,1,0,0,0,0,0,0,0,0,0,0,0,0,0,0,0,0,0,0,0,0,0,,10319,3209,1347,1003,446,446,81,13,4,0,1993,0
699,1396,23.3,12/23/2024 17:31:32,22.47,3969,0,0,0,0,294,949,551,236,159,113,99,74,64,64,51,61,54,36,43,36,30,34,28,37,30,24,16,20,23,29,21,17,22,19,17,19,22,22,22,11,21,26,33,27,27,21,32,40,30,47,36,45,41,29,28,24,12,15,13,14,7,3,9,9,5,4,0,4,2,1,0,2,0,5,2,2,2,1,2,0,0,0,0,1,0,0,0,0,0,0,0,0,0,0,0,0,0,0,0,0,0,0,,10685,2724,1300,948,1175,1175,196,71,4,0,3569,0
700,1398,23.3,12/23/2024 17:33:43,22.36,4719,0,0,0,3,287,835,618,317,201,146,97,102,119,98,96,73,62,60,90,65,55,59,47,40,34,46,42,28,32,39,36,28,31,25,33,31,27,22,27,20,38,22,36,24,33,35,34,31,47,46,40,38,52,40,37,34,21,20,16,9,12,11,11,6,2,9,7,9,3,1,4,3,3,2,3,2,2,2,0,1,1,0,1,0,0,0,0,0,0,0,0,0,0,0,0,0,0,0,0,0,0,0,,11199,4101,2048,1422,1427,1427,335,103,9,0,4723,0
701,1400,23.3,12/23/2024 17:35:54,22.72,4837,0,0,0,1,229,827,600,288,206,136,122,108,106,92,81,87,89,73,77,71,60,50,61,49,52,50,36,62,49,51,37,41,35,44,46,37,44,33,45,27,39,30,37,53,43,41,41,44,40,37,43,40,41,38,29,24,15,11,12,9,9,9,4,6,5,5,8,5,0,4,1,2,1,1,1,1,3,0,1,2,0,0,0,0,0,0,0,0,0,0,0,0,0,0,0,0,0,0,0,0,0,0,,10603,4252,2452,1884,1193,1193,246,57,0,0,4573,0
702,1402,23.4,12/23/2024 17:38:04,22.86,5743,0,0,0,0,278,918,706,409,205,164,160,122,123,104,111,104,87,93,82,90,66,71,75,60,60,57,67,53,49,52,43,55,48,41,31,41,39,39,47,43,44,41,48,43,41,48,53,44,57,46,63,51,44,43,35,36,25,24,17,11,14,8,6,18,6,10,11,11,4,6,6,7,3,0,5,1,2,6,4,4,0,1,3,0,0,0,0,0,0,0,0,0,0,0,0,0,0,0,0,0,0,0,,12423,4996,2857,2060,1588,1588,437,166,17,0,5857,0
703,1404,23.4,12/23/2024 17:40:14,23.02,5309,0,0,0,0,306,1032,700,333,200,132,139,137,104,123,92,88,81,77,76,73,61,60,49,52,42,53,50,47,53,53,36,46,41,29,26,29,23,26,36,24,27,24,28,42,40,38,44,54,43,59,55,47,35,37,28,22,15,17,7,11,11,11,7,7,8,7,6,6,5,7,4,6,6,3,2,2,3,2,2,0,0,1,0,0,1,0,0,0,0,0,0,0,0,0,0,0,0,0,0,0,0,0,,12346,4566,2415,1490,1238,1238,343,130,9,0,4448,0
704,1406,23.4,12/23/2024 17:42:25,23.27,5556,0,0,0,2,296,955,764,363,220,148,178,146,96,101,110,91,97,92,90,89,67,71,66,59,48,42,62,54,49,41,36,31,46,33,28,37,27,44,31,44,28,44,46,40,51,37,49,47,42,52,44,44,41,36,22,30,18,18,11,10,5,7,8,5,11,12,4,4,5,3,6,3,2,4,2,2,0,1,5,2,1,0,0,0,0,0,0,0,0,0,0,0,0,0,0,0,0,0,0,0,0,0,,12574,4972,2557,1654,1199,1199,301,120,4,0,4478,0
705,1408,23.5,12/23/2024 17:44:38,24,4762,0,0,0,0,272,1011,660,349,208,127,136,99,100,86,82,101,86,71,83,51,69,62,45,51,37,48,44,32,29,23,38,32,32,29,32,32,29,35,32,32,36,30,30,52,25,40,38,26,29,23,22,23,13,12,12,12,9,5,2,4,3,4,3,4,0,3,1,1,3,2,2,0,2,2,0,1,1,0,0,2,0,0,0,0,0,0,0,0,0,0,0,0,0,0,0,0,0,0,0,0,0,0,,11513,4017,1992,1496,488,488,108,42,0,0,2621,0
706,1410,23.5,12/23/2024 17:46:50,24.08,5243,0,0,0,0,120,579,452,285,168,118,127,117,115,119,96,96,81,84,78,65,74,74,75,62,59,67,71,60,62,65,53,51,60,41,66,52,70,46,55,78,54,73,68,70,75,60,64,62,68,76,65,61,56,37,42,36,22,32,28,20,15,14,19,23,13,19,11,9,14,19,11,5,6,8,10,6,7,4,4,2,5,3,5,1,0,0,0,0,0,0,0,0,0,0,0,0,0,0,0,0,0,0,,7679,4369,2998,2600,1719,1719,694,282,58,0,7072,0
707,1412,23.5,12/23/2024 17:49:03,24.31,5176,0,0,0,0,159,634,495,274,189,121,146,92,105,96,103,92,73,93,78,62,71,76,78,66,66,51,61,55,44,45,49,58,66,52,49,64,63,61,51,58,60,57,59,61,59,65,69,80,67,45,48,58,32,32,41,28,24,20,30,16,21,19,15,24,9,14,14,17,12,10,10,11,6,3,5,4,7,10,6,4,1,0,4,2,1,0,0,0,0,0,0,0,0,0,0,0,0,0,0,0,0,0,,8301,4159,2723,2596,1440,1440,679,276,33,0,6462,0
708,1414,23.6,12/23/2024 17:51:16,24.17,5055,0,0,0,0,162,642,432,237,160,90,105,103,80,81,99,56,78,74,61,67,78,61,49,57,56,55,42,52,35,49,52,57,49,50,53,52,57,69,62,68,54,62,73,84,66,76,64,75,73,73,68,57,60,46,28,48,22,32,25,29,22,23,23,26,14,13,26,12,13,11,16,12,13,12,17,10,7,11,7,4,3,6,6,2,1,0,0,0,0,0,0,0,0,0,0,0,0,0,0,0,0,0,,7563,3649,2424,2578,1808,1808,823,463,74,0,7555,0
709,1416,23.6,12/23/2024 17:53:30,24.14,4635,0,0,0,0,133,670,489,254,135,100,115,76,93,74,50,68,68,65,59,73,56,64,47,41,51,54,41,45,43,53,41,39,39,43,50,51,53,48,40,43,62,60,58,69,55,68,65,73,58,62,58,47,33,43,41,22,30,17,9,17,17,24,14,15,15,10,10,10,12,9,11,4,9,7,14,10,6,4,4,5,3,6,1,4,0,0,0,0,0,0,0,0,0,0,0,0,0,0,0,0,0,0,,7854,3302,2220,2109,1384,1384,609,319,58,0,5862,0
710,1418,23.6,12/23/2024 17:55:13,20.02,4026,0,0,0,1,176,715,394,185,127,71,80,66,76,56,50,61,55,56,41,38,42,41,32,40,34,33,37,40,29,29,32,36,35,33,41,47,45,46,48,42,39,42,35,39,34,38,37,50,38,38,40,27,31,21,26,18,24,8,17,29,23,27,23,14,21,21,12,14,10,20,13,14,22,10,16,17,9,16,15,15,14,19,11,5,4,0,0,0,0,0,0,0,0,0,0,0,0,0,0,0,0,0,,8736,3102,1943,2218,1319,1319,989,804,265,0,6913,0
711,1420,23.7,12/23/2024 17:57:29,30.05,3652,0,0,1,1,181,829,569,242,137,90,120,102,75,70,76,64,72,86,56,63,60,49,56,45,52,50,51,41,41,27,39,30,24,22,29,29,16,18,9,7,7,13,8,6,2,6,6,5,8,5,1,3,2,1,5,4,3,3,2,2,6,1,1,2,1,1,3,2,3,1,1,2,1,3,0,0,0,0,0,0,2,1,0,0,0,0,0,0,0,0,0,0,0,0,0,0,0,0,0,0,0,0,,7221,2809,1700,765,106,106,73,30,10,0,1092,0
712,1422,23.7,12/23/2024 17:59:55,30.16,2582,0,0,0,0,153,751,523,162,96,67,63,41,50,55,29,34,37,26,33,30,27,23,41,29,28,22,21,22,13,27,16,25,11,10,17,15,17,7,4,6,9,3,2,6,5,2,4,2,5,1,1,1,1,0,3,0,0,0,1,1,0,0,1,1,1,0,0,0,0,1,0,0,0,0,0,0,0,0,0,0,0,0,0,0,0,0,0,0,0,0,0,0,0,0,0,0,0,0,0,0,0,0,,6018,1409,892,454,27,27,13,0,0,0,521,0
713,1424,23.7,12/23/2024 18:02:14,26.45,2360,0,0,0,1,146,670,445,147,101,62,68,54,48,43,29,30,28,25,26,30,22,23,15,21,22,14,13,20,18,7,13,19,12,9,9,8,10,20,14,12,11,13,9,11,12,4,12,9,5,4,1,2,1,2,0,1,0,1,2,2,2,0,0,0,0,1,0,1,0,0,0,0,0,0,0,0,0,0,0,0,0,0,0,0,0,0,0,0,0,0,0,0,0,0,0,0,0,0,0,0,0,0,,6200,1524,711,518,53,53,15,0,0,0,639,0
714,1426,23.8,12/23/2024 18:04:31,25.17,2906,0,0,0,0,144,757,446,192,116,84,81,54,53,51,48,46,35,34,35,27,37,26,40,22,36,17,28,30,15,27,23,24,32,16,23,17,26,16,18,22,29,17,21,15,27,17,12,16,8,8,7,6,6,2,3,0,0,0,2,0,1,4,0,2,0,0,0,2,1,1,0,0,0,0,0,1,0,0,0,0,0,0,0,0,0,0,0,0,0,0,0,0,0,0,0,0,0,0,0,0,0,0,,7231,1990,1196,977,107,107,44,4,0,0,1240,0
715,1428,23.8,12/23/2024 18:06:14,19.98,4444,0,0,0,0,281,1123,727,294,204,113,108,82,70,60,62,51,50,55,51,47,44,39,34,32,33,33,26,27,34,32,31,38,25,26,34,31,24,29,25,27,23,21,22,17,25,21,19,24,21,20,16,17,13,6,12,5,10,9,10,8,9,13,10,15,8,8,6,4,3,6,4,5,4,4,5,4,1,2,1,5,2,3,1,0,0,0,0,0,0,0,0,0,0,0,0,0,0,0,0,0,0,0,,14264,3403,1827,1567,576,576,430,185,30,0,3363,0
716,1430,23.8,12/23/2024 18:08:24,25.39,5051,0,0,0,1,214,990,642,322,191,122,117,99,99,74,83,82,70,70,53,55,58,54,66,68,57,54,52,54,58,38,68,58,53,48,56,57,50,46,55,43,50,46,42,54,36,44,33,44,41,28,32,20,16,12,17,9,10,9,8,7,13,7,15,3,3,8,6,5,4,5,3,4,4,7,8,5,4,2,1,1,1,4,2,1,0,0,0,0,0,0,0,0,0,0,0,0,0,0,0,0,0,0,,10236,3387,2469,2300,603,603,284,158,32,0,3978,0
717,1432,23.9,12/23/2024 18:10:43,26.66,3349,0,0,0,1,176,746,544,236,142,99,101,63,63,69,61,46,31,56,35,31,28,50,44,42,44,37,23,27,25,28,35,34,30,30,30,29,28,21,23,24,21,27,24,20,18,12,20,11,8,9,4,4,2,2,1,3,2,3,0,3,3,0,3,2,4,2,1,1,1,0,2,0,0,1,0,1,0,0,0,0,1,0,0,1,0,0,0,0,0,0,0,0,0,0,0,0,0,0,0,0,0,0,,7671,2191,1437,1144,101,101,71,19,8,0,1444,0
718,1434,23.9,12/23/2024 18:13:09,30.38,2163,0,0,0,0,184,694,462,145,78,61,53,37,28,27,24,25,16,25,19,13,14,21,17,13,16,14,13,11,13,15,17,14,17,8,10,7,4,5,7,3,6,4,2,5,2,1,1,0,0,1,2,1,1,1,0,0,0,0,1,0,1,0,0,0,0,0,0,0,0,1,1,0,1,0,0,1,0,0,0,0,0,0,0,0,0,0,0,0,0,0,0,0,0,0,0,0,0,0,0,0,0,0,,5520,925,540,323,23,23,10,10,0,0,388,0
719,1436,23.9,12/23/2024 18:14:58,25.44,4280,0,0,0,2,230,852,602,255,130,93,129,93,92,113,81,114,88,88,76,81,74,73,61,50,40,61,57,44,34,40,34,30,37,29,32,26,29,26,22,14,17,17,8,11,16,16,16,12,15,16,10,8,14,11,6,10,13,11,7,6,11,8,6,2,8,3,7,8,8,9,3,7,5,3,6,1,5,2,1,0,1,3,0,1,0,0,0,0,0,0,0,0,0,0,0,0,0,0,0,0,0,0,,9013,4045,2233,1164,421,421,287,134,20,0,2445,0
720,1438,24.0,12/23/2024 18:17:11,31.86,4414,0,0,1,1,226,915,672,300,176,102,116,107,93,119,107,83,74,101,91,74,78,79,72,56,85,60,48,41,51,42,37,40,30,24,25,30,22,14,15,13,19,14,12,15,9,6,6,10,6,6,3,3,5,5,1,4,3,5,9,9,4,5,1,2,2,3,3,1,5,5,2,3,1,0,2,2,1,1,0,0,0,1,0,0,0,0,0,0,0,0,0,0,0,0,0,0,0,0,0,0,0,0,,7875,3274,2037,844,160,160,104,38,3,0,1309,0
721,1440,24.0,12/23/2024 18:19:42,34.34,2478,0,0,0,0,194,814,478,167,107,43,47,40,56,26,33,38,31,26,31,29,22,17,27,19,16,19,13,15,15,18,20,16,5,8,10,10,8,8,3,4,5,2,1,5,3,2,2,1,1,0,2,4,0,1,1,2,1,0,3,1,0,0,2,1,0,0,0,1,0,0,0,1,0,1,0,2,0,0,0,0,0,0,0,0,0,0,0,0,0,0,0,0,0,0,0,0,0,0,0,0,0,0,,5387,1104,585,282,44,44,12,12,0,0,393,0
722,1442,24.0,12/23/2024 18:21:38,31.42,5295,1,0,1,7,273,1113,701,336,224,150,154,151,135,132,121,151,107,116,114,92,90,83,70,65,60,59,47,47,40,41,40,38,32,29,27,33,25,13,10,11,11,10,11,9,13,12,9,19,16,12,16,10,11,16,7,7,16,7,7,7,4,7,7,8,10,7,7,6,8,7,5,7,7,4,7,8,5,6,5,4,1,0,0,0,0,0,0,0,0,0,0,0,0,0,0,0,0,0,0,0,0,0,,9421,4338,2043,856,344,344,242,188,3,0,1976,0
723,1444,24.1,12/23/2024 18:24:12,35.05,2613,0,0,0,1,183,821,518,153,94,75,60,43,50,37,40,37,36,32,36,33,31,28,16,20,24,25,12,18,16,16,14,13,15,17,7,10,6,11,4,1,2,3,3,4,5,3,3,2,2,2,0,1,3,2,1,2,5,1,1,1,0,0,2,1,1,0,4,0,0,0,0,1,0,0,0,1,2,2,0,0,0,0,0,0,0,0,0,0,0,0,0,0,0,0,0,0,0,0,0,0,0,0,,5435,1241,628,285,49,49,23,17,0,0,422,0
724,1446,24.1,12/23/2024 18:26:54,37.09,1922,0,0,0,0,194,891,463,119,55,35,30,11,23,15,12,12,5,6,8,1,4,5,4,5,1,2,1,1,2,4,3,0,1,1,1,1,0,2,1,0,0,1,0,0,0,0,0,0,0,0,0,0,0,0,1,0,0,0,0,0,1,0,0,0,0,0,0,0,0,0,0,0,0,0,0,0,0,0,0,0,0,0,0,0,0,0,0,0,0,0,0,0,0,0,0,0,0,0,0,0,0,0,,4818,342,86,27,5,5,3,0,0,0,40,0
725,1448,24.1,12/23/2024 18:28:42,23.84,4940,0,0,0,1,295,1061,718,281,201,137,164,136,119,125,79,101,89,82,89,84,74,61,70,69,71,71,57,46,46,38,33,44,32,22,26,30,32,25,16,18,18,11,17,13,14,7,11,17,9,17,12,11,13,9,7,6,7,7,7,9,7,4,6,2,7,3,4,5,4,4,5,6,4,1,3,1,2,3,2,0,0,1,0,1,0,0,0,0,0,0,0,0,0,0,0,0,0,0,0,0,0,0,,11988,4790,2668,1242,398,398,214,113,8,0,2374,0
726,1450,24.2,12/23/2024 18:31:02,35.98,4036,0,0,0,0,227,1035,678,267,184,106,137,114,117,100,100,91,71,78,74,65,47,53,44,40,32,29,37,28,23,24,29,19,20,15,14,10,14,8,7,6,8,9,4,5,6,7,3,3,4,0,5,5,3,2,0,3,4,2,7,0,1,0,1,2,2,0,0,2,0,0,2,1,0,0,1,1,0,0,0,0,0,0,0,0,0,0,0,0,0,0,0,0,0,0,0,0,0,0,0,0,0,0,,7321,2763,1073,417,89,89,28,14,0,0,636,0
727,1452,24.2,12/23/2024 18:33:31,31.31,2081,0,0,0,0,134,703,479,147,87,59,58,26,33,36,30,25,22,20,19,12,12,10,12,14,20,10,7,9,8,16,8,8,9,7,7,5,5,2,3,3,3,1,1,0,1,0,2,2,0,0,0,2,0,1,0,2,0,1,0,0,0,0,0,0,0,0,0,0,0,0,0,0,0,0,0,0,0,0,0,0,0,0,0,0,0,0,0,0,0,0,0,0,0,0,0,0,0,0,0,0,0,0,,5324,936,402,192,19,19,0,0,0,0,230,0
728,1454,24.2,12/23/2024 18:35:17,23.03,4995,0,0,1,1,321,1320,862,361,216,160,143,117,100,106,80,84,67,65,48,52,59,53,35,41,44,45,43,40,44,33,29,35,24,25,21,20,14,23,11,7,14,10,15,9,9,4,11,5,12,16,6,7,11,4,7,5,8,9,8,7,11,2,4,5,4,3,4,5,4,4,2,3,3,2,1,2,2,1,1,2,0,2,0,1,0,0,0,0,0,0,0,0,0,0,0,0,0,0,0,0,0,0,,14698,3999,2023,968,360,360,208,83,13,0,1993,0
729,1456,24.3,12/23/2024 18:37:32,29.88,5624,0,0,0,0,216,1046,897,390,232,157,196,137,135,126,150,120,102,97,98,99,93,106,72,67,66,88,66,68,50,46,48,68,54,44,42,30,33,33,27,31,24,17,20,22,13,19,13,23,9,7,8,5,7,7,10,9,9,3,6,11,7,0,5,1,7,3,3,3,3,1,5,4,1,0,1,1,2,1,3,1,0,0,0,0,0,0,0,0,0,0,0,0,0,0,0,0,0,0,0,0,0,0,,10489,4528,2577,1452,274,274,127,64,0,0,2192,0
730,1458,24.3,12/23/2024 18:39:54,28.73,2653,0,0,0,1,154,763,503,203,116,68,74,62,47,42,36,33,30,39,28,35,36,19,31,19,29,28,26,21,16,25,13,26,10,15,11,6,15,11,8,7,3,7,3,5,3,3,3,0,2,1,2,1,4,0,1,0,0,3,0,1,3,0,0,0,0,0,0,0,0,0,1,0,0,0,0,0,0,0,0,0,1,0,0,0,0,0,0,0,0,0,0,0,0,0,0,0,0,0,0,0,0,0,,6551,1608,915,435,52,52,14,7,3,0,564,0
731,1460,24.3,12/23/2024 18:41:39,22.44,2971,0,0,0,0,226,892,511,187,105,67,73,65,63,66,47,44,33,35,39,28,24,30,21,35,29,19,22,30,19,16,17,14,11,12,16,13,18,13,15,9,5,7,5,7,7,5,6,2,3,5,4,3,2,2,4,1,3,1,5,2,1,1,0,4,4,1,2,3,0,2,2,2,0,0,1,1,1,0,1,1,0,0,0,1,0,0,0,0,0,0,0,0,0,0,0,0,0,0,0,0,0,0,,9184,2304,1168,637,125,125,89,40,4,0,1020,0
732,1462,24.4,12/23/2024 18:43:53,27.39,4018,0,0,0,1,224,1033,604,235,149,90,75,90,72,74,76,62,60,60,62,59,60,37,41,53,50,42,36,38,39,33,27,31,27,25,36,29,31,34,35,18,34,20,24,16,5,18,16,9,10,16,7,6,7,6,8,5,3,7,4,4,7,4,2,5,4,3,3,0,4,2,2,1,0,1,1,0,3,0,0,2,1,0,0,0,0,0,0,0,0,0,0,0,0,0,0,0,0,0,0,0,0,0,,8802,2738,1665,1194,234,234,131,40,4,0,1836,0
733,1464,24.4,12/23/2024 18:46:12,26.27,1951,0,0,0,1,153,690,399,129,71,52,31,26,43,20,33,16,11,15,16,18,14,7,10,14,7,9,5,6,8,17,8,4,11,7,4,9,6,11,8,6,13,5,4,7,7,5,3,1,0,2,2,1,2,0,1,0,0,0,0,0,0,1,1,0,0,0,1,0,0,0,0,0,0,0,0,0,0,0,0,0,0,0,0,0,0,0,0,0,0,0,0,0,0,0,0,0,0,0,0,0,0,0,,5809,925,400,331,23,23,11,0,0,0,388,0
734,1466,24.4,12/23/2024 18:48:32,26.66,1878,0,0,0,0,158,648,343,117,84,41,38,29,27,22,24,18,25,22,15,12,10,7,11,11,14,15,14,9,13,8,8,6,10,14,13,4,7,7,10,9,6,11,8,4,8,3,4,2,3,0,0,0,2,1,1,0,0,1,0,1,0,0,0,0,0,0,0,0,0,0,0,0,0,0,0,0,0,0,0,0,0,0,0,0,0,0,0,0,0,0,0,0,0,0,0,0,0,0,0,0,0,0,,5360,908,450,353,23,23,0,0,0,0,398,0
735,1468,24.5,12/23/2024 18:50:17,22.25,5768,1,0,0,0,247,956,696,289,206,168,158,153,134,127,102,103,110,75,77,85,71,70,69,62,75,61,68,56,59,58,51,45,46,47,44,56,41,46,52,61,48,45,44,37,44,30,31,31,22,36,28,26,34,28,21,27,27,17,26,23,25,27,19,18,27,19,13,15,16,19,11,9,13,14,12,8,11,8,7,8,3,2,6,7,1,0,0,0,0,0,0,0,0,0,0,0,0,0,0,0,0,0,,12229,5371,3146,2413,1267,1267,939,467,85,0,6440,0
736,1470,24.5,12/23/2024 18:52:25,28.34,6664,0,0,0,1,344,1392,875,398,225,182,169,152,154,160,167,129,106,121,121,110,123,110,87,82,69,93,78,88,71,78,67,72,47,59,55,57,57,34,32,41,32,34,23,30,27,15,19,18,12,15,16,13,9,12,8,16,11,11,14,8,5,8,9,3,2,9,9,5,6,8,4,6,6,6,1,2,3,10,1,3,4,1,1,3,0,0,0,0,0,0,0,0,0,0,0,0,0,0,0,0,0,0,,12653,5335,3338,1951,434,434,240,162,32,0,3253,0
737,1472,24.5,12/23/2024 18:54:50,30.84,2685,0,0,0,0,222,897,538,175,110,69,66,57,50,37,31,44,35,24,24,23,30,28,22,22,22,25,13,17,11,14,16,10,10,7,4,5,5,5,3,1,2,0,1,0,1,0,0,1,0,0,2,1,1,0,0,1,0,0,0,1,0,0,0,0,0,0,0,0,0,0,0,0,0,0,1,0,0,0,0,0,0,0,1,0,0,0,0,0,0,0,0,0,0,0,0,0,0,0,0,0,0,0,,6735,1365,713,220,19,19,0,3,3,0,266,0
738,1474,24.6,12/23/2024 18:57:25,34.78,2195,0,0,0,0,211,818,452,134,83,52,43,36,36,43,29,23,25,27,23,17,18,15,13,7,10,8,8,10,6,6,8,7,2,7,2,4,3,0,1,3,0,2,0,0,0,0,1,0,1,0,0,0,0,0,0,0,0,0,0,0,0,0,0,0,0,0,0,0,0,0,1,0,0,0,0,0,0,0,0,0,0,0,0,0,0,0,0,0,0,0,0,0,0,0,0,0,0,0,0,0,0,0,,5155,920,313,106,0,0,3,3,0,0,112,0
739,1476,24.6,12/23/2024 18:59:08,20.28,2194,0,0,0,2,168,643,404,118,97,57,67,35,52,28,42,29,37,18,27,32,33,21,29,18,15,16,14,13,14,11,12,13,10,7,6,10,8,9,3,8,3,3,4,4,7,2,3,3,7,0,2,0,2,1,3,1,3,2,2,4,2,1,0,1,1,0,0,1,0,2,1,1,0,0,0,0,0,1,0,0,1,0,0,0,0,0,0,0,0,0,0,0,0,0,0,0,0,0,0,0,0,0,,7673,1972,966,439,108,108,44,20,5,0,725,0
740,1478,24.6,12/23/2024 19:01:20,26.25,4890,0,0,0,0,366,1299,723,328,200,128,134,122,94,105,97,77,98,62,60,52,55,38,57,50,43,32,42,45,30,35,39,23,44,35,23,14,29,22,21,23,21,20,18,26,14,9,15,18,11,13,7,5,11,1,3,1,5,2,4,4,1,5,1,0,4,4,1,0,2,4,3,2,1,1,1,2,0,2,1,1,0,1,0,0,0,0,0,0,0,0,0,0,0,0,0,0,0,0,0,0,0,0,,12107,3642,1775,1120,168,168,95,53,4,0,1608,0
741,1480,24.7,12/23/2024 19:03:35,24.45,3009,0,0,0,0,276,1004,508,170,109,66,59,55,52,36,39,41,32,32,23,22,18,18,25,20,16,15,17,14,14,7,16,15,11,17,18,14,4,17,12,14,12,12,18,16,16,10,11,14,14,11,12,8,8,5,3,6,0,2,0,1,1,0,0,1,0,1,0,0,0,0,0,0,0,1,0,0,0,0,0,0,0,0,0,0,0,0,0,0,0,0,0,0,0,0,0,0,0,0,0,0,0,0,,8965,1673,736,613,188,188,12,4,0,0,1006,0
742,1482,24.7,12/23/2024 19:05:55,27.02,2900,0,0,0,0,217,807,521,192,118,92,70,63,32,36,43,28,24,35,35,37,27,34,38,32,25,18,27,18,21,16,21,29,26,11,21,16,13,16,15,15,17,9,8,7,9,11,5,6,5,5,5,4,2,1,3,0,1,1,1,1,0,1,0,2,1,0,1,1,1,2,0,0,0,1,0,0,0,0,0,0,0,0,0,0,0,0,0,0,0,0,0,0,0,0,0,0,0,0,0,0,0,0,,7465,1591,1025,740,70,70,33,4,0,0,918,0
743,1484,24.7,12/23/2024 19:08:10,24.22,3202,0,0,0,0,208,740,495,219,126,81,91,58,73,60,41,51,45,38,42,30,30,36,27,22,28,22,23,22,25,19,20,25,16,12,20,15,20,35,24,25,19,18,24,18,19,20,19,33,27,20,22,21,14,14,12,7,3,4,4,1,2,2,1,2,0,1,1,0,1,1,2,0,1,0,1,2,0,1,0,0,0,0,0,1,0,0,0,0,0,0,0,0,0,0,0,0,0,0,0,0,0,0,,8092,2308,1131,954,429,429,54,29,4,0,1899,0
744,1486,24.8,12/23/2024 19:10:19,24.89,5073,0,0,0,0,243,984,586,249,173,102,143,108,115,97,84,82,77,79,80,80,64,82,60,75,54,63,59,62,62,46,43,41,37,40,40,39,29,42,38,57,37,35,48,44,36,46,52,37,50,38,41,31,32,25,24,16,9,13,12,18,17,13,12,11,8,6,3,5,2,6,6,6,4,1,5,2,0,1,0,2,2,1,0,1,0,0,0,0,0,0,0,0,0,0,0,0,0,0,0,0,0,0,,9964,4054,2692,1780,956,956,358,117,16,0,4182,0
745,1488,24.8,12/23/2024 19:12:34,25.06,3637,0,0,0,0,189,771,465,209,143,83,98,80,73,72,56,47,41,37,39,28,40,43,42,33,36,34,28,39,21,41,30,32,35,40,29,31,35,40,37,32,37,41,34,42,36,35,25,34,24,31,20,12,12,19,10,10,7,5,6,3,7,3,6,5,4,4,4,0,5,5,2,3,4,2,2,3,0,2,1,1,0,0,0,2,0,0,0,0,0,0,0,0,0,0,0,0,0,0,0,0,0,0,,7813,2438,1544,1508,443,443,180,80,8,0,2662,0
746,1490,24.8,12/23/2024 19:14:47,24.73,3912,0,0,0,0,171,778,466,196,100,74,84,82,84,77,73,55,46,51,40,60,49,50,38,44,34,37,37,44,37,35,42,42,38,44,27,40,32,50,25,36,33,41,35,48,41,42,53,31,39,40,27,19,22,19,15,10,11,13,10,7,15,11,9,11,9,3,4,6,7,8,4,4,11,7,5,3,3,3,4,4,3,3,1,0,0,0,0,0,0,0,0,0,0,0,0,0,0,0,0,0,0,0,,7558,2835,1808,1654,679,679,352,206,28,0,3599,0
747,1492,24.9,12/23/2024 19:17:03,25.31,3218,0,0,0,0,147,703,472,211,133,95,77,67,56,48,54,50,29,47,34,46,34,32,29,35,35,31,31,31,30,14,27,23,21,32,24,27,17,23,37,27,28,35,25,37,31,27,26,28,25,19,18,8,10,18,8,6,4,2,5,3,2,4,0,3,1,4,2,1,1,0,1,1,0,1,2,0,1,1,0,1,0,0,0,0,0,0,0,0,0,0,0,0,0,0,0,0,0,0,0,0,0,0,,7262,2141,1300,1130,332,332,75,32,0,0,1900,0
748,1494,24.9,12/23/2024 19:19:17,23.72,2919,0,0,0,1,161,656,429,166,113,66,72,55,49,46,43,32,42,25,36,35,34,29,40,25,30,23,28,26,20,19,22,30,17,20,23,24,26,16,24,16,21,26,21,25,35,26,26,22,29,30,22,20,10,18,9,6,8,4,2,4,4,5,4,0,2,2,1,1,2,3,1,3,0,0,3,1,1,1,0,0,0,2,0,0,0,0,0,0,0,0,0,0,0,0,0,0,0,0,0,0,0,0,,7015,1977,1248,1008,451,451,105,42,8,0,2066,0
749,1496,24.9,12/23/2024 19:21:31,23.84,3382,0,0,0,0,171,699,493,216,150,90,94,74,60,64,70,43,53,48,35,42,46,28,47,36,43,30,34,24,24,25,27,20,16,27,32,12,18,28,20,34,28,21,30,28,27,21,31,31,30,23,22,19,16,16,5,4,8,5,6,7,2,6,3,5,6,3,0,1,2,0,0,0,0,1,0,1,0,0,0,1,0,0,0,0,0,0,0,0,0,0,0,0,0,0,0,0,0,0,0,0,0,0,,8024,2638,1527,1099,461,461,117,13,0,0,2152,0
750,1498,25.0,12/23/2024 19:23:45,24.31,3928,0,0,0,0,185,703,506,253,163,136,117,87,96,75,89,75,64,61,57,61,54,51,53,48,53,40,40,43,36,35,19,36,40,31,32,30,18,22,34,32,34,30,23,37,29,25,34,27,25,26,24,22,23,15,14,10,7,11,3,0,4,3,3,3,3,2,3,3,4,1,0,1,1,1,0,0,0,2,0,0,0,0,0,0,0,0,0,0,0,0,0,0,0,0,0,0,0,0,0,0,0,0,,8486,3439,1942,1349,547,547,119,21,0,0,2583,0
751,1500,25.0,12/23/2024 19:25:59,23.7,4262,0,0,0,0,156,639,497,267,179,104,119,103,88,105,87,83,67,71,56,54,54,54,61,57,58,39,51,44,47,44,39,37,47,42,46,32,31,30,34,44,29,37,39,35,42,40,34,46,41,43,45,55,36,26,20,23,13,13,5,8,11,7,7,3,4,6,3,4,4,1,1,2,0,1,1,3,1,3,0,0,3,1,0,0,0,0,0,0,0,0,0,0,0,0,0,0,0,0,0,0,0,0,,8274,3743,2312,1734,1076,1076,215,63,17,0,4181,0
752,1502,25.0,12/23/2024 19:28:10,22.91,4319,0,0,0,0,182,658,451,236,159,107,112,101,91,77,86,67,66,60,63,57,56,56,49,38,46,35,37,51,46,44,34,55,42,31,36,37,31,28,21,38,32,42,42,40,55,38,59,56,55,55,68,49,57,50,36,31,30,21,9,13,8,11,7,12,10,6,7,6,7,3,3,1,1,5,2,3,2,1,1,0,1,0,0,0,0,0,0,0,0,0,0,0,0,0,0,0,0,0,0,0,0,0,,8315,3649,2148,1680,1624,1624,349,87,4,0,5369,0
753,1504,25.1,12/23/2024 19:30:23,24.33,4291,0,0,0,1,172,680,503,269,201,125,119,122,102,79,80,90,78,71,65,62,69,71,53,51,64,44,47,34,46,49,37,37,43,39,36,28,44,39,37,34,25,34,42,27,33,49,46,42,38,35,31,26,19,23,15,11,9,5,4,7,3,6,3,6,6,3,2,8,1,1,3,0,0,2,2,1,1,0,0,0,1,0,0,0,0,0,0,0,0,0,0,0,0,0,0,0,0,0,0,0,0,0,,8508,3851,2322,1640,629,629,173,41,4,0,3115,0
754,1506,25.1,12/23/2024 19:32:36,23.34,3742,0,0,0,0,189,674,470,222,164,100,91,85,83,70,90,60,51,63,52,52,39,55,48,36,36,34,40,36,30,31,27,31,36,27,33,26,38,31,24,20,36,27,22,26,36,36,39,36,36,35,37,22,29,26,22,17,5,11,5,4,5,4,6,5,1,2,3,5,1,1,1,1,1,1,2,0,1,0,0,0,0,0,1,0,0,0,0,0,0,0,0,0,0,0,0,0,0,0,0,0,0,0,,8183,3153,1765,1410,784,784,146,30,4,0,3158,0
755,1508,25.1,12/23/2024 19:34:47,23.11,4185,0,0,0,1,234,889,535,250,173,116,127,82,78,86,62,70,56,48,50,57,54,40,49,38,46,43,24,31,35,39,32,45,31,22,31,26,22,25,31,41,32,28,37,23,39,38,33,36,43,32,30,31,29,31,18,15,12,9,8,5,3,3,3,1,2,1,3,2,3,2,4,3,2,0,0,0,1,1,1,1,1,0,0,0,0,0,0,0,0,0,0,0,0,0,0,0,0,0,0,0,0,0,,10061,3332,1865,1463,826,826,117,61,4,0,3297,0
756,1510,25.2,12/23/2024 19:36:30,19.42,4419,0,0,0,0,292,960,655,267,167,123,116,83,89,74,58,75,50,52,56,64,46,64,42,36,37,33,38,34,27,30,33,26,29,38,28,21,29,35,25,27,24,33,26,25,28,33,22,24,21,32,28,12,22,23,17,18,9,7,13,11,12,11,11,12,11,5,6,10,12,3,2,4,5,5,4,3,4,4,2,1,1,1,3,0,0,0,0,0,0,0,0,0,0,0,0,0,0,0,0,0,0,0,,13285,3929,2163,1622,886,886,489,180,26,0,4089,0
757,1512,25.2,12/23/2024 19:38:38,23.63,5103,0,0,0,0,377,1266,691,297,147,124,95,82,64,80,82,57,60,49,48,31,45,37,37,42,41,43,33,32,43,29,34,39,46,45,42,31,39,44,49,42,55,35,58,40,37,45,32,45,47,36,36,27,36,26,26,22,13,6,14,10,8,5,7,7,8,4,6,9,6,3,10,5,6,2,7,1,6,2,3,3,1,0,2,1,2,0,0,0,0,0,0,0,0,0,0,0,0,0,0,0,0,0,,12683,2933,1760,1972,948,948,309,195,25,0,4397,0
758,1514,25.2,12/23/2024 19:40:23,21.53,4391,0,0,0,1,375,1305,766,281,183,122,113,84,68,61,76,63,40,51,53,48,46,30,34,28,24,21,22,26,22,13,27,26,17,12,21,14,12,23,24,18,19,13,18,10,15,13,12,14,17,8,7,11,4,10,11,3,7,5,2,2,2,6,1,3,1,0,2,2,7,1,1,0,2,0,0,0,2,5,0,1,1,1,0,0,2,0,0,0,0,0,0,0,0,0,0,0,0,0,0,0,0,0,,14612,3265,1361,989,297,297,121,56,19,0,1779,0
759,1516,25.3,12/23/2024 19:42:28,24.13,7547,0,0,0,0,449,1408,895,428,260,197,197,161,146,113,145,122,99,114,117,92,111,92,72,92,89,76,87,83,56,63,65,72,46,75,68,55,58,60,43,60,66,51,53,59,65,67,66,56,54,58,59,59,45,38,45,28,27,27,17,23,21,22,21,12,14,15,15,8,10,7,10,7,7,9,5,8,6,9,1,1,3,3,4,0,0,0,0,0,0,0,0,0,0,0,0,0,0,0,0,0,0,0,,15889,5872,3672,2768,1612,1612,642,274,41,0,6950,0
760,1518,25.3,12/23/2024 19:44:37,22.88,5454,0,0,0,0,260,916,515,239,151,91,106,85,79,64,60,61,65,57,51,57,62,60,50,57,53,50,52,45,46,48,51,53,48,41,55,46,49,50,52,55,59,56,63,56,59,77,71,84,97,83,90,87,58,76,55,51,54,37,31,20,27,13,21,23,22,23,19,23,14,12,15,16,4,9,9,8,7,8,6,6,5,5,4,8,3,0,0,0,0,0,0,0,0,0,0,0,0,0,0,0,0,0,,9956,3265,2509,2443,2561,2561,927,406,109,0,9008,0
761,1520,25.3,12/23/2024 19:46:45,22.42,5353,0,0,0,1,369,1210,646,351,215,126,104,107,92,84,67,85,64,52,56,49,61,46,51,56,43,49,31,40,38,34,37,40,36,43,30,29,35,23,34,33,40,33,35,39,41,41,42,53,37,61,56,44,48,35,34,27,32,17,27,16,10,11,8,11,7,12,8,4,7,5,5,7,2,1,3,2,2,2,9,1,2,3,2,3,1,0,0,0,0,0,0,0,0,0,0,0,0,0,0,0,0,0,,13479,3662,2168,1695,1543,1543,393,161,49,0,5384,0
762,1522,25.4,12/23/2024 19:48:53,22.27,5327,0,0,0,0,405,1289,678,314,189,117,112,85,81,86,54,62,52,54,50,40,60,45,53,51,48,38,43,36,42,33,32,26,32,38,24,18,33,31,25,32,34,43,35,34,52,48,39,50,51,41,62,60,48,44,35,36,25,21,14,20,7,7,10,4,7,8,8,7,9,6,11,6,4,8,2,5,4,1,1,0,4,2,2,4,0,0,0,0,0,0,0,0,0,0,0,0,0,0,0,0,0,0,,13938,3305,2160,1459,1670,1670,377,207,54,0,5438,0
763,1524,25.4,12/23/2024 19:51:02,21.83,4234,0,0,0,0,319,990,458,211,141,90,74,63,45,59,58,59,52,38,41,45,36,42,36,33,25,33,24,29,38,32,32,20,32,23,30,33,34,26,32,35,24,24,36,45,36,38,46,43,52,54,41,51,60,42,39,45,31,22,14,11,10,7,8,10,2,6,8,9,11,3,4,2,3,3,3,3,5,2,4,0,1,4,3,1,0,0,0,0,0,0,0,0,0,0,0,0,0,0,0,0,0,0,,10458,2611,1649,1470,1677,1677,357,137,41,0,5360,0
764,1526,25.4,12/23/2024 19:53:12,21.61,3960,0,0,0,0,257,990,463,194,133,85,88,66,66,54,37,42,34,33,31,37,34,31,28,26,24,21,21,29,27,17,14,26,18,21,30,17,15,24,22,21,27,22,19,30,24,25,41,42,47,43,66,54,44,64,54,31,33,24,20,12,22,11,8,2,10,12,8,8,8,8,7,11,3,4,8,3,3,2,8,5,3,1,4,3,0,0,0,0,0,0,0,0,0,0,0,0,0,0,0,0,0,0,,10227,2416,1259,1087,1962,1962,481,264,51,0,5807,0
765,1528,25.5,12/23/2024 19:55:23,23.14,4133,0,0,0,0,227,942,631,283,164,98,87,66,68,73,50,48,51,55,55,57,46,49,41,52,44,52,36,34,36,42,30,34,26,25,22,28,15,25,30,20,20,27,33,28,30,33,25,40,38,27,24,35,32,21,11,9,7,3,4,7,1,4,3,2,5,4,1,5,1,1,1,1,3,1,1,1,0,1,0,0,0,0,1,0,0,0,0,0,0,0,0,0,0,0,0,0,0,0,0,0,0,0,,10510,2835,1997,1188,666,666,121,39,4,0,2684,0
766,1530,25.5,12/23/2024 19:57:38,24.47,3109,0,0,0,0,173,639,442,231,143,84,96,76,59,54,40,59,50,41,40,48,37,26,26,42,28,43,29,25,22,27,28,33,21,22,17,25,35,16,14,18,29,25,25,25,15,27,22,24,11,15,24,7,7,11,4,9,3,2,3,2,1,3,2,1,0,0,0,2,0,0,0,0,1,0,0,0,0,0,0,0,0,0,0,0,0,0,0,0,0,0,0,0,0,0,0,0,0,0,0,0,0,0,,7389,2452,1361,1054,298,298,37,4,0,0,1692,0
767,1532,25.5,12/23/2024 19:59:25,23.53,6048,0,0,0,1,331,1135,703,356,210,161,178,135,126,126,97,117,102,74,85,82,84,67,83,72,71,80,55,56,64,62,49,45,51,50,42,40,45,46,34,43,42,40,37,42,45,40,39,28,42,37,40,39,48,33,25,20,25,25,16,27,11,13,15,9,20,15,11,10,9,11,7,3,8,15,9,6,4,4,2,3,4,1,5,4,1,0,0,0,0,0,0,0,0,0,0,0,0,0,0,0,0,0,,13068,5125,3158,2070,1313,1313,557,276,64,0,5593,0
768,1534,25.6,12/23/2024 20:01:31,22.39,7224,0,0,0,1,360,1224,850,442,316,218,235,178,161,138,139,130,119,116,98,107,79,105,82,86,75,78,71,82,67,74,66,60,47,79,62,58,56,37,55,41,54,40,52,57,38,41,51,45,48,46,57,48,58,49,43,30,41,29,19,20,15,14,12,16,11,10,20,10,10,11,4,7,5,6,5,3,2,0,3,1,0,0,0,1,0,0,0,0,0,0,0,0,0,0,0,0,0,0,0,0,0,0,,16284,6699,3863,2747,1827,1827,594,161,4,0,7159,0
769,1536,25.6,12/23/2024 20:03:35,22.27,6061,0,0,0,0,358,1262,802,415,269,168,174,138,134,122,99,107,101,88,69,87,76,53,63,64,60,69,47,54,56,47,49,33,50,44,39,54,32,36,34,30,28,30,31,37,36,33,28,35,36,40,44,29,37,49,27,21,21,17,19,13,8,6,8,5,4,2,5,3,4,4,5,3,1,2,2,0,2,0,0,3,0,0,0,0,0,0,0,0,0,0,0,0,0,0,0,0,0,0,0,0,0,0,,15483,5366,2865,1926,1280,1280,242,81,0,0,4809,0
770,1538,25.6,12/23/2024 20:05:45,21.92,4173,0,0,0,0,231,866,568,263,173,128,116,107,65,71,72,52,66,56,53,57,49,49,47,52,41,43,36,31,36,38,35,34,26,30,26,33,22,25,29,24,16,24,25,25,28,19,27,28,35,26,29,24,28,33,21,23,17,18,7,12,9,8,2,2,3,8,1,4,2,3,3,4,2,0,3,2,2,0,0,0,0,0,0,0,0,0,0,0,0,0,0,0,0,0,0,0,0,0,0,0,0,0,,10698,3485,2085,1369,1008,1008,205,73,0,0,3663,0
771,1540,25.7,12/23/2024 20:07:55,22.3,4488,0,0,0,1,274,895,560,274,195,106,136,95,106,82,80,64,63,59,74,48,57,54,52,42,44,40,44,27,35,38,34,30,37,21,23,25,21,26,29,30,24,34,31,23,39,29,23,44,33,46,42,38,33,50,35,26,27,11,11,9,6,8,7,7,4,6,7,2,3,3,1,0,0,1,0,1,1,0,0,0,1,1,0,0,0,0,0,0,0,0,0,0,0,0,0,0,0,0,0,0,0,0,,10946,3874,2094,1345,1291,1291,242,22,9,0,4202,0
772,1542,25.7,12/23/2024 20:10:03,22.09,5198,0,0,0,0,259,973,622,290,226,129,131,108,95,89,99,83,83,63,81,68,64,63,55,57,51,47,53,42,49,43,41,36,36,47,42,29,43,40,37,42,36,30,35,34,41,43,49,53,50,43,34,41,47,58,47,31,33,21,21,10,19,12,7,9,8,8,4,3,6,9,4,9,6,2,6,1,4,1,3,1,2,0,0,0,1,0,0,0,0,0,0,0,0,0,0,0,0,0,0,0,0,0,,11906,4364,2558,1942,1639,1639,403,177,14,0,5813,0
773,1544,25.7,12/23/2024 20:12:13,22.3,4282,0,0,0,0,244,846,520,244,177,90,100,91,90,77,82,63,56,68,50,64,59,55,38,37,45,44,46,37,35,39,34,26,32,24,33,23,32,28,20,34,26,34,31,38,28,36,36,36,45,43,51,33,36,36,31,31,22,18,10,5,4,5,8,4,8,4,6,4,1,6,5,1,3,2,4,1,1,1,2,0,2,0,0,1,0,0,0,0,0,0,0,0,0,0,0,0,0,0,0,0,0,0,,9960,3587,2103,1399,1242,1242,247,99,13,0,4242,0
774,1546,25.8,12/23/2024 20:14:21,22.48,5790,0,0,0,0,276,1035,581,305,229,138,143,123,122,91,105,92,75,86,101,68,74,77,72,75,58,73,56,57,49,61,49,52,53,38,49,31,46,35,44,41,44,44,58,50,46,42,59,61,64,64,61,62,59,40,41,37,36,30,27,16,21,10,19,13,19,13,11,9,7,10,5,4,4,10,3,7,5,0,2,4,6,4,3,0,0,0,0,0,0,0,0,0,0,0,0,0,0,0,0,0,0,0,,12042,4804,3118,2144,1913,1913,609,222,58,0,6859,0
775,1548,25.8,12/23/2024 20:16:27,22.91,6474,0,0,0,0,302,1153,732,341,242,152,158,128,141,98,126,86,87,94,78,90,77,83,81,60,71,67,53,45,48,56,67,53,52,46,51,62,47,40,59,42,53,48,53,59,51,57,56,77,62,76,73,63,56,57,46,56,26,34,23,25,23,15,15,15,16,21,18,19,16,16,12,7,12,9,8,4,7,4,3,1,6,2,4,1,1,0,0,0,0,0,0,0,0,0,0,0,0,0,0,0,0,0,,13444,5076,3090,2497,2104,2104,812,319,61,0,7896,0
776,1550,25.8,12/23/2024 20:18:10,19.61,4099,0,0,0,0,223,790,479,199,154,113,94,89,70,61,55,71,43,58,42,43,49,40,32,32,42,46,46,41,27,49,38,28,33,38,41,23,23,23,29,26,30,30,35,30,38,32,34,36,42,31,33,25,34,21,30,23,25,17,12,16,23,14,16,15,18,13,11,16,4,5,15,9,6,19,3,5,5,5,5,10,1,3,9,2,3,0,0,0,0,0,0,0,0,0,0,0,0,0,0,0,0,0,,10464,3442,2254,1693,1321,1321,765,423,92,0,5614,0
777,1552,25.9,12/23/2024 20:20:17,23.45,7182,0,0,0,0,407,1226,841,408,232,172,173,137,146,128,119,122,79,112,112,109,89,92,89,80,73,46,64,71,66,66,58,54,63,73,47,51,63,67,62,51,51,59,57,64,67,71,74,84,75,74,57,54,47,44,44,27,29,36,23,25,12,17,19,16,22,18,16,17,9,17,9,16,19,3,9,8,9,10,5,5,6,3,3,2,2,0,0,0,0,0,0,0,0,0,0,0,0,0,0,0,0,0,,14751,5655,3386,2729,1697,1697,733,422,68,0,7348,0
778,1554,25.9,12/23/2024 20:22:26,23.92,6300,0,0,0,0,331,1190,784,355,197,169,136,125,117,108,87,85,94,75,110,84,77,66,67,63,50,68,55,62,54,57,70,49,46,42,58,55,61,48,60,49,35,49,44,59,48,71,62,72,58,55,46,50,38,54,31,24,26,28,23,19,13,16,13,16,20,17,9,12,9,6,12,7,8,7,5,9,5,9,1,6,0,1,1,2,0,0,0,0,0,0,0,0,0,0,0,0,0,0,0,0,0,0,,13219,4590,2880,2395,1472,1472,598,288,17,0,6242,0
779,1556,25.9,12/23/2024 20:24:39,23.75,5221,0,0,0,0,238,945,656,320,176,109,123,99,91,105,98,97,76,80,72,68,63,60,65,54,57,51,55,58,36,41,46,50,41,46,39,34,44,52,54,36,38,46,59,56,52,56,66,58,40,45,55,39,33,32,23,23,11,17,10,14,15,8,9,9,13,18,6,2,6,1,1,6,3,2,1,1,2,1,2,2,2,2,1,0,0,0,0,0,0,0,0,0,0,0,0,0,0,0,0,0,0,0,,10808,4093,2467,2021,1145,1145,371,97,21,0,4800,0
780,1558,26.0,12/23/2024 20:26:21,19.69,5274,0,0,0,0,230,861,534,247,155,115,124,88,101,99,73,91,67,80,57,53,58,55,54,59,56,57,45,40,52,45,43,46,44,63,51,37,52,44,39,42,62,46,43,44,43,46,43,39,38,46,43,35,37,32,43,35,28,30,29,31,26,30,31,30,33,20,32,32,28,22,18,20,13,28,21,25,13,13,14,14,13,16,15,14,3,0,0,0,0,0,0,0,0,0,0,0,0,0,0,0,0,0,,11508,4525,2864,2656,1874,1874,1534,975,310,0,9223,0
781,1560,26.0,12/23/2024 20:28:33,23.86,6343,0,0,0,1,304,1050,665,385,221,150,156,125,121,107,114,103,88,99,96,84,72,82,73,82,73,76,56,65,71,63,53,58,55,45,66,54,66,50,65,49,59,50,56,63,68,62,59,72,71,54,60,44,42,45,29,18,24,29,22,16,22,17,12,15,17,16,14,16,14,19,13,12,10,10,4,5,6,7,6,1,11,6,3,0,1,0,0,0,0,0,0,0,0,0,0,0,0,0,0,0,0,0,,12288,4883,3210,2598,1471,1471,733,356,88,0,6718,0
782,1562,26.0,12/23/2024 20:30:44,24,5727,0,0,0,0,273,1011,603,305,192,114,132,90,104,96,82,103,61,66,66,65,76,71,56,63,75,54,69,71,64,61,59,32,56,59,61,39,54,60,52,55,61,47,46,76,64,64,73,58,71,69,53,59,45,35,33,21,23,20,24,17,16,15,14,17,15,13,13,14,8,12,8,8,7,10,7,6,4,5,4,6,6,1,6,3,0,0,0,0,0,0,0,0,0,0,0,0,0,0,0,0,0,0,,10958,3921,2996,2450,1442,1442,604,296,67,0,6300,0
783,1564,26.1,12/23/2024 20:32:53,23.83,5955,0,0,0,0,245,1001,650,312,184,142,140,122,122,117,94,94,90,96,78,62,71,62,50,66,56,63,70,66,60,64,54,53,55,61,50,54,59,53,40,65,59,48,57,79,63,67,69,67,69,53,53,59,37,36,46,35,22,27,29,17,17,24,19,10,19,12,18,12,16,10,14,8,8,8,4,11,5,3,5,4,3,4,6,1,1,0,0,0,0,0,0,0,0,0,0,0,0,0,0,0,0,0,,11221,4557,2862,2530,1586,1586,718,306,63,0,6790,0
784,1566,26.1,12/23/2024 20:34:36,19.56,4989,0,0,0,0,222,820,523,274,177,118,128,97,110,84,79,84,79,56,62,57,52,51,63,56,52,46,46,43,51,50,55,47,44,47,38,38,44,46,36,41,40,37,48,41,47,47,41,39,36,33,38,27,32,30,34,24,26,22,21,30,20,21,27,25,31,22,21,16,15,16,17,9,21,18,13,17,8,10,14,11,9,3,3,7,6,0,0,0,0,0,0,0,0,0,0,0,0,0,0,0,0,0,,11564,4540,2889,2434,1554,1554,1181,752,143,0,7618,0
785,1568,26.1,12/23/2024 20:36:46,24.33,6458,0,0,0,0,309,1087,754,317,203,134,143,142,107,121,117,83,104,100,103,68,80,80,87,73,64,67,85,70,69,69,63,56,56,65,61,52,64,58,55,49,52,70,74,76,75,58,74,64,72,60,66,45,32,35,26,21,19,23,17,22,22,21,24,12,13,22,20,14,15,5,12,7,8,5,12,10,1,10,6,4,4,9,4,2,0,0,0,0,0,0,0,0,0,0,0,0,0,0,0,0,0,0,,12113,4801,3317,2594,1348,1348,740,325,78,0,6432,0
786,1570,26.2,12/23/2024 20:38:59,23.98,4059,0,0,0,0,220,799,499,262,150,88,99,74,71,83,63,55,58,48,49,49,43,48,36,48,43,32,32,54,34,35,30,32,35,34,38,43,35,44,43,45,41,34,32,27,25,37,49,49,45,29,35,31,17,24,18,9,12,6,8,10,9,4,4,6,3,6,7,5,4,3,4,3,2,1,3,1,0,2,1,1,0,0,1,0,0,0,0,0,0,0,0,0,0,0,0,0,0,0,0,0,0,0,,8828,2886,1814,1751,746,746,229,75,4,0,3553,0
787,1572,26.2,12/23/2024 20:41:12,23.39,4247,0,0,0,0,231,853,508,261,149,94,86,87,70,64,74,52,62,49,49,63,59,54,63,54,30,45,39,46,44,37,33,32,28,24,41,36,44,42,43,41,25,36,33,47,33,39,38,50,39,41,36,36,32,24,19,19,13,11,10,4,5,7,8,7,6,5,5,3,4,5,5,2,1,1,0,2,3,1,2,0,2,0,1,0,0,0,0,0,0,0,0,0,0,0,0,0,0,0,0,0,0,0,,9329,3057,2155,1663,894,894,257,81,13,0,3801,0
788,1574,26.2,12/23/2024 20:42:56,21.5,4718,0,0,0,0,224,770,501,211,137,105,104,84,102,79,75,84,80,63,48,67,75,62,41,62,51,49,41,43,52,42,39,37,36,26,46,46,43,38,32,48,37,41,52,37,45,37,47,39,43,33,36,46,45,30,30,33,29,20,21,26,21,15,12,28,28,25,9,17,13,23,16,8,11,12,11,15,14,14,15,8,13,9,2,3,6,0,0,0,0,0,0,0,0,0,0,0,0,0,0,0,0,0,,9544,4005,2591,1991,1567,1567,963,637,153,0,6879,0
789,1576,26.3,12/23/2024 20:45:05,24.14,6794,0,0,0,0,260,982,683,364,233,159,151,128,125,123,118,121,87,102,93,104,106,102,93,81,66,64,88,62,93,68,71,74,69,64,66,74,60,69,66,72,69,66,76,76,85,79,50,63,55,57,73,47,61,36,48,39,28,29,25,25,38,22,33,22,27,20,17,23,19,21,14,13,13,11,12,9,7,6,8,8,4,3,6,6,4,0,0,0,0,0,0,0,0,0,0,0,0,0,0,0,0,0,,11732,5211,3703,3123,1860,1860,1060,435,95,0,8434,0
790,1578,26.3,12/23/2024 20:47:18,23.88,4734,0,0,0,0,237,878,540,281,169,92,113,97,83,77,86,70,57,70,60,50,56,46,63,46,54,46,55,44,49,35,54,54,46,44,43,38,56,51,45,40,49,40,45,55,42,38,54,58,59,47,41,28,29,23,19,21,15,17,11,13,11,9,9,5,11,9,9,3,1,5,5,5,4,4,2,1,4,1,1,2,1,1,0,2,0,0,0,0,0,0,0,0,0,0,0,0,0,0,0,0,0,0,,9673,3430,2295,2178,955,955,322,126,17,0,4552,0
791,1580,26.3,12/23/2024 20:49:32,23.67,3960,0,0,0,0,195,710,512,242,142,101,94,68,74,66,60,50,56,60,46,51,48,52,45,60,41,36,46,31,38,30,36,31,32,34,33,30,35,42,41,31,35,44,36,43,40,42,41,47,39,32,31,34,22,24,26,16,9,11,4,12,12,9,5,5,10,4,5,4,2,0,2,4,2,1,0,1,1,1,2,0,1,0,1,1,0,0,0,0,0,0,0,0,0,0,0,0,0,0,0,0,0,0,,8433,2843,1956,1605,849,849,245,63,13,0,3625,0
792,1582,26.4,12/23/2024 20:51:45,23.09,3548,0,0,0,0,188,742,439,221,108,86,95,50,65,65,62,64,43,38,42,50,56,49,34,27,29,31,29,25,31,32,20,31,22,24,27,32,28,29,26,33,36,31,26,37,37,35,39,31,36,35,38,20,24,27,22,14,13,9,5,3,6,5,0,3,4,10,2,3,4,2,4,3,2,1,0,5,2,0,0,0,0,0,0,1,0,0,0,0,0,0,0,0,0,0,0,0,0,0,0,0,0,0,,8138,2728,1572,1334,784,784,186,74,4,0,3166,0
793,1584,26.4,12/23/2024 20:53:27,19.48,4125,0,0,0,0,228,812,461,220,146,77,81,84,61,73,60,47,53,57,45,59,51,46,36,45,40,45,26,31,29,29,26,30,26,32,25,31,28,31,36,30,31,33,33,38,26,40,29,42,47,44,41,27,34,39,35,27,17,25,16,10,9,11,14,15,16,14,14,20,17,9,15,6,8,8,5,12,16,13,5,6,4,4,9,2,2,0,0,0,0,0,0,0,0,0,0,0,0,0,0,0,0,0,,10395,3445,2074,1674,1437,1437,791,503,108,0,5950,0
794,1586,26.4,12/23/2024 20:55:28,22.61,7202,0,0,0,0,295,1079,636,307,235,148,175,143,150,145,117,103,93,107,100,76,93,101,91,69,76,97,57,60,79,68,59,75,74,70,80,68,47,59,71,62,67,57,57,71,80,65,68,89,77,87,104,88,106,77,78,52,54,45,37,40,35,32,28,22,36,18,28,33,25,30,16,17,11,9,12,14,12,9,11,9,12,7,4,4,4,0,0,0,0,0,0,0,0,0,0,0,0,0,0,0,0,0,,12716,5759,3759,3238,3167,3167,1340,584,137,0,11632,0
795,1588,26.5,12/23/2024 20:57:30,22.05,6001,0,0,0,1,262,954,591,263,207,109,149,113,116,108,93,66,80,84,71,60,74,70,58,68,75,62,53,42,43,61,37,50,49,55,55,59,46,63,57,57,62,61,64,57,60,59,56,73,72,55,86,71,81,77,72,64,44,54,39,35,27,28,22,24,15,29,17,14,21,18,11,7,7,7,9,2,9,9,4,5,3,4,2,3,1,0,0,0,0,0,0,0,0,0,0,0,0,0,0,0,0,0,,11501,4599,2916,2676,2948,2948,1025,331,59,0,9986,0
796,1590,26.5,12/23/2024 20:59:37,20.95,4491,0,0,0,0,207,791,484,226,149,101,118,76,86,71,62,65,51,62,65,55,59,55,38,45,35,43,40,33,30,36,42,42,29,41,33,33,27,33,29,35,35,33,33,28,43,40,34,32,45,54,54,66,63,60,55,60,55,47,39,25,19,15,17,14,8,11,11,5,8,8,7,7,8,3,1,6,3,2,3,3,2,0,0,2,0,0,0,0,0,0,0,0,0,0,0,0,0,0,0,0,0,0,,9909,3675,2177,1809,2592,2592,587,215,19,0,7814,0
797,1592,26.5,12/23/2024 21:01:42,20.25,4569,0,0,0,0,222,719,462,231,180,121,118,97,93,85,64,63,52,59,58,48,61,56,53,42,56,40,47,41,32,35,30,36,32,43,28,33,40,27,26,27,32,51,29,40,38,30,39,47,46,33,51,48,51,62,62,75,54,45,51,32,24,15,17,22,7,16,8,7,13,7,5,6,10,8,7,5,4,5,5,2,1,1,1,0,0,0,0,0,0,0,0,0,0,0,0,0,0,0,0,0,0,0,,10138,3941,2435,1748,2741,2741,696,286,15,0,8227,0
798,1594,26.6,12/23/2024 21:03:46,19.91,3586,0,0,0,0,165,659,369,168,133,95,103,67,62,52,68,48,51,56,47,54,41,47,37,42,25,38,33,28,32,26,21,26,24,25,14,30,36,26,27,32,27,22,18,22,16,21,26,28,22,34,40,26,30,37,50,40,50,39,49,39,34,27,17,10,9,6,4,5,4,4,5,4,3,1,3,1,2,2,0,0,0,1,0,1,0,0,0,0,0,0,0,0,0,0,0,0,0,0,0,0,0,0,,8498,3260,1858,1447,2180,2180,628,105,10,0,6549,0
799,1596,26.6,12/23/2024 21:05:49,19.27,3645,0,0,0,0,121,594,380,185,149,77,88,75,78,66,71,44,46,41,43,52,55,54,38,45,38,49,38,40,29,38,30,34,33,27,35,24,29,20,27,24,26,23,23,21,25,27,20,39,26,32,32,31,36,39,44,60,50,49,48,37,32,19,21,8,7,8,8,2,7,4,6,4,3,1,2,1,0,2,2,0,1,0,1,1,0,0,0,0,0,0,0,0,0,0,0,0,0,0,0,0,0,0,,8272,3420,2356,1604,2377,2377,633,114,16,0,7120,0
800,1598,26.6,12/23/2024 21:07:48,19.3,4697,0,0,0,0,169,643,406,210,184,106,126,77,90,90,88,82,71,67,56,69,64,54,55,47,57,52,50,49,40,41,37,41,38,46,29,32,44,41,32,34,36,34,41,23,33,34,37,36,25,43,47,35,49,61,52,52,61,72,81,75,58,45,35,31,20,15,13,13,16,17,13,13,6,14,12,9,3,8,3,1,2,2,2,1,1,0,0,0,0,0,0,0,0,0,0,0,0,0,0,0,0,0,,9554,4560,2829,2124,3332,3332,1430,435,41,0,10694,0
801,1600,26.7,12/23/2024 21:09:50,18.81,3519,0,0,0,0,152,521,361,162,152,91,74,66,63,61,60,57,56,71,51,49,37,43,44,33,35,37,31,24,36,29,28,23,30,24,18,21,23,20,23,26,20,20,25,23,24,19,22,26,30,38,30,28,33,38,30,55,52,48,42,65,44,41,22,24,12,11,12,9,6,3,5,7,7,4,2,0,2,6,0,2,0,0,0,0,0,0,0,0,0,0,0,0,0,0,0,0,0,0,0,0,0,0,,8044,3429,2004,1361,2472,2472,1005,186,0,0,7496,0
802,1602,26.7,12/23/2024 21:11:49,18.72,4807,0,0,0,0,98,490,362,210,189,127,121,97,98,102,101,82,77,62,71,87,62,70,64,48,62,53,46,53,53,49,40,50,36,44,52,38,54,33,35,34,39,30,35,44,33,40,47,49,40,43,32,41,42,33,57,73,71,57,74,101,70,67,54,44,33,29,17,19,15,20,17,15,15,8,12,8,7,7,5,3,5,2,4,0,0,0,0,0,0,0,0,0,0,0,0,0,0,0,0,0,0,0,,8531,5128,3205,2431,3478,3478,2057,545,59,0,12046,0
803,1604,26.7,12/23/2024 21:13:47,19.52,5941,0,0,0,0,164,705,560,307,250,184,162,168,159,139,113,102,84,106,85,85,78,95,72,47,78,64,51,61,59,54,49,54,48,44,51,41,39,31,51,46,49,53,40,40,38,48,50,47,47,46,46,50,59,55,58,66,72,71,69,68,48,49,27,34,29,23,20,23,12,23,8,9,9,14,12,6,5,12,4,4,3,3,5,1,0,0,0,0,0,0,0,0,0,0,0,0,0,0,0,0,0,0,,11947,6563,3627,2577,3391,3391,1516,441,61,0,11378,0
804,1606,26.8,12/23/2024 21:15:47,18.89,5034,0,0,0,0,176,711,556,269,203,147,169,112,128,109,94,88,82,75,79,68,56,57,54,71,43,61,41,46,46,43,26,30,34,30,31,27,30,23,29,28,31,27,26,31,22,30,26,30,27,41,43,41,36,50,45,44,70,51,67,65,64,52,38,32,26,16,21,20,17,13,10,9,12,5,5,1,4,4,3,4,2,0,0,1,0,0,0,0,0,0,0,0,0,0,0,0,0,0,0,0,0,0,,11810,5611,2880,1689,3049,3049,1636,312,16,0,9751,0
805,1608,26.8,12/23/2024 21:17:48,18.25,3802,0,0,0,0,91,412,304,191,145,108,115,84,94,66,61,63,67,78,57,57,35,60,46,46,48,47,45,36,40,35,20,28,29,35,32,30,24,25,22,30,35,25,24,23,32,21,13,24,31,24,35,40,25,49,48,56,56,65,66,70,45,65,43,37,16,18,11,10,13,13,18,10,4,4,5,3,2,4,4,2,2,1,3,1,0,0,0,0,0,0,0,0,0,0,0,0,0,0,0,0,0,0,,7485,4258,2510,1699,3041,3041,1584,318,38,0,9721,0
806,1610,26.8,12/23/2024 21:19:47,17.31,3911,0,0,0,0,131,579,443,188,167,106,125,87,75,79,68,67,56,54,48,66,56,49,49,35,47,45,28,31,33,29,36,23,30,38,30,19,24,33,33,22,19,25,26,23,29,21,17,29,18,28,21,26,26,35,30,27,40,37,52,46,57,34,48,35,26,20,11,8,9,7,10,13,6,6,5,2,6,0,0,1,0,1,1,1,0,0,0,0,0,0,0,0,0,0,0,0,0,0,0,0,0,0,,10046,4512,2530,1774,2293,2293,1531,283,17,0,8192,0
807,1612,26.9,12/23/2024 21:21:25,15.19,1957,0,0,0,1,72,339,196,80,67,50,39,37,24,35,28,25,36,22,16,25,25,27,13,18,22,23,19,20,17,19,13,13,14,16,13,11,17,18,10,10,9,17,12,24,14,19,11,15,12,12,14,9,15,15,7,17,17,17,16,24,35,26,28,22,20,12,4,12,10,7,8,5,6,5,4,5,5,5,3,3,2,1,1,2,0,0,0,0,0,0,0,0,0,0,0,0,0,0,0,0,0,0,,5556,2054,1422,948,1224,1224,1211,336,39,0,4984,0
808,1614,26.9,12/23/2024 21:23:21,17.72,4394,0,0,0,0,121,515,376,213,175,120,122,90,94,95,78,56,73,61,66,66,63,47,54,51,48,48,41,53,47,29,39,39,28,38,31,24,40,34,29,34,32,22,24,35,37,32,37,29,24,41,37,38,31,33,44,50,50,58,70,73,61,76,66,50,34,16,13,14,18,11,16,16,10,9,4,11,4,6,1,8,4,7,4,0,0,0,0,0,0,0,0,0,0,0,0,0,0,0,0,0,0,0,,9266,4876,2935,2077,3076,3076,2116,502,85,0,10931,0
809,1616,26.9,12/23/2024 21:25:19,18.34,4808,0,0,0,0,169,544,395,217,162,124,106,90,106,101,92,82,62,78,65,55,56,52,52,59,47,51,44,41,65,58,39,48,42,51,38,39,26,27,32,38,36,39,37,28,36,35,40,37,37,36,39,42,40,59,54,51,81,80,76,78,79,49,60,40,25,25,26,12,13,24,21,20,11,19,16,8,14,4,10,4,3,7,2,2,0,0,0,0,0,0,0,0,0,0,0,0,0,0,0,0,0,0,,9362,4869,3075,2268,3702,3702,2039,709,76,0,12497,0
810,1618,27.0,12/23/2024 21:26:59,16.36,2474,0,0,0,0,101,402,250,123,83,55,58,35,50,49,35,40,37,33,33,35,39,16,26,31,25,23,21,22,25,23,20,23,18,22,15,24,17,21,11,17,17,16,16,14,20,8,19,17,29,13,17,26,22,27,25,22,32,20,19,18,28,20,18,16,11,13,14,10,12,3,13,10,7,7,1,4,7,5,5,6,3,4,1,1,0,0,0,0,0,0,0,0,0,0,0,0,0,0,0,0,0,0,,6553,2714,1656,1253,1565,1565,966,416,55,0,5819,0
811,1620,27.0,12/23/2024 21:29:01,19.44,5786,0,0,0,0,213,748,484,228,177,122,122,117,110,100,109,89,78,73,66,77,92,60,71,63,53,68,60,61,58,55,50,56,41,46,37,37,52,44,46,48,40,41,50,43,43,46,43,46,62,59,60,66,68,64,72,92,90,90,90,69,65,53,48,36,35,30,24,30,22,25,27,23,18,9,16,6,6,13,16,14,13,3,6,3,0,0,0,0,0,0,0,0,0,0,0,0,0,0,0,0,0,0,,10772,5314,3555,2557,4249,4249,2032,828,129,0,14043,0
812,1622,27.0,12/23/2024 21:31:06,19.58,4690,0,0,0,0,143,593,373,207,180,94,121,106,71,81,83,55,54,64,66,68,65,42,51,52,55,59,38,47,43,51,35,48,29,36,45,34,43,38,44,37,42,55,36,34,29,39,47,37,44,51,47,62,79,73,73,69,84,86,74,42,41,39,26,17,16,19,21,15,22,11,17,17,14,6,7,7,12,4,3,9,2,6,3,2,0,0,0,0,0,0,0,0,0,0,0,0,0,0,0,0,0,0,,8739,4259,2748,2201,3728,3728,1246,501,66,0,11471,0
813,1624,27.1,12/23/2024 21:33:10,19.78,5002,0,0,0,1,164,619,460,233,159,109,110,93,105,89,95,78,59,80,64,56,46,69,56,54,43,51,51,60,46,36,46,53,41,43,33,40,39,39,34,39,40,50,50,37,36,39,47,43,44,56,49,60,79,74,78,80,79,72,66,55,49,37,30,28,18,30,26,20,11,15,13,13,4,10,12,14,13,10,8,1,3,4,3,3,0,0,0,0,0,0,0,0,0,0,0,0,0,0,0,0,0,0,,9378,4424,2821,2260,3746,3746,1400,511,66,0,11729,0
814,1626,27.1,12/23/2024 21:35:11,20.23,6376,0,0,0,0,211,776,476,277,200,119,145,134,131,110,104,99,80,89,78,85,77,78,66,83,64,69,73,64,68,73,61,63,52,59,47,60,57,43,68,41,62,51,72,50,55,58,63,58,70,67,84,60,88,96,87,97,70,96,73,69,61,34,49,40,43,34,25,31,37,25,21,25,19,13,12,14,17,18,13,6,11,8,9,5,0,0,0,0,0,0,0,0,0,0,0,0,0,0,0,0,0,0,,10895,5596,3836,3030,4355,4355,1977,835,163,0,14716,0
815,1628,27.1,12/23/2024 21:37:13,20.83,6915,0,0,0,0,183,687,506,272,206,149,159,145,119,121,120,110,123,86,98,94,98,88,74,77,81,80,72,66,66,57,67,69,48,59,64,60,64,65,62,70,69,56,49,66,59,77,66,99,86,77,104,87,87,106,104,103,100,100,78,74,62,49,45,33,52,45,35,37,29,37,38,38,20,28,18,19,15,13,20,8,24,12,16,9,1,0,0,0,0,0,0,0,0,0,0,0,0,0,0,0,0,0,,10379,6111,3965,3346,4825,4825,2218,1157,298,0,16668,0
816,1630,27.2,12/23/2024 21:39:20,21.19,6304,0,0,0,1,229,650,461,269,189,135,128,110,123,122,104,91,90,98,92,76,73,74,65,86,69,63,61,78,54,67,50,63,42,49,61,71,55,57,48,58,54,56,43,68,67,67,61,76,86,82,86,63,86,95,111,107,98,65,84,43,51,36,41,32,33,37,37,40,33,21,20,32,19,20,16,22,12,16,12,10,10,15,16,8,5,0,0,0,0,0,0,0,0,0,0,0,0,0,0,0,0,0,,9731,5224,3492,2869,4195,4195,1798,892,255,0,14205,0
817,1632,27.2,12/23/2024 21:41:00,17.53,3091,0,0,0,0,163,526,301,124,97,56,71,39,57,42,38,45,48,33,28,42,32,41,33,29,36,22,31,32,21,25,22,19,15,23,22,21,12,23,17,22,25,23,26,30,24,24,34,25,31,40,32,28,37,26,28,31,31,25,26,13,24,15,18,18,21,28,23,17,16,12,12,8,12,16,12,13,13,5,10,5,6,10,5,5,0,0,0,0,0,0,0,0,0,0,0,0,0,0,0,0,0,0,,7633,2710,1848,1261,1717,1717,1164,639,148,0,6646,0
818,1634,27.2,12/23/2024 21:43:05,21.73,0,0,0,0,0,0,0,0,0,0,0,0,0,0,0,0,0,0,0,0,0,0,0,0,0,0,0,0,0,0,0,0,0,0,0,0,0,0,0,0,0,0,0,0,0,0,0,0,0,0,0,0,0,0,0,0,0,0,0,0,0,0,0,0,0,0,0,0,0,0,0,0,0,0,0,0,0,0,0,0,0,0,0,0,0,0,0,0,0,0,0,0,0,0,0,0,0,0,0,0,0,0,0,,0,0,0,0,0,0,0,0,0,0,0,0
819,1636,27.3,12/23/2024 21:45:13,21.84,4876,0,0,0,0,239,779,481,236,153,101,102,90,68,61,69,60,56,64,63,54,58,44,69,50,53,36,53,48,38,53,42,47,32,34,36,49,31,36,42,43,43,40,47,53,64,54,71,62,67,56,55,78,63,68,54,52,47,42,34,35,21,24,11,13,8,11,12,9,11,15,12,13,8,10,7,12,6,3,4,1,4,4,2,0,0,0,0,0,0,0,0,0,0,0,0,0,0,0,0,0,0,0,,9574,3411,2491,1992,2514,2514,673,366,46,0,8104,0
820,1638,27.3,12/23/2024 21:47:19,21.86,6189,0,0,0,0,256,790,553,301,206,139,156,113,109,104,89,95,75,87,98,87,75,71,82,66,66,67,64,66,54,53,54,49,50,67,56,43,51,46,25,57,54,58,46,58,69,65,74,77,80,86,67,97,91,82,73,69,62,49,46,44,28,35,28,37,25,25,31,31,21,29,17,22,15,9,11,13,9,10,8,2,2,6,5,3,0,0,0,0,0,0,0,0,0,0,0,0,0,0,0,0,0,0,,10984,4977,3285,2525,3239,3239,1404,540,73,0,11020,0
821,1640,27.3,12/23/2024 21:49:28,21.78,4671,0,0,0,0,228,755,489,252,161,89,104,82,95,84,86,69,67,52,55,64,66,48,51,44,51,54,47,48,34,40,34,34,38,35,36,46,49,40,34,36,40,51,38,43,40,37,40,57,53,56,54,65,58,62,49,38,46,37,24,23,16,14,12,8,15,9,7,7,13,9,9,3,6,3,3,5,9,5,0,0,4,3,1,1,1,0,0,0,0,0,0,0,0,0,0,0,0,0,0,0,0,0,,9541,3783,2374,1938,2167,2167,546,216,46,0,7080,0
822,1642,27.4,12/23/2024 21:51:11,19.27,5076,0,0,0,1,254,814,495,236,160,105,135,102,91,86,91,77,67,62,57,61,52,58,44,56,48,47,37,33,49,45,30,42,44,35,35,47,46,51,50,34,37,33,33,31,39,34,43,52,45,38,59,64,41,55,49,46,30,42,34,22,32,20,37,30,29,22,32,20,28,19,26,15,21,16,13,15,15,16,22,7,12,7,10,6,2,0,0,0,0,0,0,0,0,0,0,0,0,0,0,0,0,0,,11417,4572,2590,2340,2460,2460,1531,924,192,0,9907,0
823,1644,27.4,12/23/2024 21:53:13,22.89,8282,0,0,0,1,333,1114,635,388,271,186,184,155,153,132,151,128,107,99,120,91,100,92,85,89,97,100,79,64,79,72,75,77,72,71,91,64,56,69,70,63,87,72,96,83,84,99,98,95,100,109,99,111,88,77,86,61,82,58,51,51,46,48,50,39,55,53,56,37,35,37,30,37,26,20,27,22,36,34,24,21,13,11,12,12,1,0,0,0,0,0,0,0,0,0,0,0,0,0,0,0,0,0,,13595,6204,4072,3473,3539,3539,2123,1267,214,0,14155,0
824,1646,27.4,12/23/2024 21:55:20,22.91,6429,0,0,0,0,244,894,505,300,208,124,150,97,121,106,94,94,81,87,82,65,76,60,78,70,57,72,64,61,69,59,52,51,69,68,52,51,80,49,76,60,69,60,85,77,75,75,102,88,97,73,84,84,80,78,63,66,47,36,42,39,36,34,31,31,29,36,30,23,34,29,12,25,12,8,18,20,14,10,7,9,6,12,10,6,1,0,0,0,0,0,0,0,0,0,0,0,0,0,0,0,0,0,,10585,4596,3134,2955,2859,2859,1419,615,153,0,10860,0
825,1648,27.5,12/23/2024 21:57:30,22.78,5628,0,0,0,0,227,856,555,276,191,129,102,92,93,81,119,87,76,78,64,78,77,73,71,71,63,59,55,62,55,46,38,70,42,39,61,60,56,46,54,56,38,59,46,73,63,81,74,69,65,67,73,63,65,59,50,39,27,35,21,17,24,22,17,13,25,17,21,17,17,14,17,11,9,5,5,12,11,4,3,7,4,5,3,3,0,0,0,0,0,0,0,0,0,0,0,0,0,0,0,0,0,0,,10255,4157,2941,2458,2076,2076,896,386,66,0,7959,0
826,1650,27.5,12/23/2024 21:59:15,21.58,6018,0,0,0,0,273,919,550,254,163,127,110,91,114,104,91,94,75,81,87,91,64,79,54,66,65,57,50,50,51,58,55,52,61,55,51,46,45,54,47,47,74,56,55,48,53,51,54,74,45,56,60,61,48,54,53,47,43,40,36,36,31,42,44,34,37,32,29,38,33,27,39,22,26,17,27,25,10,21,24,17,21,18,6,22,1,0,0,0,0,0,0,0,0,0,0,0,0,0,0,0,0,0,,11103,4643,3007,2720,2359,2359,1789,1154,315,0,10695,0
827,1652,27.5,12/23/2024 22:01:19,23.22,8189,0,0,0,1,247,929,664,324,206,176,181,157,158,127,128,108,127,97,115,111,95,109,101,87,110,83,86,104,92,89,79,87,85,64,68,81,78,85,86,75,87,90,104,94,107,91,102,101,104,113,88,107,83,77,86,67,64,61,62,51,49,41,64,47,58,48,59,55,36,39,41,31,33,23,33,30,34,25,19,15,15,16,17,16,6,0,0,0,0,0,0,0,0,0,0,0,0,0,0,0,0,0,,11748,6047,4457,3768,3424,3424,2313,1288,301,0,14518,0
828,1654,27.6,12/23/2024 22:03:30,22.98,5093,0,0,0,0,234,835,493,274,163,109,88,95,83,69,77,63,57,60,69,72,54,56,52,62,50,58,65,51,38,51,47,35,46,50,51,38,44,53,46,54,49,63,51,58,70,83,69,86,70,54,48,46,55,43,33,37,33,22,20,20,22,16,20,18,20,14,15,13,14,14,10,7,6,7,8,7,0,4,5,3,2,6,9,1,0,0,0,0,0,0,0,0,0,0,0,0,0,0,0,0,0,0,,9556,3425,2541,2232,1649,1649,766,257,78,0,6632,0
829,1656,27.6,12/23/2024 22:05:36,23.44,6630,0,0,0,1,281,1034,619,351,194,148,126,109,109,110,95,103,99,87,78,68,73,61,69,63,60,69,68,66,72,66,69,66,53,54,55,54,57,64,52,76,62,85,72,72,82,80,89,79,71,94,88,78,64,66,56,53,47,32,31,37,30,37,25,24,32,26,25,27,21,21,12,10,13,14,14,7,15,17,7,6,12,7,6,4,1,0,0,0,0,0,0,0,0,0,0,0,0,0,0,0,0,0,,11749,4509,3140,2824,2483,2483,1195,542,128,0,9654,0
830,1658,27.6,12/23/2024 22:07:46,23.19,5722,0,0,0,0,248,893,573,282,193,106,107,84,89,98,73,95,75,84,66,61,54,76,62,68,66,46,53,55,49,58,55,49,48,66,55,71,45,52,44,68,56,57,61,71,59,85,73,65,81,66,85,73,65,53,36,26,34,36,25,17,37,23,19,20,21,18,22,18,15,15,15,18,8,10,10,10,13,8,5,4,4,9,6,2,1,0,0,0,0,0,0,0,0,0,0,0,0,0,0,0,0,0,,10358,3821,2768,2626,2100,2100,962,453,95,0,8335,0
831,1660,27.7,12/23/2024 22:09:58,23.16,5057,0,0,0,0,232,875,493,254,174,113,101,79,69,79,75,78,66,62,66,61,71,39,55,42,58,58,54,48,44,43,53,55,32,49,44,43,48,46,48,55,46,76,46,59,47,67,82,55,66,60,61,68,49,41,44,33,30,19,21,17,14,13,9,17,23,11,14,11,14,8,6,10,10,8,8,9,5,3,4,3,0,2,5,1,0,0,0,0,0,0,0,0,0,0,0,0,0,0,0,0,0,0,,9680,3484,2440,2241,1714,1714,604,285,35,0,6593,0
832,1662,27.7,12/23/2024 22:11:40,18.72,4530,0,0,0,0,203,741,477,211,142,94,111,73,78,68,58,69,49,68,58,55,49,48,58,46,50,43,37,52,46,36,48,41,46,36,43,40,31,35,44,34,41,44,37,44,50,36,39,42,40,29,44,35,32,31,34,33,27,29,21,22,17,19,28,25,16,17,25,17,24,19,19,14,19,15,16,17,13,24,4,10,10,14,10,9,1,0,0,0,0,0,0,0,0,0,0,0,0,0,0,0,0,0,,10572,3932,2740,2345,1736,1736,1207,860,235,0,8120,0
833,1664,27.7,12/23/2024 22:13:46,24.3,8137,0,0,0,1,333,1165,700,336,258,154,182,144,160,141,126,120,103,125,112,99,106,110,98,74,91,86,92,98,74,65,81,95,84,72,71,76,66,72,88,76,82,95,77,79,97,100,93,116,97,88,80,71,64,64,64,60,48,60,48,43,44,45,46,48,50,43,32,33,29,26,22,19,27,26,23,20,24,22,19,12,19,10,22,15,1,0,0,0,0,0,0,0,0,0,0,0,0,0,0,0,0,0,,12877,5835,4012,3551,2658,2658,1720,959,276,0,11823,0
834,1666,27.8,12/23/2024 22:15:30,20.97,4976,0,0,0,2,248,918,553,219,169,83,103,93,77,78,64,69,67,55,68,53,47,71,44,48,57,41,41,53,44,50,52,52,39,42,38,35,47,40,35,35,43,45,33,41,37,42,51,52,45,41,35,31,35,41,29,33,26,25,16,23,22,18,22,27,23,32,28,27,21,13,18,17,21,8,18,18,9,21,10,15,7,10,12,3,2,0,0,0,0,0,0,0,0,0,0,0,0,0,0,0,0,0,,10944,3691,2613,2184,1507,1507,1197,773,162,0,7330,0
835,1668,27.8,12/23/2024 22:17:35,24.61,8621,0,0,0,0,344,1241,723,426,277,191,183,175,178,171,124,149,141,109,122,117,113,89,94,94,117,73,79,93,88,83,90,83,88,79,84,91,86,90,92,92,80,85,90,98,92,103,92,90,83,101,77,82,74,75,64,49,59,46,46,39,57,39,38,38,35,40,25,31,33,31,20,17,18,22,20,23,19,19,21,22,21,11,18,8,1,0,0,0,0,0,0,0,0,0,0,0,0,0,0,0,0,0,,13755,6428,4116,3881,2714,2714,1573,902,240,0,12024,0
836,1670,27.8,12/23/2024 22:19:49,24.25,5190,0,0,0,0,236,999,629,271,172,95,120,102,69,83,75,80,73,72,69,72,60,53,66,55,56,44,55,50,48,56,45,46,49,47,53,48,63,59,58,55,47,44,65,48,57,58,49,55,42,45,46,44,25,29,21,23,27,11,15,8,16,15,7,17,9,9,5,7,6,4,5,8,7,1,4,3,6,4,3,2,3,4,1,2,0,0,0,0,0,0,0,0,0,0,0,0,0,0,0,0,0,0,,10400,3608,2425,2351,1093,1093,412,190,41,0,5179,0
837,1672,27.9,12/23/2024 22:21:32,20.06,4410,0,0,0,0,238,897,529,217,129,85,105,95,82,72,63,70,61,54,51,45,50,44,46,50,45,31,42,36,34,33,42,33,35,27,29,34,29,46,33,24,50,38,42,38,47,32,41,36,37,21,28,33,19,24,22,20,28,15,25,13,20,19,19,12,16,15,14,16,11,7,10,5,9,9,12,12,16,13,5,6,9,4,2,4,0,0,0,0,0,0,0,0,0,0,0,0,0,0,0,0,0,0,,10967,3729,2258,1904,1231,1231,793,528,95,0,5783,0
838,1674,27.9,12/23/2024 22:23:39,24.48,7412,0,0,0,0,371,1384,816,326,211,174,146,130,134,117,108,113,79,88,85,81,94,76,69,87,75,85,82,70,59,63,57,54,62,67,71,55,65,81,68,88,84,67,75,88,68,78,75,67,92,73,80,62,45,42,47,51,30,23,37,30,20,25,36,29,27,24,22,22,13,19,10,23,12,12,10,20,18,8,15,8,13,8,5,7,1,0,0,0,0,0,0,0,0,0,0,0,0,0,0,0,0,0,,14003,4800,3337,3072,1908,1908,1009,609,139,0,8644,0
839,1676,27.9,12/23/2024 22:25:51,24.2,5269,0,0,0,2,310,1152,617,272,138,93,118,82,86,84,71,76,62,61,62,75,58,38,75,58,46,47,43,55,41,45,36,58,53,43,40,41,61,37,40,44,66,65,60,58,61,51,47,57,45,45,49,39,34,24,24,25,17,14,10,10,14,11,9,13,5,12,7,9,13,8,5,8,3,6,1,1,3,2,4,0,7,5,0,1,1,0,0,0,0,0,0,0,0,0,0,0,0,0,0,0,0,0,,11165,3450,2240,2145,1074,1074,438,165,58,0,4955,0
840,1678,28.0,12/23/2024 22:28:06,24.09,4335,0,0,0,0,236,913,496,272,149,94,117,71,65,72,58,51,57,48,59,58,51,56,50,47,45,38,34,37,39,32,38,39,40,29,42,42,41,40,42,41,44,41,43,48,57,51,55,46,39,23,37,28,20,16,12,11,12,7,7,4,13,7,6,10,8,6,2,7,7,2,3,3,1,2,0,4,4,1,2,2,3,0,2,0,0,0,0,0,0,0,0,0,0,0,0,0,0,0,0,0,0,0,,9452,2935,1939,1818,693,693,295,104,21,0,3624,0
841,1680,28.0,12/23/2024 22:29:49,20.16,5066,0,0,0,1,239,803,524,223,145,105,109,77,81,97,67,82,68,75,57,71,56,53,49,52,44,52,55,42,40,57,42,40,39,46,45,53,44,40,32,58,36,38,50,42,52,47,52,47,46,52,40,48,40,35,32,29,30,25,23,40,30,28,32,23,26,27,23,33,18,20,23,25,25,12,23,9,22,19,19,11,20,11,13,6,1,0,0,0,0,0,0,0,0,0,0,0,0,0,0,0,0,0,,10660,4167,2688,2356,1845,1845,1404,1032,253,0,8735,0
842,1682,28.0,12/23/2024 22:31:58,24.73,7564,0,0,0,0,299,965,659,351,217,161,201,117,154,117,127,125,108,114,105,127,104,110,95,89,103,83,81,94,72,78,75,68,80,96,77,80,95,84,79,100,66,76,80,96,80,80,84,79,82,77,78,61,64,46,48,52,46,41,33,38,30,41,36,32,44,34,27,26,18,28,23,16,25,21,20,20,19,20,17,20,17,16,10,7,0,0,0,0,0,0,0,0,0,0,0,0,0,0,0,0,0,0,,11537,5657,3979,3639,2171,2171,1371,882,202,0,10437,0
843,1684,28.1,12/23/2024 22:34:12,24.45,5252,0,0,0,3,217,805,537,309,160,95,116,96,91,109,106,83,83,88,76,51,79,72,75,65,67,54,79,53,49,41,53,52,48,57,64,53,48,54,66,52,59,63,61,56,64,63,64,68,55,45,51,42,20,34,23,22,20,19,16,16,12,8,18,15,10,10,17,8,10,8,7,5,6,5,6,6,10,4,4,5,2,3,5,1,0,0,0,0,0,0,0,0,0,0,0,0,0,0,0,0,0,0,,9170,4000,2810,2479,1125,1125,503,245,45,0,5521,0
844,1686,28.1,12/23/2024 22:36:27,24.39,4477,0,0,0,0,190,771,480,261,141,86,100,71,65,76,59,59,55,68,55,57,55,70,66,40,46,47,41,37,45,54,36,46,41,54,36,44,42,56,42,47,58,50,58,53,65,53,71,52,52,54,41,39,35,31,25,21,20,13,12,11,4,15,11,9,7,9,4,7,8,4,5,4,4,5,6,4,5,4,1,2,2,2,1,1,0,0,0,0,0,0,0,0,0,0,0,0,0,0,0,0,0,0,,8319,2952,2202,2058,1033,1033,340,172,25,0,4662,0
845,1688,28.1,12/23/2024 22:38:38,24.03,5652,0,0,0,0,194,724,498,306,156,117,137,97,121,92,77,77,101,88,70,79,69,80,69,74,69,87,84,65,53,64,59,59,77,66,54,62,65,59,65,72,65,74,68,84,68,69,89,71,64,67,60,58,59,52,33,19,23,30,28,27,22,25,19,19,12,16,20,14,14,7,8,9,12,11,8,11,7,3,3,6,2,4,3,3,0,0,0,0,0,0,0,0,0,0,0,0,0,0,0,0,0,0,,8872,4195,3217,2926,1710,1710,732,333,50,0,7462,0
846,1690,28.2,12/23/2024 22:40:23,21.97,5138,0,0,0,0,185,720,502,234,157,105,119,85,86,85,71,58,63,65,60,56,72,57,68,50,63,64,48,63,65,55,59,44,52,54,50,55,48,51,49,41,50,53,53,53,53,45,54,45,49,47,53,46,44,31,34,33,40,36,28,35,32,27,30,26,42,21,16,18,19,30,18,15,22,13,22,21,19,13,15,16,16,15,20,11,0,0,0,0,0,0,0,0,0,0,0,0,0,0,0,0,0,0,,9203,3732,3022,2517,1875,1875,1270,865,282,0,8685,0
847,1692,28.2,12/23/2024 22:42:32,24.69,8517,0,0,0,1,322,1041,752,399,281,184,187,153,133,136,139,147,135,133,117,117,119,122,88,92,98,88,92,97,93,83,83,85,81,92,88,92,81,113,116,83,100,101,114,96,77,99,89,84,97,103,82,77,63,67,54,46,59,40,46,33,37,42,47,56,54,42,44,32,29,34,25,26,18,26,20,25,32,26,25,19,16,24,14,14,0,0,0,0,0,0,0,0,0,0,0,0,0,0,0,0,0,0,,12827,6140,4273,4107,2446,2446,1790,1045,275,0,12110,0
848,1694,28.2,12/23/2024 22:44:47,24.16,3712,0,0,0,0,176,677,451,201,131,60,95,63,69,65,55,44,53,42,50,44,39,45,40,44,32,35,46,45,35,36,38,43,31,40,35,37,38,38,46,44,41,29,48,47,37,36,56,34,42,36,33,33,26,9,12,17,5,9,6,6,7,6,11,6,6,6,4,7,1,7,1,3,3,4,1,3,4,0,0,0,2,2,2,1,0,0,0,0,0,0,0,0,0,0,0,0,0,0,0,0,0,0,,7413,2562,1800,1784,675,675,257,87,29,0,3506,0
849,1696,28.3,12/23/2024 22:46:30,19.75,4541,0,0,0,0,260,956,548,190,122,105,97,78,77,66,68,69,63,54,41,54,60,41,46,35,57,32,31,52,34,35,33,35,35,41,50,31,30,35,30,34,31,29,34,40,42,37,41,30,49,32,39,39,25,27,18,22,18,28,13,20,25,17,23,19,16,17,10,16,19,11,19,17,5,11,11,8,7,10,5,5,8,8,8,7,0,0,0,0,0,0,0,0,0,0,0,0,0,0,0,0,0,0,,11534,3681,2309,1949,1387,1387,972,537,157,0,6390,0
850,1698,28.3,12/23/2024 22:48:40,24.67,7135,0,0,0,0,299,1062,742,348,221,154,165,118,116,130,123,113,102,108,105,90,92,103,77,97,77,78,74,76,74,63,84,77,88,69,58,61,80,86,71,76,98,80,75,79,70,67,84,79,73,71,67,71,41,46,35,35,37,30,21,24,21,33,23,26,30,33,25,22,21,25,12,17,13,12,10,10,4,12,12,6,7,8,8,4,1,0,0,0,0,0,0,0,0,0,0,0,0,0,0,0,0,0,,12124,5116,3628,3437,1735,1735,1099,466,113,0,8585,0
851,1700,28.3,12/23/2024 22:50:53,24.2,4511,0,0,0,0,260,887,599,252,144,106,106,64,67,75,59,61,63,52,59,51,33,37,48,38,44,51,41,30,41,32,40,40,55,40,50,44,40,38,49,37,41,58,47,47,56,46,43,40,43,48,44,26,30,20,7,18,10,10,3,16,8,14,8,9,11,8,9,7,9,3,5,1,2,5,3,5,0,3,0,1,3,6,2,2,1,0,0,0,0,0,0,0,0,0,0,0,0,0,0,0,0,0,,9727,2851,1798,1959,793,793,376,116,58,0,4095,0
852,1702,28.4,12/23/2024 22:52:36,19.39,4287,0,0,0,0,275,1029,551,211,119,95,93,77,64,73,56,68,65,58,35,47,39,37,28,45,22,33,27,33,38,38,33,42,34,41,29,29,31,32,38,26,26,36,31,33,26,32,41,33,27,34,31,20,16,20,20,13,18,20,19,11,6,13,12,11,15,13,10,10,15,7,14,4,9,5,6,8,8,2,6,5,5,3,0,2,0,0,0,0,0,0,0,0,0,0,0,0,0,0,0,0,0,0,,12238,3481,1924,1862,1001,1001,650,371,52,0,4936,0
853,1704,28.4,12/23/2024 22:54:43,24.63,7132,0,0,0,1,387,1393,780,345,222,109,136,118,126,100,98,111,99,93,91,98,78,73,76,82,57,70,79,74,67,74,53,52,70,69,64,74,68,63,54,83,62,79,89,74,77,72,70,60,56,64,64,69,45,38,35,34,24,21,24,39,32,18,31,17,20,36,14,18,20,14,7,10,11,11,7,14,16,13,8,12,7,7,6,0,0,0,0,0,0,0,0,0,0,0,0,0,0,0,0,0,0,0,,13695,4661,3179,2891,1726,1726,922,471,81,0,7816,0
854,1706,28.4,12/23/2024 22:56:27,21.3,4813,0,0,0,2,345,1239,673,254,149,100,105,67,86,66,62,67,44,49,51,45,48,38,37,53,38,37,39,34,24,23,35,36,41,30,43,29,33,31,41,35,35,38,35,30,28,31,31,39,28,17,17,30,23,20,19,22,14,17,10,12,14,11,12,21,13,10,2,11,11,9,9,8,7,9,5,6,9,6,5,4,3,1,0,1,1,0,0,0,0,0,0,0,0,0,0,0,0,0,0,0,0,0,,13460,3239,1906,1826,930,930,577,333,28,0,4624,0
855,1708,28.5,12/23/2024 22:58:38,25.36,6714,0,0,0,0,360,1421,791,345,190,125,124,119,102,110,107,89,87,66,88,93,87,57,76,80,64,55,77,72,70,64,70,67,67,74,61,60,61,79,57,72,57,69,61,64,59,56,63,65,52,50,44,45,23,24,31,22,24,21,23,20,19,24,24,18,22,14,12,15,12,5,15,4,7,10,12,5,8,8,4,2,6,3,3,2,0,0,0,0,0,0,0,0,0,0,0,0,0,0,0,0,0,0,,13233,4227,3044,2859,1167,1167,710,319,55,0,6278,0
856,1710,28.5,12/23/2024 23:00:22,21.02,4825,0,0,1,1,306,1054,631,272,161,108,91,93,91,87,59,59,59,63,51,61,43,49,51,52,56,31,47,31,49,51,27,40,42,31,43,38,38,41,34,41,41,54,31,33,36,40,35,18,28,32,22,23,22,22,19,18,19,16,19,17,21,22,8,14,18,13,11,9,5,4,3,8,9,6,6,6,9,6,4,4,4,1,4,2,0,0,0,0,0,0,0,0,0,0,0,0,0,0,0,0,0,0,,12488,3601,2317,1979,1037,1037,609,309,52,0,5024,0
857,1712,28.5,12/23/2024 23:02:35,25.59,6330,0,0,0,0,373,1336,766,346,213,154,119,122,108,84,107,91,89,79,80,84,82,89,74,72,45,59,66,55,52,52,70,71,61,64,76,58,57,53,65,61,56,55,56,46,58,62,48,35,40,32,32,28,33,23,19,11,18,15,23,13,15,14,16,14,15,12,10,5,14,10,9,7,5,3,5,9,3,10,8,1,2,5,1,1,0,0,0,0,0,0,0,0,0,0,0,0,0,0,0,0,0,0,,12923,4084,2798,2704,899,899,524,242,35,0,5303,0
858,1714,28.6,12/23/2024 23:04:49,25.25,5142,0,0,0,1,319,1129,626,282,169,106,114,95,93,70,89,75,67,61,71,78,60,54,61,37,61,43,53,47,50,58,49,51,56,57,52,48,48,45,41,52,50,36,43,39,47,39,37,35,39,38,23,24,27,13,14,12,10,12,13,13,11,6,6,9,8,7,6,2,9,3,7,6,4,3,3,5,7,4,0,0,1,2,0,1,0,0,0,0,0,0,0,0,0,0,0,0,0,0,0,0,0,0,,10875,3457,2269,2174,681,681,293,158,16,0,4004,0
859,1716,28.6,12/23/2024 23:07:05,24.73,3861,0,0,0,1,201,805,475,240,125,65,76,46,87,72,61,72,55,47,45,44,51,32,48,39,51,43,44,41,44,35,38,32,39,42,34,35,32,40,20,49,44,35,45,53,33,30,32,28,32,21,21,28,18,15,15,13,10,7,5,3,3,4,4,7,4,3,5,5,4,2,2,2,5,3,3,2,3,3,0,0,1,0,1,1,0,0,0,0,0,0,0,0,0,0,0,0,0,0,0,0,0,0,,8039,2653,1884,1638,558,558,174,97,12,0,3037,0
860,1718,28.6,12/23/2024 23:09:22,24.8,3567,0,0,0,1,193,695,435,206,128,61,77,67,62,59,44,44,41,55,39,39,44,48,36,43,38,25,36,35,32,32,45,36,34,39,36,37,33,35,43,38,38,29,44,38,55,39,44,33,38,26,32,20,18,15,7,8,7,8,9,7,4,1,0,7,3,4,3,0,3,3,3,4,6,2,1,6,2,1,2,1,3,1,1,0,0,0,0,0,0,0,0,0,0,0,0,0,0,0,0,0,0,0,,7242,2302,1669,1669,544,544,125,125,20,0,3028,0
861,1720,28.7,12/23/2024 23:11:36,24.36,4065,0,0,0,0,207,800,470,219,127,72,81,49,71,71,62,70,46,43,46,55,45,50,48,49,45,37,42,46,46,48,37,34,39,42,41,41,45,40,47,49,46,46,41,51,44,35,45,48,47,44,33,27,18,12,13,21,14,8,7,5,7,4,5,7,10,10,9,3,5,2,5,4,3,3,4,2,5,3,2,5,2,0,0,0,0,0,0,0,0,0,0,0,0,0,0,0,0,0,0,0,0,0,,8112,2623,2024,1892,677,677,275,156,8,0,3686,0
862,1722,28.7,12/23/2024 23:13:48,23.91,4434,0,0,0,0,242,860,468,243,143,84,100,91,64,72,70,56,45,59,56,48,50,53,50,59,47,30,59,36,33,38,40,35,45,45,39,32,38,43,55,43,59,39,38,68,46,54,58,52,51,45,47,31,37,29,23,17,10,12,11,14,11,7,8,6,6,12,6,3,7,7,4,7,8,7,6,3,4,2,2,0,1,2,1,2,0,0,0,0,0,0,0,0,0,0,0,0,0,0,0,0,0,0,,8950,2974,2070,1982,1012,1012,322,184,25,0,4538,0
863,1724,28.7,12/23/2024 23:15:33,22.38,5130,0,0,0,0,286,1013,586,245,154,94,102,110,87,76,76,70,69,69,82,51,60,58,69,59,35,39,44,46,37,47,36,40,33,59,41,50,30,35,43,49,36,47,39,48,43,37,38,42,50,40,36,42,22,35,21,17,31,29,29,24,17,25,23,27,19,20,14,19,12,17,7,16,15,12,14,11,10,7,6,13,14,10,8,8,0,0,0,0,0,0,0,0,0,0,0,0,0,0,0,0,0,0,,11081,3807,2368,2020,1354,1354,894,559,179,0,6358,0
864,1726,28.8,12/23/2024 23:17:39,24.94,8244,0,0,1,1,341,1186,752,387,218,184,171,177,134,118,126,124,123,123,141,104,101,113,95,85,96,89,92,81,104,89,87,89,69,80,87,102,87,73,76,90,99,90,91,98,86,91,93,98,102,71,54,62,49,47,60,49,48,41,43,43,45,39,38,49,35,31,31,37,34,32,21,29,17,29,25,28,21,18,22,21,8,8,9,6,0,0,0,0,0,0,0,0,0,0,0,0,0,0,0,0,0,0,,12995,5782,4138,3765,2169,2169,1572,958,124,0,10758,0
865,1728,28.8,12/23/2024 23:19:23,20.89,4718,0,0,0,0,245,1024,485,223,119,90,105,79,75,69,52,81,62,59,42,54,70,46,45,45,37,52,43,33,47,41,52,40,52,41,44,52,45,40,36,46,38,44,35,37,46,30,31,37,37,38,28,29,26,25,24,23,25,20,24,20,17,26,18,19,17,23,23,17,23,14,10,14,12,10,11,15,10,9,9,11,10,7,2,3,0,0,0,0,0,0,0,0,0,0,0,0,0,0,0,0,0,0,,10967,3581,2446,2326,1249,1249,991,579,105,0,6501,0
866,1730,28.8,12/23/2024 23:21:34,24.73,6151,0,0,0,0,335,1185,691,327,171,110,123,100,137,90,95,107,77,70,82,67,79,71,76,51,69,57,69,63,53,67,48,66,48,55,69,68,44,64,58,67,60,49,81,67,57,60,50,60,61,53,35,46,29,27,29,33,21,14,13,26,23,20,24,25,17,14,17,13,12,13,8,6,12,10,8,8,4,7,7,5,7,7,3,1,0,0,0,0,0,0,0,0,0,0,0,0,0,0,0,0,0,0,,11896,4153,2843,2616,1197,1197,752,332,73,0,6167,0
867,1732,28.9,12/23/2024 23:23:48,24.61,4239,0,0,0,0,220,785,531,227,119,80,92,69,77,61,68,45,74,51,54,51,53,46,44,43,54,56,49,52,33,40,29,34,37,57,39,33,52,54,44,60,46,59,58,47,33,45,29,40,42,38,31,18,29,19,13,17,12,9,13,13,6,9,11,11,13,10,4,8,3,7,3,1,5,4,4,2,2,5,2,2,2,1,0,0,0,0,0,0,0,0,0,0,0,0,0,0,0,0,0,0,0,0,,8346,2824,2028,1971,731,731,345,130,12,0,3921,0
868,1734,28.9,12/23/2024 23:25:32,20.64,5035,0,0,0,1,311,1041,610,254,136,104,101,99,79,86,68,73,53,61,50,61,54,66,42,65,48,43,54,54,42,42,34,37,35,35,41,36,39,54,48,36,30,41,46,38,44,55,43,47,38,31,26,23,31,26,28,22,16,18,26,17,18,13,23,11,28,10,15,16,8,8,15,16,9,18,11,9,13,8,7,10,14,4,11,1,0,0,0,0,0,0,0,0,0,0,0,0,0,0,0,0,0,0,,12393,3803,2636,2059,1216,1216,799,630,145,0,6066,0
869,1736,28.9,12/23/2024 23:27:45,25.05,6038,0,0,0,1,310,1121,709,325,178,113,145,123,98,99,82,96,82,73,83,76,78,66,76,74,75,59,47,64,65,56,47,62,59,76,46,52,61,65,67,62,58,65,64,75,62,67,50,49,57,55,46,30,32,19,15,23,22,20,16,18,24,16,17,18,9,18,3,8,9,5,9,9,15,13,7,10,7,6,6,5,3,4,1,2,0,0,0,0,0,0,0,0,0,0,0,0,0,0,0,0,0,0,,11585,4132,2822,2615,1058,1058,543,359,40,0,5673,0
870,1738,29.0,12/23/2024 23:29:54,25.28,6558,0,0,0,0,421,1491,845,321,227,134,149,125,102,107,94,86,75,81,73,64,63,52,58,62,47,53,49,54,50,49,64,57,47,49,53,71,51,66,64,68,68,48,70,60,64,63,54,55,54,38,42,39,29,23,20,20,19,11,14,21,19,18,14,14,21,13,12,11,13,7,6,5,5,8,11,5,10,1,7,8,4,4,5,3,0,0,0,0,0,0,0,0,0,0,0,0,0,0,0,0,0,0,,14193,4031,2377,2603,1017,1017,585,277,63,0,5562,0
871,1740,29.0,12/23/2024 23:32:03,24.84,6432,0,0,0,0,433,1529,814,363,181,120,144,113,68,90,67,86,77,68,84,77,69,67,60,50,45,53,54,50,55,63,56,48,53,46,59,67,61,61,72,51,46,65,51,61,53,65,60,47,51,43,44,34,38,22,19,16,16,18,15,16,17,16,12,16,8,13,12,10,9,6,7,8,7,7,6,15,7,4,3,2,2,6,5,0,0,0,0,0,0,0,0,0,0,0,0,0,0,0,0,0,0,0,,14428,3796,2504,2496,1027,1027,507,274,52,0,5382,0
872,1742,29.0,12/23/2024 23:34:18,24.41,3888,0,0,0,2,262,958,596,205,114,93,84,72,63,60,42,54,58,48,41,51,27,30,41,27,31,25,32,37,30,36,32,29,28,35,34,25,25,28,35,41,30,36,26,29,30,31,39,30,25,23,17,19,18,10,8,8,6,3,5,5,6,6,4,3,4,4,0,5,3,2,0,1,5,3,3,2,2,0,1,1,1,2,1,0,0,0,0,0,0,0,0,0,0,0,0,0,0,0,0,0,0,0,,9480,2458,1426,1401,430,430,152,78,16,0,2507,0
873,1744,29.1,12/23/2024 23:36:33,24.31,3661,0,0,0,0,221,893,497,221,135,83,72,68,74,49,54,43,36,53,35,37,39,30,33,29,32,37,28,31,40,37,34,22,25,22,28,26,29,35,29,23,27,38,31,41,41,36,33,27,35,28,21,17,11,16,8,2,7,5,5,8,2,4,6,1,5,5,3,2,4,2,0,2,0,3,1,1,0,2,0,0,0,0,1,0,0,0,0,0,0,0,0,0,0,0,0,0,0,0,0,0,0,0,,8729,2304,1522,1234,420,420,140,37,4,0,2254,0
874,1746,29.1,12/23/2024 23:38:47,23.8,3616,0,0,0,1,210,803,454,238,125,78,94,57,69,60,53,49,57,40,48,48,48,42,31,42,31,32,23,38,23,38,27,26,28,32,28,25,30,25,26,23,33,24,48,35,23,31,48,34,29,31,30,17,17,15,12,12,3,4,4,3,5,1,11,4,2,5,3,2,3,4,0,4,4,4,2,2,2,0,2,1,0,0,0,0,0,0,0,0,0,0,0,0,0,0,0,0,0,0,0,0,0,0,,8416,2618,1576,1273,513,513,168,88,0,0,2555,0
875,1748,29.1,12/23/2024 23:41:01,23.69,3420,0,0,0,0,200,792,452,195,113,77,74,59,63,71,50,44,40,40,42,37,26,36,23,25,30,32,32,24,39,23,21,28,23,35,25,31,21,38,22,25,25,36,32,27,38,31,43,33,35,26,23,28,22,17,14,11,5,6,4,4,10,2,4,4,3,4,4,2,4,2,2,2,3,2,1,2,0,0,0,1,0,0,0,0,0,0,0,0,0,0,0,0,0,0,0,0,0,0,0,0,0,0,,8033,2305,1313,1241,608,608,173,55,0,0,2685,0
876,1750,29.2,12/23/2024 23:43:14,23.81,3974,0,0,0,0,203,804,474,227,135,66,94,59,72,73,59,42,52,54,57,54,59,41,41,36,32,38,48,29,31,46,30,26,37,32,43,30,31,35,27,35,29,35,40,48,39,46,56,58,41,37,31,36,36,29,21,19,11,11,10,2,4,6,4,5,10,7,5,4,5,8,5,4,0,1,1,3,4,4,2,2,1,1,1,0,0,0,0,0,0,0,0,0,0,0,0,0,0,0,0,0,0,0,,8412,2835,1810,1491,882,882,265,113,13,0,3646,0
877,1752,29.2,12/23/2024 23:45:29,23.67,3140,0,0,0,1,199,747,397,175,114,47,58,47,55,53,54,42,50,42,34,30,37,35,31,19,23,23,35,32,24,30,27,28,18,21,21,32,30,28,25,40,25,33,24,24,26,32,32,23,28,33,26,19,23,13,9,13,4,2,6,3,6,4,5,3,2,4,1,2,3,1,1,0,0,2,2,1,1,0,0,0,0,0,0,0,0,0,0,0,0,0,0,0,0,0,0,0,0,0,0,0,0,0,,7343,2121,1335,1246,524,524,135,30,0,0,2459,0
878,1754,29.2,12/23/2024 23:47:16,23.67,5580,0,0,0,0,378,1251,709,331,173,126,119,108,71,93,87,82,66,60,63,65,63,58,47,46,56,51,52,51,38,37,37,34,38,51,35,43,45,43,37,43,46,41,42,39,38,34,38,41,31,38,41,21,24,23,18,22,14,22,15,17,15,17,27,18,19,20,19,11,15,8,14,10,7,9,7,10,4,10,13,6,8,10,7,4,0,0,0,0,0,0,0,0,0,0,0,0,0,0,0,0,0,0,,13042,3705,2264,1910,980,980,773,414,123,0,5180,0
879,1756,29.3,12/23/2024 23:49:25,25.41,7200,0,0,0,1,457,1655,949,404,210,134,125,131,126,121,113,106,91,98,72,75,75,73,64,70,72,79,64,61,64,67,47,57,63,60,45,62,64,64,60,58,73,58,49,67,62,61,62,52,41,44,44,37,41,24,27,13,20,20,14,19,16,19,23,16,15,12,16,8,11,10,5,9,10,11,6,6,5,7,10,6,6,6,1,1,0,0,0,0,0,0,0,0,0,0,0,0,0,0,0,0,0,0,,15486,4459,2896,2570,1082,1082,594,319,55,0,5702,0
880,1758,29.3,12/23/2024 23:51:38,25.17,5543,0,0,0,1,383,1385,715,336,161,123,136,99,76,89,82,60,77,73,61,67,56,47,62,48,44,47,47,54,48,36,42,42,44,55,52,48,54,40,44,40,52,55,47,53,42,31,41,42,36,29,17,20,19,13,8,6,11,11,5,17,8,7,9,12,4,6,5,4,8,2,8,7,6,3,8,5,2,2,2,1,2,1,2,0,0,0,0,0,0,0,0,0,0,0,0,0,0,0,0,0,0,0,,12872,3480,2110,2038,536,536,290,183,20,0,3603,0
881,1760,29.3,12/23/2024 23:53:22,20.66,4875,1,0,0,1,316,1116,625,259,168,93,126,88,84,75,55,76,55,55,51,38,59,46,40,45,40,45,47,28,34,35,43,40,37,37,38,39,41,42,37,54,34,30,34,36,29,47,33,41,33,24,32,22,15,17,15,17,21,14,23,23,11,24,17,16,13,10,13,8,10,6,7,10,8,15,13,5,5,8,5,3,6,6,5,2,0,0,0,0,0,0,0,0,0,0,0,0,0,0,0,0,0,0,,13093,3688,2236,2139,1016,1016,653,411,92,0,5329,0
882,1762,29.4,12/23/2024 23:55:30,25.48,7835,0,0,0,1,466,1773,993,410,233,158,152,167,141,121,119,145,92,107,98,84,78,72,77,85,66,55,73,60,89,82,66,64,65,66,49,60,78,75,82,69,58,66,62,60,64,44,55,58,45,43,48,43,35,31,20,27,25,24,22,16,22,20,19,16,33,18,16,21,17,14,15,11,11,8,7,8,12,8,5,9,9,10,7,2,0,0,0,0,0,0,0,0,0,0,0,0,0,0,0,0,0,0,,16429,5118,3151,2873,1228,1228,828,404,110,0,6672,0
883,1764,29.4,12/23/2024 23:57:43,25.11,4746,0,0,0,0,292,1281,668,280,153,105,82,80,88,70,59,66,58,49,46,44,61,55,41,51,39,41,40,49,44,37,34,36,38,27,51,42,33,36,34,24,43,41,42,34,32,38,34,31,23,24,14,16,10,16,7,8,6,6,2,7,4,8,6,7,4,4,2,5,5,6,3,0,1,3,2,1,4,2,1,4,1,2,3,0,0,0,0,0,0,0,0,0,0,0,0,0,0,0,0,0,0,0,,11394,2800,1959,1585,382,382,215,88,24,0,2676,0
884,1766,29.4,12/23/2024 23:59:27,20.59,4913,0,0,0,0,316,1185,687,285,162,93,89,80,79,69,73,63,66,62,60,61,61,44,52,50,52,50,48,38,41,48,32,42,38,47,41,32,34,38,32,33,32,22,35,27,31,34,37,32,33,18,16,18,12,11,18,13,18,16,10,13,19,10,16,8,10,10,9,10,12,10,11,4,4,6,4,6,7,12,4,5,2,3,1,1,0,0,0,0,0,0,0,0,0,0,0,0,0,0,0,0,0,0,,13681,3706,2506,1948,797,797,607,316,34,0,4497,0
885,1768,29.5,12/24/2024 00:01:34,25.45,8022,0,0,0,0,500,1703,979,486,277,178,167,133,142,119,133,146,120,112,124,93,86,98,72,76,102,96,75,77,86,65,70,70,71,87,70,77,64,65,62,59,61,59,57,79,62,59,50,56,41,50,33,32,31,21,32,16,23,13,20,18,17,14,20,14,17,18,12,14,5,13,12,12,8,12,11,10,12,10,6,7,8,9,8,0,0,0,0,0,0,0,0,0,0,0,0,0,0,0,0,0,0,0,,16857,5403,3548,2971,1006,1006,613,424,98,0,6118,0
886,1770,29.5,12/24/2024 00:03:48,24.92,4890,0,0,0,0,337,1215,701,270,156,90,109,84,73,77,67,79,67,52,62,56,50,58,41,57,42,51,34,35,42,38,37,34,38,47,39,52,41,34,49,50,46,41,48,38,40,26,36,33,22,17,21,12,8,11,9,8,7,9,7,3,6,10,8,10,8,6,3,5,3,2,4,1,5,2,2,0,1,2,1,1,0,3,1,0,0,0,0,0,0,0,0,0,0,0,0,0,0,0,0,0,0,0,,11549,3114,1946,1874,405,405,261,76,16,0,3038,0
887,1772,29.5,12/24/2024 00:06:03,24.73,3733,0,0,0,0,315,1053,534,203,118,76,72,57,69,43,61,46,39,32,46,41,42,33,30,25,33,27,20,25,25,31,27,28,25,24,35,35,32,24,39,24,31,27,19,33,23,23,31,16,20,11,16,11,5,11,11,10,4,3,2,2,1,4,3,2,1,2,5,1,1,3,6,0,3,0,0,2,0,0,0,0,0,0,1,0,0,0,0,0,0,0,0,0,0,0,0,0,0,0,0,0,0,0,,9588,2216,1286,1310,307,307,117,44,4,0,2091,0
888,1774,29.6,12/24/2024 00:08:19,24.8,3255,0,0,0,0,248,870,494,174,115,75,76,54,43,45,45,37,34,42,39,28,26,30,27,34,23,26,20,17,30,22,16,21,23,29,31,23,22,26,21,25,23,28,27,20,28,30,37,15,15,32,21,11,7,7,5,4,2,2,2,4,4,1,2,2,2,1,2,1,0,1,3,2,0,0,1,1,0,0,0,0,0,0,1,0,0,0,0,0,0,0,0,0,0,0,0,0,0,0,0,0,0,0,,8274,1891,1093,1048,278,278,77,28,4,0,1714,0
889,1776,29.6,12/24/2024 00:10:02,20.22,4551,0,0,0,0,321,1168,657,261,146,87,93,67,81,70,54,58,38,48,43,55,48,34,35,38,49,40,33,33,39,34,41,26,35,30,24,39,32,25,27,26,33,31,35,42,36,32,30,29,33,19,35,19,19,17,11,8,12,13,5,11,10,15,10,15,13,7,7,8,4,9,5,8,4,5,2,1,2,6,3,4,2,3,2,1,0,0,0,0,0,0,0,0,0,0,0,0,0,0,0,0,0,0,,13516,3239,2097,1672,791,791,509,208,40,0,4011,0
890,1778,29.6,12/24/2024 00:12:11,25.34,7411,0,0,0,1,524,1771,960,419,228,160,168,122,134,101,87,98,95,76,99,108,88,70,64,77,84,68,66,62,61,50,63,66,59,65,59,52,65,51,60,45,68,65,73,53,63,50,55,43,40,40,26,30,34,19,25,18,24,18,18,13,18,22,10,10,23,9,11,12,14,8,5,5,5,9,7,8,6,4,6,4,5,5,3,1,0,0,0,0,0,0,0,0,0,0,0,0,0,0,0,0,0,0,,16697,4641,2972,2577,959,959,560,253,55,0,5363,0
891,1780,29.7,12/24/2024 00:13:54,20.27,4600,0,0,0,1,291,1175,670,281,146,97,106,79,75,73,51,54,65,57,36,51,39,38,39,33,36,43,44,37,43,45,25,35,27,40,35,28,31,29,41,27,35,29,23,31,25,31,20,17,24,25,21,20,16,13,15,17,10,13,12,21,10,14,11,11,12,9,6,8,11,8,5,5,5,9,7,6,3,3,1,3,6,4,2,0,0,0,0,0,0,0,0,0,0,0,0,0,0,0,0,0,0,0,,13651,3384,2082,1741,829,829,518,261,59,0,4238,0
892,1782,29.7,12/24/2024 00:16:01,25.59,8891,0,0,0,0,522,1778,1098,473,267,264,205,175,160,127,161,126,129,115,112,108,127,101,84,89,78,78,81,75,83,87,72,78,76,81,77,87,82,66,96,81,61,58,62,81,71,69,58,60,44,46,46,41,38,37,33,34,32,29,31,29,22,26,38,33,19,35,21,25,25,9,14,18,11,20,16,10,11,19,14,9,8,8,16,5,0,0,0,0,0,0,0,0,0,0,0,0,0,0,0,0,0,0,,18003,6038,3732,3349,1454,1454,1043,586,145,0,8030,0
893,1784,29.7,12/24/2024 00:18:13,25.67,6630,0,0,0,0,395,1581,862,415,222,173,168,120,119,112,101,99,90,82,72,67,71,72,67,64,53,69,68,48,58,60,52,50,52,47,53,49,52,63,46,60,55,56,57,48,52,50,34,43,40,35,26,30,14,17,10,14,16,15,13,11,9,16,10,13,7,5,5,11,6,10,5,4,5,6,8,13,4,9,5,5,4,2,0,0,0,0,0,0,0,0,0,0,0,0,0,0,0,0,0,0,0,0,,14866,4289,2657,2256,682,682,378,265,23,0,4285,0
894,1786,29.8,12/24/2024 00:20:19,26.08,7313,0,0,0,0,436,1483,904,449,252,156,168,135,129,103,107,121,117,117,89,72,78,89,78,75,79,69,77,69,89,58,54,62,73,68,75,62,83,74,82,63,61,52,58,77,75,51,57,43,43,28,35,50,25,19,25,22,25,16,20,19,16,15,21,19,15,16,14,10,13,13,11,6,8,3,9,6,2,3,2,3,4,6,2,0,0,0,0,0,0,0,0,0,0,0,0,0,0,0,0,0,0,0,,14755,4739,3125,2903,1043,1043,625,219,46,0,5878,0
895,1788,29.8,12/24/2024 00:22:29,25.47,6868,0,0,0,1,377,1462,841,369,254,160,183,124,115,97,107,114,86,96,104,69,75,77,66,79,63,55,55,61,66,61,55,61,43,61,64,69,62,60,83,61,64,51,63,55,58,71,58,51,48,38,51,41,27,22,24,24,19,18,12,18,21,13,14,22,10,13,10,14,12,7,10,13,4,8,6,6,6,8,5,6,5,1,5,0,0,0,0,0,0,0,0,0,0,0,0,0,0,0,0,0,0,0,,14319,4594,2799,2682,1088,1088,573,302,43,0,5775,0
896,1790,29.8,12/24/2024 00:24:11,18.67,4160,0,0,0,0,294,1001,571,258,167,80,110,74,55,64,70,63,49,44,43,51,43,37,35,38,43,27,40,36,32,28,19,23,26,37,29,29,30,24,33,33,24,16,28,27,42,28,23,27,21,20,15,17,5,13,10,9,15,10,10,15,8,16,9,14,12,13,10,7,7,8,3,4,6,3,2,6,6,3,2,3,2,1,3,1,0,0,0,0,0,0,0,0,0,0,0,0,0,0,0,0,0,0,,13289,3567,2025,1644,680,680,573,214,37,0,3830,0
897,1792,29.9,12/24/2024 00:26:17,25.73,8598,0,0,0,1,516,1672,1076,469,262,199,203,164,160,148,109,121,118,119,106,94,104,107,94,89,91,67,87,78,66,76,64,89,75,87,79,87,55,75,73,87,79,74,82,67,84,53,72,54,49,63,49,47,34,37,29,30,26,32,25,31,37,33,33,20,28,23,19,21,12,14,18,16,16,12,18,16,12,12,8,15,14,7,6,4,0,0,0,0,0,0,0,0,0,0,0,0,0,0,0,0,0,0,,17093,5620,3587,3304,1465,1465,1003,610,120,0,7967,0
898,1794,29.9,12/24/2024 00:28:30,25.55,5296,0,0,0,0,366,1283,741,323,159,117,118,95,89,84,74,83,67,56,61,62,57,53,49,47,50,38,50,40,50,67,50,47,42,51,33,29,61,47,29,36,51,40,44,48,46,34,37,31,29,14,16,16,19,16,21,12,4,5,11,10,4,7,7,6,2,3,7,6,3,2,3,6,5,3,4,8,1,4,2,3,1,0,1,0,0,0,0,0,0,0,0,0,0,0,0,0,0,0,0,0,0,0,,12160,3311,2157,1863,524,524,196,157,8,0,3272,0
899,1796,29.9,12/24/2024 00:30:47,25.16,4123,0,0,0,0,277,970,585,254,139,75,80,68,60,57,67,50,61,61,46,45,53,45,42,40,38,36,33,40,47,33,36,31,44,38,38,28,26,34,26,32,41,48,44,34,33,39,37,29,18,17,5,15,10,7,7,10,3,9,9,8,7,12,4,1,3,1,8,3,4,1,2,1,2,4,2,2,2,2,1,1,0,1,1,0,0,0,0,0,0,0,0,0,0,0,0,0,0,0,0,0,0,0,,9459,2576,1761,1486,358,358,183,76,8,0,2468,0
900,1798,30.0,12/24/2024 00:32:30,20.52,5122,0,0,0,1,359,1225,704,293,178,111,116,90,81,83,73,86,61,55,53,50,50,46,53,36,37,41,50,37,45,36,42,30,29,43,35,42,37,42,38,41,26,31,30,27,43,23,26,30,28,27,23,17,23,16,17,20,20,17,14,12,13,21,11,17,12,17,9,7,10,14,10,4,11,9,8,10,9,4,9,3,6,6,3,0,0,0,0,0,0,0,0,0,0,0,0,0,0,0,0,0,0,0,,14557,3889,2305,1974,936,936,687,404,73,0,5010,0
901,1800,30.0,12/24/2024 00:34:41,25.61,7168,0,0,0,0,452,1659,975,433,238,149,170,151,127,123,97,123,92,85,96,78,61,72,69,75,76,64,60,83,68,60,58,63,60,67,58,51,65,57,59,58,60,59,57,52,46,45,31,37,46,27,35,26,19,16,25,13,16,15,18,15,21,9,16,13,11,14,7,10,7,12,10,1,6,9,3,4,1,3,8,3,5,2,2,1,0,0,0,0,0,0,0,0,0,0,0,0,0,0,0,0,0,0,,15916,4697,2913,2561,855,855,508,207,39,0,5025,0
902,1802,30.0,12/24/2024 00:36:25,21.03,4864,0,0,0,0,321,1219,681,297,162,121,121,79,73,81,75,89,51,51,43,72,46,29,50,45,48,39,46,49,39,39,41,34,25,43,30,32,28,31,24,30,38,30,33,33,35,24,22,26,20,22,19,15,16,10,13,19,10,11,17,15,11,9,15,15,9,5,11,10,11,6,9,4,3,4,7,2,1,4,6,1,3,3,3,0,0,0,0,0,0,0,0,0,0,0,0,0,0,0,0,0,0,0,,13894,3714,2240,1693,742,742,528,209,43,0,3956,0
903,1804,30.1,12/24/2024 00:38:40,26.44,6520,0,0,0,0,476,1610,1006,419,224,157,142,123,104,113,91,112,76,78,67,82,53,60,70,73,51,61,57,52,52,52,59,60,53,46,40,53,49,53,49,44,47,40,38,42,34,29,24,24,18,22,10,10,9,17,19,15,11,11,10,9,11,6,9,6,11,5,9,5,4,6,7,4,3,3,6,7,2,1,3,0,3,1,2,0,0,0,0,0,0,0,0,0,0,0,0,0,0,0,0,0,0,0,,15257,3937,2421,2092,499,499,299,148,23,0,3559,0
904,1806,30.1,12/24/2024 00:40:57,26.14,4683,0,0,0,0,313,1152,730,298,177,106,100,91,91,74,66,51,67,61,54,56,51,41,29,39,49,41,55,43,48,49,34,39,27,45,36,35,29,38,35,39,30,28,41,33,31,26,20,25,15,16,8,12,9,11,6,10,3,4,8,4,7,1,6,3,6,6,0,2,2,2,2,1,3,0,1,2,5,1,1,0,3,0,0,0,0,0,0,0,0,0,0,0,0,0,0,0,0,0,0,0,0,0,,11002,2915,1832,1480,314,314,142,73,11,0,2334,0
905,1808,30.1,12/24/2024 00:43:15,25.73,3908,0,0,0,1,283,1084,614,248,136,73,69,55,73,73,58,46,40,32,57,34,36,40,29,33,39,39,30,37,32,32,24,28,27,34,28,24,26,29,32,22,32,30,26,34,21,26,16,20,20,6,12,11,6,3,3,6,7,5,2,2,2,3,5,3,0,0,2,0,1,0,0,1,0,0,2,2,0,1,0,0,0,0,1,0,0,0,0,0,0,0,0,0,0,0,0,0,0,0,0,0,0,0,,9747,2227,1442,1189,229,229,62,23,4,0,1737,0
906,1810,30.2,12/24/2024 00:45:33,26,3870,0,0,0,0,306,1056,586,238,152,90,84,60,63,67,52,53,55,42,40,44,48,33,36,29,38,37,36,24,33,21,25,26,26,34,20,25,28,26,24,28,22,37,26,25,22,20,17,13,19,13,13,10,7,7,2,5,5,2,1,1,1,1,6,1,2,1,0,1,1,1,0,0,0,0,1,0,1,0,0,1,0,0,0,0,0,0,0,0,0,0,0,0,0,0,0,0,0,0,0,0,0,0,,9662,2338,1385,1092,208,208,58,12,0,0,1577,0
907,1812,30.2,12/24/2024 00:47:16,20.17,4400,0,0,0,0,311,1185,701,236,169,96,97,71,72,72,62,64,50,37,61,52,37,33,44,31,46,44,32,41,24,33,28,36,31,28,33,25,26,36,16,27,26,17,35,15,21,32,17,17,17,13,18,13,21,13,6,8,9,8,9,9,4,11,4,1,8,5,5,4,4,2,2,4,5,6,7,4,2,2,3,2,2,1,1,0,0,0,0,0,0,0,0,0,0,0,0,0,0,0,0,0,0,0,,13857,3347,1948,1547,585,585,248,193,20,0,3178,0
908,1814,30.2,12/24/2024 00:49:23,25.89,8342,0,0,0,0,482,1886,1067,438,277,198,204,149,139,134,113,131,107,117,112,104,101,106,104,79,97,77,73,79,68,63,92,77,78,87,70,76,75,65,62,64,70,64,82,47,59,65,58,48,41,41,41,29,28,29,25,18,22,20,17,19,20,14,30,17,16,10,19,20,6,18,12,12,7,4,18,12,2,6,6,5,5,7,1,1,0,0,0,0,0,0,0,0,0,0,0,0,0,0,0,0,0,0,,17582,5450,3627,3152,1035,1035,703,344,54,0,6323,0
909,1816,30.3,12/24/2024 00:51:09,22.88,5763,0,0,0,7,470,1521,917,370,166,157,139,118,103,76,73,80,66,66,55,49,58,44,51,53,45,47,44,44,46,43,37,37,28,35,29,34,42,41,32,41,29,34,36,31,29,28,25,24,15,19,23,14,13,11,7,11,13,9,5,19,8,9,4,10,10,5,7,6,1,3,5,4,6,4,4,2,4,1,2,1,3,5,0,0,0,0,0,0,0,0,0,0,0,0,0,0,0,0,0,0,0,0,,16377,3859,2238,1683,581,581,297,157,35,0,3335,0
910,1818,30.3,12/24/2024 00:53:18,26.13,7919,0,0,0,0,532,1772,1004,405,273,158,160,127,143,144,116,98,122,116,77,93,85,77,61,62,93,72,77,82,80,79,66,69,81,91,67,58,73,79,60,60,65,67,74,67,68,52,48,55,32,39,34,35,29,23,28,17,17,12,23,21,33,21,18,23,17,15,17,9,17,11,9,16,11,8,5,5,14,10,11,6,9,6,8,2,0,0,0,0,0,0,0,0,0,0,0,0,0,0,0,0,0,0,,16471,4902,3192,2943,1041,1041,727,398,96,0,6246,0
911,1820,30.3,12/24/2024 00:55:35,26.08,4186,0,0,0,0,355,1201,631,232,115,87,97,77,71,68,59,67,40,45,45,35,41,42,37,35,38,25,23,27,32,34,41,38,34,35,26,31,20,20,31,28,36,33,29,32,18,28,21,19,11,18,15,6,6,8,3,7,4,3,6,1,3,1,3,0,1,1,0,0,2,2,1,0,1,0,1,0,1,2,0,0,0,0,0,0,0,0,0,0,0,0,0,0,0,0,0,0,0,0,0,0,0,0,,10422,2473,1438,1304,238,238,54,23,0,0,1856,0
912,1822,30.4,12/24/2024 00:57:52,25.42,3518,0,0,0,0,255,1023,535,175,102,70,71,51,56,50,42,40,42,30,44,32,34,35,34,26,41,24,24,22,27,25,23,27,27,27,24,34,19,33,29,31,31,34,33,30,24,24,24,23,14,14,14,8,10,7,4,6,3,2,1,2,2,1,2,3,0,5,1,0,0,4,0,1,0,0,2,0,0,0,3,1,0,1,0,0,0,0,0,0,0,0,0,0,0,0,0,0,0,0,0,0,0,0,,8777,1935,1239,1200,232,232,71,28,4,0,1766,0
913,1824,30.4,12/24/2024 01:00:06,25.08,4148,0,0,0,0,305,1139,601,239,155,88,86,75,54,72,63,58,43,61,52,47,36,41,30,38,41,29,35,22,32,29,25,30,27,21,36,29,25,38,32,31,26,33,26,35,24,37,27,19,16,22,11,14,9,10,14,6,9,6,3,1,3,4,0,3,0,5,1,3,4,1,1,2,1,0,4,1,0,0,1,0,1,0,0,0,0,0,0,0,0,0,0,0,0,0,0,0,0,0,0,0,0,0,,10419,2580,1427,1276,343,343,100,44,4,0,2109,0
914,1826,30.4,12/24/2024 01:02:21,25.06,4473,0,0,0,1,312,1258,595,244,135,81,91,93,87,78,61,44,54,58,42,48,32,36,45,43,37,33,29,35,49,37,41,32,37,28,32,36,30,32,47,29,36,46,34,45,43,42,36,26,24,13,15,14,13,15,3,5,6,3,6,5,7,2,4,4,2,1,1,1,1,2,0,4,1,0,2,1,1,4,1,0,1,1,0,0,0,0,0,0,0,0,0,0,0,0,0,0,0,0,0,0,0,0,,10842,2745,1664,1516,367,367,100,60,8,0,2418,0
915,1828,30.5,12/24/2024 01:04:37,25.06,3672,0,0,0,0,284,1065,530,196,98,87,79,57,52,53,41,37,51,47,26,35,40,37,37,29,30,34,34,25,26,25,23,21,24,24,22,26,30,37,31,27,31,29,34,29,25,24,23,22,16,10,15,13,9,8,5,5,9,5,3,4,2,5,4,4,2,2,2,0,5,1,0,1,0,2,1,0,1,0,0,0,0,1,0,0,0,0,0,0,0,0,0,0,0,0,0,0,0,0,0,0,0,0,,9334,2067,1357,1181,311,311,108,20,4,0,1935,0
916,1830,30.5,12/24/2024 01:06:23,23.42,6805,1,0,1,4,236,881,635,329,174,170,128,119,121,97,111,104,101,86,70,76,86,78,64,82,87,86,77,74,75,74,65,67,71,63,60,66,53,60,59,81,80,70,62,74,61,75,57,55,85,50,56,54,62,41,38,45,39,52,44,38,51,47,53,42,45,42,50,28,43,29,28,37,30,26,23,24,27,32,26,28,28,24,19,13,0,0,0,0,0,0,0,0,0,0,0,0,0,0,0,0,0,0,,10927,4693,3621,3096,2220,2220,1956,1319,359,0,11170,0
917,1832,30.5,12/24/2024 01:08:33,25.55,6800,0,0,0,0,302,1163,744,354,218,145,148,135,128,118,120,105,91,91,81,80,81,89,72,72,71,66,64,65,77,62,76,51,59,67,80,82,64,83,72,85,81,81,69,77,66,59,58,69,59,50,54,38,32,36,28,21,32,21,22,30,33,26,21,23,16,18,23,11,23,24,13,12,14,12,10,16,13,7,9,11,6,8,7,0,0,0,0,0,0,0,0,0,0,0,0,0,0,0,0,0,0,0,,12031,4611,3112,3131,1358,1358,904,481,82,0,7315,0
918,1834,30.6,12/24/2024 01:10:18,21.52,5676,0,0,2,1,217,784,554,287,150,116,125,114,98,106,100,111,103,103,81,83,75,65,86,70,55,77,82,60,53,49,60,57,61,61,61,57,44,52,56,56,63,64,58,50,38,52,47,39,30,40,33,23,33,27,38,26,42,32,27,35,30,31,33,24,30,26,30,19,20,15,18,23,19,17,17,14,28,19,26,19,18,21,10,0,0,0,0,0,0,0,0,0,0,0,0,0,0,0,0,0,0,0,,10390,5107,3401,2918,1608,1608,1283,1013,228,0,8657,0
919,1836,30.6,12/24/2024 01:12:30,27.08,8376,0,0,1,0,356,1211,936,456,292,220,218,203,161,158,144,132,137,132,110,142,124,119,119,95,107,117,93,103,93,107,100,87,102,108,92,92,92,93,101,76,74,68,78,56,60,60,51,47,46,53,38,37,44,40,37,35,27,46,46,35,26,15,24,23,18,25,18,17,15,28,17,24,19,17,22,11,13,10,12,2,5,1,7,0,0,0,0,0,0,0,0,0,0,0,0,0,0,0,0,0,0,0,,13626,6134,4346,3756,1518,1518,835,561,48,0,8235,0
920,1838,30.6,12/24/2024 01:14:14,20.56,4972,0,0,0,6,404,1502,773,263,155,99,102,71,76,76,60,58,47,49,47,42,51,42,39,37,38,30,39,39,30,28,30,33,30,31,48,29,35,24,25,29,42,24,28,21,24,24,27,18,13,21,12,13,14,15,14,8,6,10,8,6,11,11,5,5,11,10,8,6,4,5,5,1,5,3,4,3,3,2,2,0,1,1,1,0,0,0,0,0,0,0,0,0,0,0,0,0,0,0,0,0,0,0,,16070,3303,1960,1732,569,569,394,141,15,0,3419,0
921,1840,30.7,12/24/2024 01:16:29,25.66,5450,0,0,0,1,399,1519,811,312,221,112,116,90,104,84,69,65,59,59,70,72,53,55,44,43,45,44,45,48,41,46,35,39,48,34,36,34,38,31,40,36,51,37,34,36,38,35,21,25,22,15,11,14,16,6,8,6,4,10,5,7,7,3,2,5,8,6,6,0,1,1,2,1,0,2,1,2,1,1,0,0,1,0,1,0,0,0,0,0,0,0,0,0,0,0,0,0,0,0,0,0,0,0,,13605,3277,1945,1645,366,366,160,43,8,0,2588,0
922,1842,30.7,12/24/2024 01:18:46,24.91,3992,0,0,0,0,317,1105,595,248,139,95,113,72,59,55,56,49,47,43,44,42,36,32,36,31,27,42,27,31,39,34,29,26,18,22,26,28,34,23,32,22,39,22,28,23,24,30,22,29,20,13,9,12,6,6,3,7,2,4,4,1,2,1,1,2,1,0,2,2,0,1,0,0,2,0,0,0,0,0,0,0,0,0,0,0,0,0,0,0,0,0,0,0,0,0,0,0,0,0,0,0,0,0,,10486,2473,1461,1200,225,225,48,8,0,0,1706,0
923,1844,30.7,12/24/2024 01:20:30,21.36,5440,0,0,0,0,413,1459,788,332,205,115,117,96,91,73,74,61,50,54,65,50,55,62,42,49,40,49,39,42,48,38,46,36,32,25,37,41,32,35,31,32,43,32,36,32,34,41,37,28,23,18,22,15,14,7,8,12,11,15,12,7,10,7,19,10,9,10,13,7,4,4,4,5,7,5,2,6,0,6,3,4,2,1,1,0,0,0,0,0,0,0,0,0,0,0,0,0,0,0,0,0,0,0,,16053,3680,2388,1826,623,623,454,206,19,0,3750,0
924,1846,30.8,12/24/2024 01:22:33,25.91,9415,0,0,1,0,519,2182,1218,532,308,189,195,142,163,156,135,139,106,104,101,125,107,97,75,85,72,73,75,82,82,89,98,84,71,76,76,88,90,82,89,53,83,91,84,86,58,84,65,58,53,49,38,41,41,37,24,34,38,41,27,26,27,32,27,22,30,23,19,21,21,18,19,20,15,17,10,13,14,11,6,11,5,11,5,1,0,0,0,0,0,0,0,0,0,0,0,0,0,0,0,0,0,0,,19853,5685,3609,3435,1443,1443,1000,544,85,0,7951,0
925,1848,30.8,12/24/2024 01:24:18,21.67,5379,0,0,0,6,413,1527,792,332,176,108,124,76,71,67,71,65,66,62,41,50,45,50,41,42,57,32,38,35,30,43,52,40,29,37,44,34,30,33,29,38,35,28,33,32,32,29,17,18,19,30,26,21,14,10,11,15,14,13,10,12,9,11,17,10,6,7,9,6,3,6,7,7,5,8,3,4,2,4,4,1,3,0,2,0,0,0,0,0,0,0,0,0,0,0,0,0,0,0,0,0,0,0,,16050,3406,2146,1850,715,715,420,222,23,0,3946,0
926,1850,30.8,12/24/2024 01:26:33,26.09,5696,0,0,0,0,397,1569,825,310,187,100,109,89,89,82,61,86,52,57,62,57,36,51,57,59,50,44,52,41,53,57,47,43,57,40,52,56,33,48,49,39,54,37,50,36,40,39,36,17,24,21,16,14,9,10,15,8,9,11,8,12,9,10,12,10,7,10,8,10,6,5,7,6,3,4,8,3,5,1,1,0,3,6,0,0,0,0,0,0,0,0,0,0,0,0,0,0,0,0,0,0,0,0,,13404,2990,2097,1985,464,464,360,157,34,0,3465,0
927,1852,30.9,12/24/2024 01:28:47,26.14,5161,0,0,0,0,380,1306,672,305,163,111,93,76,97,73,75,73,72,62,77,58,35,51,49,50,49,44,38,50,36,49,55,52,42,53,40,47,33,41,37,50,57,47,47,39,34,44,40,27,14,19,16,10,15,14,8,7,4,5,7,3,12,11,14,11,8,6,3,1,10,3,3,1,6,1,4,3,5,5,1,1,0,0,1,0,0,0,0,0,0,0,0,0,0,0,0,0,0,0,0,0,0,0,,11591,3026,1936,1940,386,386,314,115,4,0,3145,0
928,1854,30.9,12/24/2024 01:30:32,22.42,5689,0,0,1,2,297,1104,680,240,146,132,117,116,93,66,91,79,60,84,76,59,50,69,80,58,46,53,55,55,50,57,47,56,46,63,49,44,50,56,43,48,52,32,32,43,44,43,36,31,38,29,33,25,28,24,19,16,26,21,42,41,25,32,27,19,26,21,32,22,22,25,19,20,18,28,22,23,22,23,23,18,14,23,12,0,0,0,0,0,0,0,0,0,0,0,0,0,0,0,0,0,0,0,,12128,3974,2765,2471,1338,1338,1204,1026,219,0,7596,0
929,1856,30.9,12/24/2024 01:32:47,26.92,6799,0,0,0,2,455,1714,940,383,209,142,130,108,122,90,101,93,103,79,72,92,65,68,93,66,70,62,65,68,47,66,53,64,63,65,62,68,58,52,55,46,55,40,44,53,39,42,37,27,21,21,18,15,13,18,17,14,19,20,19,10,8,12,13,12,7,12,7,7,10,10,7,6,8,9,4,4,12,2,4,3,6,1,2,0,0,0,0,0,0,0,0,0,0,0,0,0,0,0,0,0,0,0,,14766,3919,2686,2381,635,635,390,241,33,0,4316,0
930,1858,31.0,12/24/2024 01:35:02,27.09,5370,0,0,0,0,346,1354,715,324,161,106,102,94,79,73,76,80,75,75,68,52,50,60,51,66,47,71,51,59,61,45,49,49,59,50,47,49,52,55,64,47,44,34,51,32,26,31,30,20,16,17,14,13,12,15,9,8,15,10,11,5,4,9,10,6,5,4,2,7,3,7,1,4,4,4,6,2,4,5,1,2,2,1,2,0,0,0,0,0,0,0,0,0,0,0,0,0,0,0,0,0,0,0,,11473,3042,2252,2086,428,428,214,129,18,0,3304,0
931,1860,31.0,12/24/2024 01:37:20,26.25,3837,0,0,0,0,260,1073,605,227,104,72,78,66,64,60,46,57,40,36,41,41,29,30,33,32,35,44,36,36,32,25,22,35,32,39,33,38,29,41,32,31,39,26,38,27,11,21,15,19,10,5,4,4,8,8,3,9,7,3,1,3,7,5,3,1,3,1,3,4,0,2,1,1,2,1,4,1,1,0,1,0,1,0,0,0,0,0,0,0,0,0,0,0,0,0,0,0,0,0,0,0,0,0,,9215,2126,1349,1413,217,217,114,50,4,0,2015,0
932,1862,31.0,12/24/2024 01:39:38,25.52,3293,0,0,0,0,242,940,496,179,109,67,72,58,53,53,43,50,45,31,41,22,30,25,28,20,34,21,21,22,27,21,27,23,29,24,28,27,25,28,37,37,22,33,24,23,17,15,16,18,11,11,5,10,4,3,4,2,3,0,5,2,5,3,1,4,1,3,1,1,1,0,3,2,1,0,0,3,0,1,0,0,0,0,0,0,0,0,0,0,0,0,0,0,0,0,0,0,0,0,0,0,0,0,,8248,1951,1082,1203,168,168,90,39,0,0,1669,0
933,1864,31.1,12/24/2024 01:41:22,21.13,5107,1,0,0,4,385,1232,699,271,144,131,125,73,72,51,64,56,58,62,47,46,35,37,45,39,42,43,30,48,37,35,42,35,42,44,40,38,43,41,40,39,36,35,27,35,31,39,24,32,33,25,27,20,18,17,24,15,21,19,19,13,15,13,14,22,14,20,14,11,16,19,9,18,8,10,8,12,11,9,5,8,6,9,10,0,0,0,0,0,0,0,0,0,0,0,0,0,0,0,0,0,0,0,,14160,3261,2049,2082,984,984,790,492,118,0,5452,0
934,1866,31.1,12/24/2024 01:43:33,26.05,7035,0,0,0,0,416,1626,903,386,217,117,155,116,96,90,107,110,93,97,100,74,73,74,49,59,68,62,53,79,72,62,53,57,71,69,70,61,67,62,58,70,70,66,70,72,55,61,62,39,42,33,33,22,39,12,21,21,17,16,21,22,16,22,15,18,15,10,6,11,17,10,7,9,11,5,6,11,10,16,11,5,9,6,3,0,0,0,0,0,0,0,0,0,0,0,0,0,0,0,0,0,0,0,,14664,4265,2702,2718,921,921,564,384,69,0,5578,0
935,1868,31.1,12/24/2024 01:45:49,25.69,4417,0,0,0,0,314,1109,622,238,144,75,80,72,63,66,56,72,49,53,38,33,51,47,49,38,41,47,36,42,35,46,39,32,35,48,42,27,43,42,52,51,34,42,41,32,43,25,36,27,18,17,17,10,15,9,5,9,8,8,9,4,5,6,6,5,4,4,9,3,5,6,4,2,3,4,0,1,2,2,2,1,3,2,2,0,0,0,0,0,0,0,0,0,0,0,0,0,0,0,0,0,0,0,,10051,2464,1833,1732,385,385,222,93,27,0,2845,0
936,1870,31.2,12/24/2024 01:48:01,25.95,6264,0,0,0,0,369,1325,761,308,170,116,135,106,93,92,79,105,105,67,75,67,61,59,87,67,54,58,75,62,58,45,66,66,59,70,59,64,75,62,69,56,64,61,67,61,78,53,53,42,42,37,35,24,26,19,14,23,12,25,15,19,15,14,18,15,12,11,15,11,10,13,10,5,12,12,6,15,12,9,12,5,8,6,3,0,0,0,0,0,0,0,0,0,0,0,0,0,0,0,0,0,0,0,,12270,3796,2667,2736,875,875,555,408,66,0,5514,0
937,1872,31.2,12/24/2024 01:50:18,25.7,3777,0,0,0,0,263,942,520,208,119,67,81,62,55,58,48,48,49,58,45,57,46,31,43,34,32,33,34,24,36,28,40,31,45,34,33,27,41,30,37,33,40,32,33,39,36,31,21,23,18,16,16,7,9,5,11,4,7,4,3,3,6,8,5,2,2,3,3,3,0,1,0,2,2,1,1,0,3,3,1,0,1,0,0,0,0,0,0,0,0,0,0,0,0,0,0,0,0,0,0,0,0,0,,8560,2362,1482,1521,292,292,128,54,4,0,2292,0
938,1874,31.2,12/24/2024 01:52:00,19.42,4701,1,0,1,1,213,832,511,261,154,110,121,98,84,65,70,82,69,68,55,67,62,57,63,51,45,48,55,42,44,50,38,44,40,47,51,56,50,40,45,40,37,43,46,30,32,40,34,18,24,26,27,20,27,17,14,16,26,26,23,14,30,22,17,18,19,21,12,10,13,11,13,20,12,12,15,11,8,12,10,12,16,11,3,2,0,0,0,0,0,0,0,0,0,0,0,0,0,0,0,0,0,0,,11354,4331,2858,2513,1236,1236,958,726,165,0,6833,0
939,1876,31.3,12/24/2024 01:54:13,25.83,6797,0,0,0,0,413,1549,869,357,208,140,150,123,122,111,77,96,90,84,86,76,83,70,52,89,56,76,68,58,56,69,58,63,64,80,43,74,56,65,47,65,53,67,61,48,63,63,60,50,35,28,27,32,20,14,19,14,7,13,21,19,9,21,15,20,19,11,18,15,9,10,10,12,12,4,7,6,13,4,7,6,5,4,2,1,0,0,0,0,0,0,0,0,0,0,0,0,0,0,0,0,0,0,,14270,4251,2846,2586,755,755,608,333,46,0,5083,0
940,1878,31.3,12/24/2024 01:56:29,25.23,3692,0,0,0,1,254,1011,485,161,107,80,82,58,73,54,52,45,35,47,38,38,36,29,43,38,33,31,29,31,34,20,25,18,38,34,32,25,43,29,35,38,33,37,46,41,36,30,27,31,13,13,21,12,9,9,8,7,5,3,0,5,2,6,6,3,2,4,3,1,3,2,0,1,4,0,1,2,1,1,0,2,0,0,0,0,0,0,0,0,0,0,0,0,0,0,0,0,0,0,0,0,0,0,,8644,2212,1383,1387,321,321,127,48,0,0,2204,0
941,1880,31.3,12/24/2024 01:58:41,25.17,4900,0,0,0,0,357,1314,619,303,158,76,103,74,91,78,56,63,58,51,43,70,41,52,27,40,45,50,39,33,33,28,34,42,36,40,36,42,40,41,49,40,50,54,48,48,36,44,42,37,31,32,27,17,9,8,12,12,7,10,5,3,4,3,6,7,1,5,4,5,4,4,3,5,2,3,2,1,1,0,2,2,1,0,1,0,0,0,0,0,0,0,0,0,0,0,0,0,0,0,0,0,0,0,,11641,2892,1677,1788,453,453,183,87,8,0,2972,0
942,1882,31.4,12/24/2024 02:00:58,25.25,3037,0,0,0,0,203,875,494,191,108,54,74,43,36,34,31,32,38,22,26,36,25,28,25,28,26,20,26,24,21,17,17,23,21,18,22,22,17,23,23,16,24,31,23,26,25,24,26,17,11,17,8,11,11,6,3,3,3,5,3,1,0,4,1,1,0,1,1,2,3,0,0,1,1,2,0,1,1,1,0,0,0,0,0,0,0,0,0,0,0,0,0,0,0,0,0,0,0,0,0,0,0,0,,7917,1572,1018,895,214,214,51,28,0,0,1402,0
943,1884,31.4,12/24/2024 02:03:13,24.78,3365,0,0,0,0,258,925,468,201,115,61,54,59,50,47,60,34,37,41,32,31,31,37,22,26,25,23,31,26,23,23,26,21,26,18,19,29,29,22,34,24,23,30,31,32,39,26,26,30,29,14,31,10,6,5,7,4,4,2,3,0,1,1,3,1,3,1,4,1,2,0,0,2,1,1,2,2,0,0,0,0,0,0,0,0,0,0,0,0,0,0,0,0,0,0,0,0,0,0,0,0,0,0,,8402,1921,1182,1094,295,295,69,32,0,0,1784,0
944,1886,31.4,12/24/2024 02:05:28,24.5,3083,0,0,0,1,230,900,445,180,112,76,55,49,37,37,36,40,36,31,22,23,36,34,27,28,21,27,27,26,21,13,18,22,16,10,19,17,20,17,24,10,30,31,25,26,23,27,23,24,28,23,8,13,8,11,7,3,1,3,2,1,4,2,3,2,1,2,1,1,0,2,1,0,3,0,0,1,0,0,0,0,0,0,0,0,0,0,0,0,0,0,0,0,0,0,0,0,0,0,0,0,0,0,,8159,1641,1135,829,249,249,78,20,0,0,1424,0
945,1888,31.5,12/24/2024 02:07:11,20.16,4897,0,0,0,1,358,1282,669,279,141,92,92,77,84,87,58,63,46,55,36,53,42,46,34,37,36,45,39,36,32,34,39,39,28,34,23,49,26,34,29,22,50,30,35,49,25,31,26,36,29,20,18,26,23,15,17,12,13,19,17,10,8,18,17,14,6,15,18,11,9,6,11,13,7,5,8,9,5,4,5,5,11,8,6,0,0,0,0,0,0,0,0,0,0,0,0,0,0,0,0,0,0,0,,14454,3438,2083,1850,883,883,660,412,124,0,4812,0
946,1890,31.5,12/24/2024 02:09:20,25.7,7819,0,0,0,0,490,1720,986,490,198,187,155,153,123,110,122,110,97,99,80,95,80,85,73,79,64,72,75,66,59,65,73,69,70,60,61,74,66,69,80,79,70,76,73,65,66,48,63,50,49,49,41,34,39,29,21,18,18,25,20,21,26,20,24,19,32,13,20,13,16,11,6,12,14,6,17,7,7,11,10,12,6,6,2,0,0,0,0,0,0,0,0,0,0,0,0,0,0,0,0,0,0,0,,16444,4763,3078,3000,1136,1136,778,420,54,0,6525,0
947,1892,31.5,12/24/2024 02:11:32,26.05,6089,0,0,0,2,462,1532,868,338,208,137,141,117,101,96,76,72,62,75,79,68,72,60,61,57,60,39,52,48,53,48,52,44,44,52,45,52,52,40,45,48,41,52,46,42,43,40,32,31,34,28,15,15,18,14,16,6,9,17,10,7,14,11,14,6,11,5,8,1,0,3,4,3,3,6,3,5,2,5,1,2,5,2,1,0,0,0,0,0,0,0,0,0,0,0,0,0,0,0,0,0,0,0,,14157,3681,2311,1977,541,541,296,150,31,0,3536,0
948,1894,31.6,12/24/2024 02:13:49,26.14,4794,0,0,0,0,345,1407,734,265,136,84,84,74,67,79,66,69,61,60,43,57,40,42,45,48,43,38,47,44,33,39,39,32,31,35,36,36,43,39,44,37,34,37,26,29,33,24,19,19,15,18,16,8,7,9,5,8,6,2,6,2,5,3,2,2,2,5,2,1,3,0,3,4,3,1,1,3,2,4,0,1,0,0,2,0,0,0,0,0,0,0,0,0,0,0,0,0,0,0,0,0,0,0,,11687,2678,1752,1553,283,283,107,84,8,0,2318,0
949,1896,31.6,12/24/2024 02:16:07,25.95,3962,0,0,0,0,321,1149,610,232,117,90,87,58,59,48,55,39,39,56,36,32,34,43,38,27,40,33,34,37,29,36,27,35,35,37,27,22,32,29,25,31,32,27,20,22,25,21,18,17,17,11,8,8,10,1,3,6,1,3,3,2,3,2,2,4,0,3,1,3,2,0,0,1,0,2,2,0,1,1,0,0,0,0,0,1,0,0,0,0,0,0,0,0,0,0,0,0,0,0,0,0,0,0,,10042,2092,1457,1279,185,185,77,27,4,0,1757,0
950,1898,31.6,12/24/2024 02:17:53,23.42,5822,0,0,0,2,364,1398,839,337,177,125,125,104,90,90,80,92,66,52,61,66,69,52,62,49,49,54,63,53,37,56,49,57,36,50,53,51,49,50,40,28,49,48,50,33,34,39,26,36,24,19,26,16,20,13,19,16,17,9,17,12,20,11,18,13,17,15,8,13,18,5,12,3,10,11,8,9,10,5,5,4,5,1,3,0,0,0,0,0,0,0,0,0,0,0,0,0,0,0,0,0,0,0,,14377,3822,2532,2186,790,790,640,350,38,0,4795,0
951,1900,31.7,12/24/2024 02:20:02,26.92,8443,0,0,0,1,494,1854,1054,473,239,191,189,151,149,125,127,116,115,87,125,103,110,119,85,78,78,92,84,77,73,89,57,77,74,88,84,72,84,70,75,64,69,75,78,81,58,59,47,40,38,39,43,26,26,25,32,22,18,31,34,25,21,22,31,23,27,24,14,13,16,12,13,15,9,11,16,12,15,7,13,9,14,8,7,2,0,0,0,0,0,0,0,0,0,0,0,0,0,0,0,0,0,0,,16698,5189,3499,3024,1126,1126,802,498,115,0,6690,0
952,1902,31.7,12/24/2024 02:22:18,26.42,5307,0,0,0,3,352,1405,766,284,175,109,131,103,97,86,67,75,66,45,63,59,65,53,44,41,49,38,45,38,37,57,44,63,38,46,37,33,52,33,34,35,41,52,44,44,41,25,35,28,17,23,13,18,6,6,13,10,8,6,7,10,5,8,7,7,5,7,6,3,6,6,5,3,3,4,5,1,5,1,2,0,1,1,1,0,0,0,0,0,0,0,0,0,0,0,0,0,0,0,0,0,0,0,,12207,3244,1934,1726,386,386,246,114,11,0,2869,0
953,1904,31.7,12/24/2024 02:24:36,26.11,3434,0,0,0,0,258,977,546,208,105,77,88,61,49,58,42,40,40,30,31,28,28,32,30,32,32,21,34,24,31,20,27,16,35,26,29,30,28,25,20,18,28,22,26,26,28,20,17,15,11,8,6,1,4,4,6,3,1,4,5,3,2,0,1,2,1,2,1,0,0,0,3,1,2,0,1,1,2,0,0,0,0,1,0,0,0,0,0,0,0,0,0,0,0,0,0,0,0,0,0,0,0,0,,8652,1896,1191,1080,149,149,46,38,4,0,1467,0
954,1906,31.8,12/24/2024 02:26:54,25.97,3362,0,0,0,0,256,958,535,201,105,69,77,49,48,47,39,31,39,37,35,33,34,18,31,24,37,25,32,29,19,28,39,22,30,24,22,23,25,19,31,31,22,22,17,24,21,21,25,21,12,11,10,4,6,2,4,5,3,3,2,3,1,2,2,4,0,2,2,1,3,0,2,1,1,0,0,0,0,1,0,0,0,0,0,0,0,0,0,0,0,0,0,0,0,0,0,0,0,0,0,0,0,0,,8475,1806,1217,1109,166,166,73,19,0,0,1533,0
955,1908,31.8,12/24/2024 02:29:10,25.7,3982,0,0,0,1,290,1111,564,247,144,86,76,83,67,57,45,45,44,40,32,39,25,35,34,35,32,29,35,33,26,37,32,24,39,30,36,34,26,29,20,34,27,27,32,28,41,38,31,32,23,18,7,11,8,8,4,4,2,3,3,3,3,2,3,3,3,2,6,2,3,1,0,2,1,3,1,1,0,0,0,0,0,0,0,0,0,0,0,0,0,0,0,0,0,0,0,0,0,0,0,0,0,0,,9802,2152,1374,1288,218,218,109,31,0,0,1864,0
956,1910,31.8,12/24/2024 02:31:27,25.13,3514,0,0,0,0,278,903,503,213,108,78,77,62,62,41,42,54,44,42,39,25,43,41,33,26,26,19,21,29,13,24,27,29,26,31,34,29,31,17,24,31,29,32,32,37,40,32,33,28,19,10,12,8,10,7,3,4,1,4,4,4,4,2,6,3,3,5,2,3,2,2,2,2,0,0,1,0,0,1,0,1,0,1,0,0,0,0,0,0,0,0,0,0,0,0,0,0,0,0,0,0,0,0,,8595,2113,1202,1226,243,243,135,28,4,0,1878,0
957,1912,31.9,12/24/2024 02:33:43,25.19,3495,0,0,0,0,234,987,463,206,126,71,73,73,63,52,43,42,49,43,35,33,37,33,28,29,33,24,22,26,26,29,24,26,30,35,26,30,30,22,26,27,34,35,32,27,26,22,25,21,16,15,12,14,6,4,8,2,1,6,4,0,1,2,3,5,1,5,1,2,1,1,1,0,1,0,1,1,1,0,1,1,0,0,0,0,0,0,0,0,0,0,0,0,0,0,0,0,0,0,0,0,0,0,,8575,2156,1235,1231,230,230,91,28,0,0,1810,0
958,1914,31.9,12/24/2024 02:36:00,25.11,3133,0,0,0,0,188,816,472,179,98,72,55,59,39,39,45,39,34,44,37,27,32,26,27,34,21,30,16,21,22,29,21,23,24,26,27,18,26,26,25,24,33,26,26,36,30,25,32,25,29,24,25,18,10,8,5,2,4,9,2,2,3,3,1,2,1,1,1,2,1,1,2,1,0,0,0,0,0,0,0,1,0,1,0,0,0,0,0,0,0,0,0,0,0,0,0,0,0,0,0,0,0,0,,7487,1792,1111,1087,350,350,72,16,4,0,1880,0
959,1916,31.9,12/24/2024 02:38:15,25.03,4173,0,0,0,1,309,1050,589,222,155,87,97,66,63,61,50,56,35,57,43,37,49,45,43,39,33,38,32,29,34,36,33,35,35,22,35,36,37,22,33,32,40,47,44,33,38,31,38,34,27,20,13,19,17,11,8,11,2,8,3,8,3,2,3,4,1,5,3,1,2,1,1,1,0,4,2,4,1,0,3,2,0,0,2,0,0,0,0,0,0,0,0,0,0,0,0,0,0,0,0,0,0,0,,10028,2453,1642,1438,412,412,104,72,8,0,2445,0
960,1918,32.0,12/24/2024 02:40:31,24.97,3131,0,0,0,0,254,834,466,202,94,60,67,54,41,60,41,38,42,34,27,25,22,30,22,33,21,29,24,18,22,24,23,24,18,25,26,15,19,23,15,35,23,28,33,26,19,26,31,25,20,14,10,9,10,3,7,3,3,6,1,4,2,2,1,3,2,3,1,0,0,1,2,1,0,1,1,2,1,0,0,0,0,0,0,0,0,0,0,0,0,0,0,0,0,0,0,0,0,0,0,0,0,0,,7918,1806,1073,985,232,232,68,32,0,0,1550,0
961,1920,32.0,12/24/2024 02:42:46,24.89,3610,0,0,0,1,240,883,509,210,140,68,70,50,50,53,50,36,51,45,43,35,38,40,39,44,33,25,39,33,20,30,34,43,27,29,24,43,28,30,40,25,37,25,26,31,34,34,36,28,23,21,12,16,9,15,6,4,3,5,2,3,8,4,2,5,3,2,2,1,4,2,0,0,1,1,2,1,2,1,0,0,1,0,0,0,0,0,0,0,0,0,0,0,0,0,0,0,0,0,0,0,0,0,,8521,2093,1507,1446,333,333,133,36,4,0,2286,0
962,1922,32.0,12/24/2024 02:44:32,22.36,5047,0,0,1,2,369,1368,668,278,155,99,107,94,79,74,54,62,58,50,48,62,43,33,45,52,34,41,48,28,37,32,32,47,35,48,25,36,34,41,39,37,28,35,34,45,38,31,32,30,21,20,29,25,23,13,14,9,12,17,14,10,14,12,12,12,13,5,8,7,7,10,8,9,5,5,7,6,9,11,9,1,1,1,0,0,0,0,0,0,0,0,0,0,0,0,0,0,0,0,0,0,0,0,,13627,3269,1901,1798,805,805,483,318,9,0,4217,0
963,1924,32.1,12/24/2024 02:46:39,26.36,8408,0,0,0,1,474,1842,993,401,258,178,180,136,122,144,103,134,127,92,95,79,76,98,90,86,92,89,101,84,73,70,76,65,86,94,91,78,83,79,75,79,70,74,67,74,80,65,51,63,58,38,44,35,42,31,30,29,28,29,41,22,17,29,34,32,26,22,27,27,25,18,14,16,24,13,8,15,18,14,7,10,4,8,5,0,0,0,0,0,0,0,0,0,0,0,0,0,0,0,0,0,0,0,,16415,4886,3547,3323,1320,1320,1028,542,64,0,7599,0
964,1926,32.1,12/24/2024 02:48:54,26.28,5852,0,0,0,0,403,1486,831,315,158,102,110,99,107,99,93,76,85,51,70,68,74,66,64,51,62,57,51,40,55,42,48,49,55,47,44,52,43,38,59,46,45,41,54,51,45,43,33,28,40,23,16,20,13,12,9,9,14,14,10,9,12,12,16,9,8,4,7,4,9,4,3,5,1,4,6,4,5,3,3,0,6,2,0,0,0,0,0,0,0,0,0,0,0,0,0,0,0,0,0,0,0,0,,12957,3546,2321,2002,525,525,335,152,30,0,3569,0
965,1928,32.1,12/24/2024 02:51:12,25.86,3610,0,0,0,0,273,929,539,207,113,75,75,58,48,62,47,51,40,29,35,37,25,42,36,32,38,32,38,36,49,21,31,35,26,34,22,38,30,28,36,30,33,34,34,27,17,23,20,18,20,14,11,6,10,9,5,4,4,6,3,5,6,4,2,4,2,1,1,2,0,1,1,0,2,0,0,2,1,0,1,0,0,0,0,0,0,0,0,0,0,0,0,0,0,0,0,0,0,0,0,0,0,0,,8550,1961,1469,1326,267,267,93,27,0,0,1980,0
966,1930,32.2,12/24/2024 02:53:31,26.26,3609,0,0,0,0,231,965,511,213,123,64,79,63,66,57,50,51,44,53,58,39,44,39,28,32,34,39,34,27,31,27,28,28,35,25,32,21,33,31,21,28,39,29,31,38,22,19,18,22,12,5,13,9,6,7,4,2,3,9,4,3,3,3,4,3,2,1,5,1,2,0,1,1,1,1,0,0,0,0,0,0,1,0,1,0,0,0,0,0,0,0,0,0,0,0,0,0,0,0,0,0,0,0,,8324,2300,1382,1222,240,240,95,19,8,0,1824,0
967,1932,32.2,12/24/2024 02:55:49,26.3,3979,0,0,0,2,251,1044,564,212,123,55,75,70,63,64,41,65,38,48,48,45,38,50,54,37,40,36,41,32,43,42,36,38,36,50,46,34,42,45,43,28,37,35,35,23,32,19,18,17,19,9,9,12,5,7,10,3,5,4,4,5,8,8,9,4,2,2,1,3,2,1,2,2,0,0,2,1,2,0,0,3,0,0,0,0,0,0,0,0,0,0,0,0,0,0,0,0,0,0,0,0,0,0,,8844,2262,1707,1654,274,274,160,46,0,0,2407,0
968,1934,32.2,12/24/2024 02:57:35,22.39,6039,0,0,0,2,319,1209,720,318,176,160,128,139,114,81,85,88,74,80,72,69,81,53,61,55,66,71,61,59,64,56,54,56,50,63,45,54,50,52,44,54,50,60,46,50,44,28,36,41,32,25,25,25,30,21,26,30,26,37,22,32,27,26,30,25,18,13,11,15,17,16,16,16,16,15,15,15,18,14,9,9,13,5,8,3,0,0,0,0,0,0,0,0,0,0,0,0,0,0,0,0,0,0,,13542,4515,3042,2555,1344,1344,956,697,130,0,7025,0
969,1936,32.3,12/24/2024 02:59:50,27.45,6318,0,0,0,1,404,1459,807,361,203,116,139,95,117,89,98,94,104,73,79,66,75,71,71,68,64,77,76,73,59,84,65,66,81,65,54,48,67,64,58,52,53,44,44,43,29,39,32,33,27,20,16,21,16,13,15,13,18,10,17,10,8,9,20,14,11,7,8,9,7,5,4,15,3,8,4,5,7,2,3,3,2,4,4,0,0,0,0,0,0,0,0,0,0,0,0,0,0,0,0,0,0,0,,12714,3749,2852,2452,572,572,372,204,36,0,4208,0
970,1938,32.3,12/24/2024 03:02:06,27.17,5528,0,0,0,1,379,1320,739,296,177,116,125,102,100,92,82,92,67,71,71,60,59,58,55,62,55,64,56,50,56,57,49,61,45,59,51,48,58,48,56,47,54,39,37,50,26,20,27,25,17,16,15,14,13,15,15,9,11,5,11,6,10,10,11,5,12,8,7,10,4,5,10,2,5,4,4,2,1,4,2,2,1,0,0,0,0,0,0,0,0,0,0,0,0,0,0,0,0,0,0,0,0,0,,11605,3390,2286,2120,456,456,339,136,4,0,3511,0
971,1940,32.3,12/24/2024 03:04:26,26.64,3669,0,0,0,0,272,997,559,208,114,72,67,53,57,57,48,46,50,44,45,43,36,26,35,35,39,37,28,28,40,33,34,30,32,31,38,26,34,27,29,35,34,28,26,32,18,15,21,8,16,12,9,5,8,6,7,5,5,1,3,2,3,2,1,0,0,1,4,2,0,2,3,1,2,0,0,0,0,1,0,0,0,0,1,0,0,0,0,0,0,0,0,0,0,0,0,0,0,0,0,0,0,0,,8592,2050,1393,1314,203,203,68,26,4,0,1817,0
972,1942,32.4,12/24/2024 03:06:10,21.13,5360,0,0,0,2,374,1378,732,314,144,105,124,93,79,78,59,67,71,65,61,57,54,45,54,57,55,44,41,56,37,43,56,44,38,50,30,43,36,41,37,28,34,40,29,24,34,25,23,17,19,19,13,21,17,15,26,21,18,24,24,14,16,13,8,8,14,12,10,18,14,6,6,16,9,10,5,11,8,2,5,4,6,5,3,2,0,0,0,0,0,0,0,0,0,0,0,0,0,0,0,0,0,0,,15017,3824,2565,2068,989,989,592,388,76,0,5102,0
973,1944,32.4,12/24/2024 03:08:26,27.17,6266,0,0,0,0,396,1481,851,340,180,135,126,111,95,98,83,98,88,75,76,70,67,68,69,72,71,75,62,61,80,73,66,61,53,64,64,46,64,42,54,67,46,41,54,53,25,36,27,22,27,22,21,15,14,17,10,16,17,14,21,16,20,14,14,12,6,14,7,7,10,4,5,6,4,4,9,8,9,3,3,2,5,2,2,0,0,0,0,0,0,0,0,0,0,0,0,0,0,0,0,0,0,0,,12915,3633,2812,2308,666,666,416,213,33,0,4303,0
974,1946,32.4,12/24/2024 03:10:13,23.73,6591,1,0,3,3,401,1670,898,336,194,144,139,111,102,106,100,83,92,71,77,88,74,76,69,59,60,53,47,44,75,53,50,67,59,40,46,61,44,60,49,51,33,30,36,34,41,28,26,26,33,26,25,30,20,17,33,23,15,20,27,15,24,29,18,10,15,14,14,12,9,13,10,15,11,17,11,11,14,12,5,11,5,7,10,0,0,0,0,0,0,0,0,0,0,0,0,0,0,0,0,0,0,0,,15967,4395,2781,2360,1049,1049,708,514,93,0,5773,0
975,2555,42.6,12/24/2024 10:21:14,25.5,3508,0,0,0,3,214,899,595,203,130,106,114,102,102,87,98,74,67,63,66,62,40,45,37,28,33,35,18,27,33,27,20,17,10,12,8,11,10,7,7,1,8,6,4,2,5,6,7,5,2,7,4,7,0,6,3,1,3,1,1,3,2,1,4,2,0,0,0,0,0,1,2,0,0,1,0,0,2,0,0,0,1,0,0,0,0,0,0,0,0,0,0,0,0,0,0,0,0,0,0,0,0,0,,8878,3431,1345,435,122,122,47,24,4,0,753,0
976,2557,42.6,12/24/2024 10:23:44,30.23,772,0,0,0,0,83,354,162,56,29,15,11,8,8,6,2,3,1,0,1,1,2,2,3,3,5,3,2,2,2,1,0,0,3,1,0,1,0,0,0,1,0,0,1,0,0,0,0,0,0,0,0,0,0,0,0,0,0,0,0,0,0,0,0,0,0,0,0,0,0,0,0,0,0,0,0,0,0,0,0,0,0,0,0,0,0,0,0,0,0,0,0,0,0,0,0,0,0,0,0,0,0,0,,2349,142,83,20,0,0,0,0,0,0,20,0
977,2559,42.7,12/24/2024 10:25:32,24.81,1380,0,0,0,0,95,428,252,77,50,32,32,30,20,17,22,15,23,17,19,25,16,17,12,9,19,9,21,12,22,9,12,16,8,4,7,6,3,5,1,2,2,0,0,1,0,2,1,0,2,2,0,0,0,1,1,0,1,0,0,1,1,1,0,0,0,0,0,0,0,0,0,0,0,0,0,0,0,0,0,0,0,0,0,0,0,0,0,0,0,0,0,0,0,0,0,0,0,0,0,0,0,0,,3894,951,637,266,20,20,8,0,0,0,314,0
978,2561,42.7,12/24/2024 10:27:51,28.8,1774,0,0,0,0,149,617,348,112,60,37,27,28,21,16,19,15,29,11,14,19,19,12,7,13,12,9,11,22,7,15,7,16,9,8,17,5,8,5,8,6,2,7,4,7,3,1,1,2,0,0,2,0,2,0,0,0,0,1,0,2,1,0,0,0,0,0,0,0,0,0,0,1,0,0,0,0,0,0,0,0,0,0,0,0,0,0,0,0,0,0,0,0,0,0,0,0,0,0,0,0,0,0,,4688,757,465,316,28,28,3,3,0,0,378,0
979,2563,42.7,12/24/2024 10:30:13,27.88,1407,0,0,0,0,106,531,266,109,44,22,31,13,15,6,11,11,8,10,9,8,9,10,8,7,6,8,8,9,13,11,4,5,10,6,4,12,6,9,7,12,6,8,3,4,6,4,4,2,0,2,2,0,0,0,0,0,1,0,0,0,0,0,0,0,0,0,0,0,0,1,0,0,0,0,0,0,0,0,0,0,0,0,0,0,0,0,0,0,0,0,0,0,0,0,0,0,0,0,0,0,0,0,,3978,470,334,291,11,11,4,0,0,0,316,0
980,2565,42.8,12/24/2024 10:32:33,25.84,1606,0,0,0,1,121,565,331,122,57,39,25,27,24,18,10,17,13,13,14,9,11,8,8,10,6,6,5,6,13,8,5,7,8,5,6,8,7,8,6,5,12,3,4,7,2,6,3,3,6,1,1,0,0,0,1,2,0,0,0,0,0,0,0,1,0,1,0,0,0,0,0,0,0,0,0,0,0,0,0,0,1,0,0,0,0,0,0,0,0,0,0,0,0,0,0,0,0,0,0,0,0,0,,4880,700,333,298,15,15,8,4,4,0,344,0
981,2567,42.8,12/24/2024 10:34:18,22.3,2249,0,0,0,1,137,574,353,143,85,61,46,29,36,36,35,30,28,34,28,18,23,27,23,15,20,24,19,18,22,22,23,15,21,25,20,16,17,23,17,15,17,17,15,14,9,11,8,9,5,9,3,3,7,5,5,2,8,1,2,5,2,1,2,1,1,0,1,1,0,1,1,1,0,0,0,1,1,0,0,1,0,0,0,0,0,0,0,0,0,0,0,0,0,0,0,0,0,0,0,0,0,0,,6278,1538,1058,937,193,193,49,22,0,0,1395,0
982,2569,42.8,12/24/2024 10:36:30,26.39,3416,0,0,0,0,161,794,509,218,124,74,71,68,67,36,49,60,45,45,34,42,45,42,32,37,36,33,33,34,30,23,36,42,35,23,31,36,35,31,36,39,23,28,38,25,29,30,17,18,18,10,13,8,6,7,2,4,2,2,3,3,4,7,6,4,3,4,4,1,1,2,0,1,0,1,1,2,1,1,1,0,0,0,0,0,0,0,0,0,0,0,0,0,0,0,0,0,0,0,0,0,0,0,,7393,2130,1444,1391,205,205,136,30,0,0,1967,0
983,2571,42.9,12/24/2024 10:38:45,25.45,2457,0,0,0,0,160,661,415,157,86,47,54,34,28,35,31,48,29,30,22,26,17,19,19,23,19,18,16,20,25,26,24,12,25,18,15,22,24,23,16,21,18,16,19,18,19,15,15,16,6,6,9,8,1,6,1,0,2,0,1,2,1,2,2,1,1,1,0,0,0,0,0,0,0,2,2,0,0,0,2,0,0,0,0,0,0,0,0,0,0,0,0,0,0,0,0,0,0,0,0,0,0,0,,6208,1391,888,857,122,122,31,24,0,0,1155,0
984,2573,42.9,12/24/2024 10:40:30,21.53,2661,0,0,0,0,150,723,436,171,71,51,59,49,50,48,39,38,42,36,21,34,41,29,36,31,20,17,30,20,12,32,16,24,14,16,18,10,14,19,18,24,25,20,16,11,14,13,12,10,7,6,6,4,8,5,4,3,5,3,3,1,1,2,4,3,1,3,3,1,1,1,1,1,1,1,0,0,1,0,0,1,0,0,0,0,0,0,0,0,0,0,0,0,0,0,0,0,0,0,0,0,0,0,,7715,2123,1319,920,200,200,98,28,0,0,1444,0
985,2575,42.9,12/24/2024 10:42:41,25.97,3735,0,0,0,1,190,893,571,256,121,84,93,68,61,75,52,55,46,50,50,47,49,48,37,45,37,34,36,35,39,36,27,27,31,32,32,30,24,33,32,29,31,30,29,20,23,26,17,17,18,8,12,12,7,8,7,5,7,8,6,7,4,2,2,4,1,2,3,1,0,3,2,2,0,1,0,0,1,1,1,0,0,1,0,0,0,0,0,0,0,0,0,0,0,0,0,0,0,0,0,0,0,0,,8506,2487,1629,1263,320,320,92,31,4,0,2029,0
986,2577,43.0,12/24/2024 10:44:58,25.06,2590,0,0,0,0,171,617,392,175,92,60,53,50,41,42,32,26,38,38,29,32,31,26,23,34,26,20,19,22,30,27,26,26,21,18,21,19,18,14,21,23,20,18,20,22,16,15,21,15,18,11,9,14,4,5,1,2,2,3,1,2,0,6,2,0,3,0,0,1,0,0,0,1,0,1,1,1,0,1,0,1,0,0,0,0,0,0,0,0,0,0,0,0,0,0,0,0,0,0,0,0,0,0,,6225,1644,1133,906,172,172,48,24,0,0,1321,0
987,2579,43.0,12/24/2024 10:46:42,20.8,3690,0,0,0,0,197,799,455,195,102,83,79,79,59,58,56,59,53,41,46,51,39,43,39,42,37,36,37,30,37,44,34,28,26,30,34,38,37,31,34,41,32,26,39,30,36,31,40,22,23,21,16,13,15,15,8,4,8,9,11,12,14,8,14,7,18,16,6,9,3,5,10,3,7,6,4,1,4,4,3,1,2,4,1,0,0,0,0,0,0,0,0,0,0,0,0,0,0,0,0,0,0,0,,9183,2981,2010,1755,601,601,529,216,34,0,3736,0
988,2581,43.0,12/24/2024 10:48:52,25.53,4137,0,0,0,0,219,955,506,243,150,70,88,68,87,79,70,62,51,55,73,58,68,48,43,46,46,56,43,38,36,37,35,43,42,42,37,33,31,27,40,31,35,42,30,35,35,45,22,29,21,14,19,18,18,21,9,11,11,4,4,10,4,6,1,3,2,5,5,2,2,5,3,0,2,0,3,2,2,0,0,1,0,0,0,0,0,0,0,0,0,0,0,0,0,0,0,0,0,0,0,0,0,0,,8739,2973,1943,1551,505,505,149,51,0,0,2761,0
989,2583,43.1,12/24/2024 10:51:08,24.63,2538,0,0,0,0,145,611,361,172,98,51,61,45,42,34,45,37,33,23,31,31,42,21,33,25,31,20,20,17,20,25,23,19,17,24,26,16,20,27,13,28,21,18,21,27,21,20,25,14,12,13,15,7,6,4,3,5,1,1,2,1,4,2,2,0,0,1,0,3,0,0,0,0,0,0,1,0,0,0,1,0,0,0,0,0,0,0,0,0,0,0,0,0,0,0,0,0,0,0,0,0,0,0,,6086,1721,1125,950,199,199,49,8,0,0,1405,0
990,2585,43.1,12/24/2024 10:53:23,24.17,2113,0,0,0,1,129,528,349,150,78,44,46,33,30,32,31,22,28,34,22,24,23,14,22,27,20,16,15,16,14,11,18,12,17,6,14,14,16,11,16,12,10,14,16,17,24,13,27,10,15,16,13,10,7,5,5,1,2,0,1,2,3,1,1,0,1,0,1,1,1,0,0,0,0,0,0,0,0,0,1,0,0,0,0,0,0,0,0,0,0,0,0,0,0,0,0,0,0,0,0,0,0,0,,5482,1345,811,604,203,203,37,4,0,0,1051,0
991,2587,43.1,12/24/2024 10:55:37,23.64,2112,0,0,0,0,142,515,288,130,76,48,63,42,31,25,41,20,28,24,22,20,24,18,24,18,13,18,14,15,17,15,13,15,15,22,11,15,12,13,17,14,16,15,12,19,19,17,18,20,23,18,27,23,8,6,8,7,2,1,1,1,2,1,1,0,2,0,1,2,1,1,0,0,0,0,1,1,0,0,0,0,0,0,0,0,0,0,0,0,0,0,0,0,0,0,0,0,0,0,0,0,0,0,,5338,1438,799,690,364,364,47,8,0,0,1472,0
992,2589,43.2,12/24/2024 10:57:19,18.5,2447,0,0,0,0,144,633,361,131,87,54,58,38,38,32,35,25,38,33,22,30,34,26,35,22,20,22,16,22,17,22,13,24,17,12,18,13,15,18,7,21,18,18,10,19,16,12,17,20,21,17,11,16,17,9,3,4,6,6,9,5,5,2,2,3,2,2,5,0,2,5,1,1,2,1,0,0,0,0,3,3,0,0,1,0,0,0,0,0,0,0,0,0,0,0,0,0,0,0,0,0,0,0,,7935,2070,1346,951,492,492,157,59,5,0,2157,0
993,2591,43.2,12/24/2024 10:59:28,24.22,3947,0,0,0,0,215,790,447,228,134,95,85,81,61,71,71,56,50,58,59,58,59,55,44,35,43,47,38,52,35,31,42,33,23,31,33,33,35,40,32,41,28,29,37,48,38,35,49,46,37,34,34,24,21,15,12,12,14,6,8,11,4,4,9,6,5,6,8,3,2,2,0,4,1,2,2,1,2,1,3,1,1,0,1,0,0,0,0,0,0,0,0,0,0,0,0,0,0,0,0,0,0,0,,8233,2927,1986,1532,665,665,202,74,8,0,3146,0
994,2593,43.2,12/24/2024 11:01:40,24.13,3609,0,0,0,0,209,785,407,219,127,77,76,78,79,66,73,50,42,44,47,52,44,36,25,35,34,40,30,27,24,36,28,30,35,33,28,34,24,30,23,23,30,27,41,54,35,56,28,33,46,34,31,21,22,21,14,7,8,8,2,5,6,2,4,4,3,2,3,1,2,0,3,0,1,3,1,1,0,0,0,0,0,0,0,0,0,0,0,0,0,0,0,0,0,0,0,0,0,0,0,0,0,0,,7874,2698,1488,1318,601,601,124,37,0,0,2681,0
995,2595,43.3,12/24/2024 11:03:54,22.91,2387,0,0,0,0,105,541,312,154,96,58,59,44,43,34,37,35,35,34,23,24,24,36,18,28,23,24,20,24,22,25,13,20,18,18,20,14,17,19,22,20,31,21,23,19,27,18,27,24,24,21,20,15,12,12,3,4,5,4,4,0,2,2,4,1,0,0,3,0,0,0,0,1,0,1,0,0,0,0,0,0,0,0,0,0,0,0,0,0,0,0,0,0,0,0,0,0,0,0,0,0,0,0,,5784,1711,1122,925,354,354,52,9,0,0,1694,0
996,2597,43.3,12/24/2024 11:05:40,22.92,4159,0,0,0,0,210,919,509,230,130,83,93,84,71,63,60,60,58,52,59,57,41,51,42,36,40,48,35,41,26,41,31,40,27,19,39,34,43,22,35,40,39,37,38,39,29,36,28,30,34,22,29,19,28,23,18,13,18,13,16,15,19,14,14,13,8,7,6,4,8,7,9,9,3,6,4,4,6,4,6,3,6,5,1,0,0,0,0,0,0,0,0,0,0,0,0,0,0,0,0,0,0,0,,9485,3045,1885,1610,921,921,476,262,52,0,4241,0
997,2599,43.3,12/24/2024 11:07:46,24.34,5712,0,0,0,1,318,1189,670,305,192,107,135,111,92,112,84,94,82,87,77,64,73,69,61,55,59,43,48,50,46,62,53,55,47,46,55,42,41,48,54,59,53,49,51,50,62,54,45,57,45,61,55,32,20,28,30,14,22,11,16,17,16,14,11,9,12,6,10,8,7,7,9,2,3,6,10,8,4,6,2,2,0,1,1,0,0,0,0,0,0,0,0,0,0,0,0,0,0,0,0,0,0,0,,11984,4154,2543,2272,1072,1072,448,214,8,0,5086,0
998,2601,43.4,12/24/2024 11:09:58,23.72,4188,0,0,0,0,179,789,465,245,140,104,84,84,74,63,53,58,61,59,58,63,60,59,38,42,51,51,38,51,41,40,37,47,35,34,41,44,34,41,39,39,42,41,48,42,36,38,59,38,43,46,43,36,24,27,15,18,14,10,16,8,15,10,4,5,5,10,8,2,4,6,7,1,3,3,5,3,4,1,1,1,2,2,1,0,0,0,0,0,0,0,0,0,0,0,0,0,0,0,0,0,0,0,,8457,3023,2142,1825,953,953,320,131,21,0,4203,0
999,2603,43.4,12/24/2024 11:12:12,23.55,2960,0,0,0,0,168,632,404,173,104,78,66,60,69,42,42,49,42,37,43,41,35,52,19,23,34,37,23,22,26,26,27,19,22,24,22,19,26,28,23,25,24,23,20,25,23,26,26,25,23,25,25,22,13,13,14,9,6,7,6,2,3,5,3,1,1,1,1,0,1,2,1,1,0,0,0,0,0,0,0,1,0,0,0,0,0,0,0,0,0,0,0,0,0,0,0,0,0,0,0,0,0,0,,6900,2234,1376,1100,510,510,81,13,0,0,2212,0
1000,2605,43.4,12/24/2024 11:14:24,23.17,3265,0,0,0,0,203,732,369,187,112,79,74,74,59,53,43,41,39,40,39,35,40,31,29,41,29,38,28,28,28,33,23,26,20,29,21,31,27,21,24,28,27,33,27,38,33,40,33,34,38,35,21,32,23,20,12,10,9,6,2,8,6,1,1,2,6,1,2,2,1,1,1,1,0,1,0,1,0,0,3,0,0,0,0,0,0,0,0,0,0,0,0,0,0,0,0,0,0,0,0,0,0,0,,7579,2318,1502,1196,643,643,104,30,0,0,2615,0
1001,2607,43.5,12/24/2024 11:16:29,23.42,5159,0,0,0,0,265,1039,572,253,183,113,106,99,120,93,79,86,63,60,65,62,65,62,56,59,70,55,47,56,55,32,42,31,42,41,37,36,45,44,45,39,58,42,50,46,46,42,62,53,47,58,52,45,38,31,34,28,16,19,16,17,11,16,18,7,8,11,6,13,11,3,5,3,7,3,5,0,5,4,4,2,0,0,0,0,0,0,0,0,0,0,0,0,0,0,0,0,0,0,0,0,0,0,,10807,3834,2558,1964,1311,1311,465,162,0,0,5213,0
1002,2609,43.5,12/24/2024 11:18:41,23.3,3335,0,0,0,0,152,669,397,192,130,67,95,69,66,62,55,55,47,32,43,47,44,39,37,35,30,34,22,33,35,23,34,27,24,32,38,27,20,36,28,24,24,33,27,30,43,40,44,34,34,29,31,28,23,17,13,6,11,10,1,9,3,10,6,3,4,2,0,0,1,3,1,1,3,3,1,1,2,2,0,2,0,0,0,0,0,0,0,0,0,0,0,0,0,0,0,0,0,0,0,0,0,0,,7305,2639,1571,1348,652,652,142,69,0,0,2863,0
1003,2611,43.5,12/24/2024 11:20:50,22.77,3789,0,0,0,0,236,813,420,177,134,97,79,65,66,51,61,44,44,51,42,35,35,46,50,38,33,32,35,33,34,39,32,30,29,34,28,21,26,24,41,48,35,35,38,33,37,35,53,41,45,44,25,37,31,24,28,23,21,8,10,11,7,8,5,4,4,7,4,7,4,4,4,0,5,0,2,2,2,1,1,0,1,0,0,0,0,0,0,0,0,0,0,0,0,0,0,0,0,0,0,0,0,0,,8590,2516,1787,1528,988,988,255,79,4,0,3843,0
1004,2613,43.6,12/24/2024 11:22:32,18.45,3116,0,0,0,2,224,772,357,166,109,74,58,54,53,64,48,40,23,41,36,31,27,33,25,32,22,24,16,24,28,18,15,25,20,14,20,23,13,26,26,23,17,22,25,19,29,26,27,20,25,34,27,31,15,12,24,11,9,9,8,14,11,9,6,9,9,7,3,7,7,3,2,5,4,6,3,4,2,4,2,1,0,0,2,0,0,0,0,0,0,0,0,0,0,0,0,0,0,0,0,0,0,0,,9550,2575,1431,1203,927,927,396,179,11,0,3642,0
1005,2615,43.6,12/24/2024 11:24:39,22.97,4536,0,0,0,0,271,945,490,224,153,120,102,69,76,74,68,68,58,61,68,49,42,51,43,55,44,51,44,39,38,37,36,42,41,35,35,29,45,50,51,39,49,40,45,32,46,44,43,49,49,54,51,38,36,35,28,19,16,15,4,12,6,7,8,9,8,6,6,6,6,3,1,3,3,2,5,1,4,0,2,0,2,0,0,0,0,0,0,0,0,0,0,0,0,0,0,0,0,0,0,0,0,0,,10035,3200,2090,1968,1132,1132,287,100,9,0,4628,0
1006,2617,43.6,12/24/2024 11:26:22,19.2,3216,0,0,0,0,186,733,372,182,131,74,71,48,60,48,51,37,40,38,50,28,29,25,35,38,31,31,26,29,25,18,25,16,18,22,31,26,21,19,16,19,26,24,24,22,32,22,32,29,28,23,34,26,37,19,16,11,12,14,10,7,12,8,10,7,5,5,10,7,6,7,6,5,3,4,5,3,4,2,5,1,1,1,2,0,0,0,0,0,0,0,0,0,0,0,0,0,0,0,0,0,0,0,,9109,2604,1625,1245,1031,1031,432,203,21,0,3964,0
1007,2619,43.7,12/24/2024 11:28:29,23.48,5360,0,0,0,1,325,1264,600,298,179,112,118,88,87,82,81,81,87,69,61,50,61,60,53,55,54,52,59,39,50,42,35,43,39,33,48,47,41,35,49,45,47,38,38,49,57,55,42,55,45,43,49,42,35,28,26,24,19,15,12,9,4,12,12,11,6,2,12,5,9,7,2,1,2,3,6,2,2,4,3,2,2,0,0,0,0,0,0,0,0,0,0,0,0,0,0,0,0,0,0,0,0,0,,12338,3684,2385,1968,1120,1120,349,124,9,0,4689,0
1008,2621,43.7,12/24/2024 11:30:41,22.92,3280,0,0,0,0,234,824,419,201,113,86,77,57,67,53,37,42,34,35,39,36,33,28,21,25,27,22,33,29,21,23,18,22,25,19,26,25,24,19,23,21,15,22,18,30,33,34,27,26,32,35,32,27,22,16,11,13,9,3,1,4,4,4,4,2,4,2,0,2,0,1,2,1,1,1,1,1,1,0,0,1,0,0,0,0,0,0,0,0,0,0,0,0,0,0,0,0,0,0,0,0,0,0,,8525,2225,1222,1034,620,620,109,39,0,0,2421,0
1009,2623,43.7,12/24/2024 11:32:52,22.38,2534,0,0,0,0,178,603,326,155,86,68,54,37,46,49,43,28,31,23,21,24,25,31,21,21,20,21,22,20,24,21,17,18,25,10,13,16,15,15,18,15,16,16,24,17,19,21,26,31,26,27,19,25,23,16,14,13,10,6,2,3,2,0,1,2,3,2,1,1,1,1,0,1,0,1,0,1,0,1,2,0,0,0,0,0,0,0,0,0,0,0,0,0,0,0,0,0,0,0,0,0,0,0,,6568,1702,1086,795,594,594,63,27,0,0,2073,0
1010,2625,43.8,12/24/2024 11:34:30,16.02,516,0,0,0,2,48,209,125,38,30,12,10,6,3,2,7,3,1,1,1,2,2,0,1,0,1,1,0,1,0,0,0,0,0,0,1,1,0,1,2,0,0,2,0,1,0,0,0,0,1,0,0,0,1,0,0,0,0,0,0,0,0,0,0,0,0,0,0,0,0,0,0,0,0,0,0,0,0,0,0,0,0,0,0,0,0,0,0,0,0,0,0,0,0,0,0,0,0,0,0,0,0,0,,2959,237,37,31,6,6,0,0,0,0,44,0
1011,2627,43.8,12/24/2024 11:36:38,21.77,1582,0,0,0,0,111,436,245,103,62,50,32,22,28,20,20,14,15,18,18,18,16,13,6,11,12,13,12,14,7,5,9,10,4,9,13,10,11,4,9,5,5,8,8,5,6,6,6,12,16,15,16,13,11,13,7,7,8,1,5,1,0,0,2,1,0,1,0,2,0,0,1,0,0,0,0,1,0,0,0,0,0,0,0,0,0,0,0,0,0,0,0,0,0,0,0,0,0,0,0,0,0,0,,4773,1015,542,409,377,377,32,9,0,0,1203,0
1012,2629,43.8,12/24/2024 11:38:47,22.42,3021,0,0,0,0,221,799,397,180,126,66,74,49,45,33,41,56,40,30,34,33,40,33,23,29,24,24,15,24,16,18,13,20,15,19,17,16,20,12,9,20,21,25,28,15,19,28,20,15,21,30,21,27,27,21,17,13,10,5,6,4,1,2,1,4,1,2,0,2,0,1,0,0,0,2,0,1,0,0,0,0,0,0,0,0,0,0,0,0,0,0,0,0,0,0,0,0,0,0,0,0,0,0,,8310,2119,1155,812,678,678,62,13,0,0,2244,0
1013,2631,43.9,12/24/2024 11:40:30,19.11,2718,0,0,0,0,231,857,408,162,79,58,42,32,39,40,39,24,26,22,22,19,17,20,8,20,17,18,22,18,17,23,10,12,9,10,12,16,16,11,16,13,10,12,16,13,16,8,17,28,17,21,17,16,14,7,13,15,14,4,3,6,4,1,7,1,1,6,4,5,2,2,1,2,1,0,1,3,1,2,0,0,1,0,1,0,0,0,0,0,0,0,0,0,0,0,0,0,0,0,0,0,0,0,,9613,1685,994,706,591,591,178,63,10,0,2140,0
1014,2633,43.9,12/24/2024 11:42:34,22.58,5242,0,0,0,0,338,1307,680,299,217,150,123,95,93,80,103,72,63,54,70,52,49,43,52,37,36,48,52,29,48,37,30,28,30,36,27,28,30,26,23,23,19,38,38,33,50,34,42,39,41,53,53,43,43,28,23,24,19,9,9,7,14,7,4,6,8,5,7,3,5,9,7,2,2,0,2,2,3,1,0,0,1,1,0,0,0,0,0,0,0,0,0,0,0,0,0,0,0,0,0,0,0,0,,13791,3782,2042,1329,1205,1205,332,89,9,0,4167,0
1015,2635,43.9,12/24/2024 11:44:44,22.44,3489,0,0,0,0,237,928,453,211,126,88,74,67,66,59,48,50,49,42,40,42,32,22,31,26,25,31,31,29,18,28,25,18,26,23,21,12,17,15,15,21,17,18,28,14,18,27,26,30,33,31,20,32,35,24,20,21,14,2,5,3,2,2,3,1,3,4,0,1,0,2,1,1,0,0,2,1,1,0,0,1,0,0,0,0,0,0,0,0,0,0,0,0,0,0,0,0,0,0,0,0,0,0,,9434,2536,1328,936,793,793,85,31,0,0,2638,0
1016,2637,44.0,12/24/2024 11:46:54,22.27,3183,0,0,0,0,184,825,435,200,127,74,76,64,56,39,56,38,40,38,36,37,24,25,26,22,32,38,30,22,25,21,19,23,28,22,18,14,22,21,13,12,19,26,22,18,27,16,25,22,23,33,24,26,16,22,15,19,15,6,2,1,4,1,3,4,1,1,1,0,3,1,1,1,0,0,1,0,1,0,0,0,1,0,0,0,0,0,0,0,0,0,0,0,0,0,0,0,0,0,0,0,0,0,,8626,2263,1275,947,674,674,90,22,4,0,2411,0
1017,2639,44.0,12/24/2024 11:48:36,19.16,4182,0,0,0,0,349,1200,577,260,135,128,92,65,77,70,55,55,31,35,38,40,28,34,32,26,30,29,20,14,26,25,23,16,21,14,16,27,19,17,31,24,15,16,20,28,28,16,25,36,23,23,26,14,30,37,10,9,6,10,9,12,5,12,8,9,12,9,8,6,0,9,2,1,3,7,3,4,1,4,4,0,1,1,1,0,0,0,0,0,0,0,0,0,0,0,0,0,0,0,0,0,0,0,,14306,3058,1498,1164,877,877,418,157,16,0,3507,0
1018,2641,44.0,12/24/2024 11:50:41,22.61,5383,0,0,0,0,358,1383,690,300,225,127,136,96,75,89,74,78,76,64,60,49,47,45,41,48,46,41,40,42,34,45,50,35,27,32,32,30,30,30,31,26,39,44,26,33,46,43,42,48,54,42,42,46,40,24,23,28,17,19,11,12,4,5,10,7,1,5,11,5,1,3,2,0,4,2,2,1,2,0,1,2,2,1,1,0,0,0,0,0,0,0,0,0,0,0,0,0,0,0,0,0,0,0,,14237,3733,2119,1601,1176,1176,239,80,18,0,4290,0
1019,2643,44.1,12/24/2024 11:52:49,21.95,4475,0,0,0,0,311,1111,565,283,214,98,113,92,75,75,74,72,56,63,43,45,45,45,23,36,39,33,41,36,30,32,19,30,28,26,19,29,26,26,19,28,24,25,28,28,30,39,41,31,40,38,34,35,41,26,26,16,13,13,5,4,1,3,3,6,4,5,3,0,3,2,2,2,1,0,1,0,1,0,0,0,1,0,0,0,0,0,0,0,0,0,0,0,0,0,0,0,0,0,0,0,0,0,,12278,3431,1727,1248,975,975,146,36,5,0,3385,0
1020,2645,44.1,12/24/2024 11:54:58,21.28,3117,0,0,0,1,221,756,439,187,126,66,80,53,62,56,46,38,32,40,44,37,37,25,24,32,25,26,25,17,26,14,16,17,19,14,17,16,15,16,16,14,15,20,13,16,13,19,16,23,23,26,26,28,26,32,26,28,20,10,10,7,5,2,1,1,2,6,1,2,2,0,0,2,1,0,0,0,0,0,0,0,0,0,0,0,0,0,0,0,0,0,0,0,0,0,0,0,0,0,0,0,0,0,,8816,2467,1255,822,1024,1024,103,14,0,0,2989,0
1021,2647,44.1,12/24/2024 11:56:38,17.08,2751,0,0,0,1,200,767,402,166,110,68,75,49,47,47,41,31,23,32,24,29,20,18,27,12,19,17,15,22,19,9,13,14,13,15,9,13,19,13,16,13,13,14,11,14,14,15,13,13,8,14,21,15,18,21,24,22,12,10,13,7,1,3,2,0,4,3,2,5,0,2,1,3,0,0,1,2,1,1,0,0,0,0,0,0,0,0,0,0,0,0,0,0,0,0,0,0,0,0,0,0,0,0,,10474,2447,1118,884,960,960,135,53,0,0,2992,0
1022,2649,44.2,12/24/2024 11:58:41,20.66,4024,0,0,0,0,258,952,507,218,164,85,96,82,87,60,69,60,60,52,49,39,31,41,19,36,38,26,42,29,24,24,24,24,23,22,27,21,20,32,16,31,23,24,29,30,18,29,31,27,23,34,31,37,34,57,31,41,37,27,16,7,4,7,3,4,6,6,3,2,2,2,3,2,0,0,4,0,0,1,0,1,0,0,0,0,0,0,0,0,0,0,0,0,0,0,0,0,0,0,0,0,0,0,,11036,3316,1617,1273,1559,1559,203,53,0,0,4647,0
1023,2651,44.2,12/24/2024 12:00:25,20.84,3486,0,0,0,0,259,991,464,189,129,91,81,66,56,43,50,44,44,34,38,38,32,29,26,24,19,29,24,29,21,23,20,10,19,18,15,10,27,14,6,12,20,17,18,21,9,24,23,15,26,20,25,21,30,23,32,18,18,13,10,13,4,6,5,6,9,4,5,1,3,4,4,1,4,5,0,0,1,3,0,0,1,0,0,0,0,0,0,0,0,0,0,0,0,0,0,0,0,0,0,0,0,0,,10576,2524,1324,821,993,993,245,91,5,0,3148,0
1024,2653,44.2,12/24/2024 12:02:26,20.78,5680,0,0,0,1,362,1266,642,301,198,152,135,107,109,93,107,74,73,91,58,67,71,59,60,46,45,43,37,39,41,48,47,47,42,43,39,35,33,35,29,41,28,26,29,32,30,31,45,37,45,46,53,45,56,60,60,56,42,30,25,27,19,16,15,10,10,11,17,16,6,7,7,5,2,4,4,5,1,2,2,0,1,1,0,0,0,0,0,0,0,0,0,0,0,0,0,0,0,0,0,0,0,0,,14711,4740,2579,2016,2276,2276,645,159,10,0,7382,0
1025,2655,44.3,12/24/2024 12:04:32,21.06,3704,0,0,0,0,237,897,485,209,143,84,82,64,68,49,58,63,47,49,38,42,40,37,35,40,37,29,27,36,22,27,19,20,20,20,15,20,26,23,13,17,14,21,20,20,22,19,27,26,21,33,40,36,37,37,39,34,29,24,17,8,7,7,3,4,3,4,5,1,2,1,1,1,1,1,0,0,1,0,0,0,0,0,0,0,0,0,0,0,0,0,0,0,0,0,0,0,0,0,0,0,0,0,,10147,2849,1657,983,1462,1462,180,24,0,0,4112,0
1026,2657,44.3,12/24/2024 12:06:40,20.69,2751,0,0,0,0,168,666,396,166,114,69,83,50,53,44,45,30,41,30,34,32,21,33,26,28,23,17,16,21,12,15,11,17,14,20,25,14,13,14,14,12,21,15,16,9,12,15,17,16,26,18,20,24,24,22,22,25,18,16,5,10,4,0,0,1,1,1,3,1,0,0,0,0,1,0,0,0,0,1,0,0,0,0,0,0,0,0,0,0,0,0,0,0,0,0,0,0,0,0,0,0,0,0,,8033,2238,1078,846,918,918,53,10,0,0,2745,0
1027,2659,44.3,12/24/2024 12:08:20,17.02,2906,0,0,0,0,194,851,427,166,108,64,61,62,60,42,40,33,36,40,26,23,39,31,26,19,21,16,17,17,16,17,11,13,7,13,15,8,12,15,10,12,16,17,16,20,13,11,17,11,18,11,20,17,21,23,8,10,13,14,9,14,7,2,5,2,1,4,6,3,2,2,1,1,1,0,0,1,0,0,1,0,0,0,0,0,0,0,0,0,0,0,0,0,0,0,0,0,0,0,0,0,0,0,,10993,2714,1351,776,917,917,206,29,0,0,2844,0
1028,2661,44.4,12/24/2024 12:10:25,21.61,5594,0,0,0,0,314,1256,685,336,212,117,130,108,122,76,78,85,72,79,67,73,58,55,54,44,50,49,35,49,48,37,39,35,31,41,40,40,43,38,33,31,46,33,41,36,40,44,45,55,47,63,45,41,58,59,44,48,23,20,20,12,12,16,12,13,4,5,5,9,8,9,2,2,4,3,2,2,3,1,2,0,0,0,0,0,0,0,0,0,0,0,0,0,0,0,0,0,0,0,0,0,0,0,,14114,4387,2397,1930,1768,1768,440,97,0,0,6002,0
1029,2663,44.4,12/24/2024 12:12:32,21.59,3964,0,0,0,0,250,944,537,213,140,108,79,87,73,62,43,46,45,51,44,60,38,29,39,39,44,37,31,32,35,24,35,31,30,24,22,22,24,23,30,20,13,21,29,29,25,28,33,34,37,39,23,26,44,50,27,34,17,13,10,4,5,3,3,4,5,2,1,2,3,3,2,0,0,0,0,1,0,1,2,0,0,0,0,0,0,0,0,0,0,0,0,0,0,0,0,0,0,0,0,0,0,0,,10519,2909,1774,1269,1172,1172,153,28,0,0,3793,0
1030,2665,44.4,12/24/2024 12:14:38,21.56,4336,0,0,0,0,257,982,501,240,171,108,122,78,88,81,84,69,56,50,41,49,67,50,46,29,27,39,36,34,38,40,26,31,43,29,30,28,26,22,29,21,38,18,35,35,26,20,32,34,39,37,35,40,44,45,42,37,20,13,16,10,10,3,7,4,4,4,3,2,1,3,1,1,1,3,0,0,0,2,1,0,0,1,1,0,0,0,0,0,0,0,0,0,0,0,0,0,0,0,0,0,0,0,,11044,3641,2004,1498,1447,1447,195,42,9,0,4638,0
1031,2667,44.5,12/24/2024 12:16:46,21.44,3400,0,0,0,0,209,901,469,175,138,92,80,66,66,50,58,51,46,45,24,36,31,30,35,33,29,24,24,28,25,17,27,20,29,30,20,20,17,15,16,12,17,14,15,16,16,19,16,21,17,37,27,29,25,32,29,18,14,5,8,5,5,4,3,3,3,1,5,1,1,2,1,1,1,0,0,0,0,0,0,1,0,0,0,0,0,0,0,0,0,0,0,0,0,0,0,0,0,0,0,0,0,0,,9627,2579,1413,1040,919,919,135,19,0,0,3032,0
1032,2669,44.5,12/24/2024 12:18:29,19.7,4581,0,0,0,0,324,1165,615,273,177,110,102,82,86,56,71,58,45,48,46,59,36,32,40,38,38,35,39,25,16,36,31,27,26,34,24,19,20,34,24,20,14,26,33,33,28,27,36,30,28,41,21,31,29,30,30,27,27,18,19,14,10,17,15,9,8,8,9,7,4,7,4,6,4,1,5,3,2,5,3,0,0,1,0,0,0,0,0,0,0,0,0,0,0,0,0,0,0,0,0,0,0,0,,14041,3497,1858,1386,1299,1299,497,168,5,0,4655,0
1033,2671,44.5,12/24/2024 12:20:33,21.8,5641,0,0,0,1,395,1327,642,341,202,144,135,94,103,117,87,52,85,64,58,65,61,43,54,53,44,50,40,52,43,36,38,37,36,36,30,37,34,46,33,36,35,43,36,31,43,51,39,51,41,65,45,48,59,46,45,33,29,16,15,10,16,14,6,15,10,8,5,3,2,5,3,2,4,3,2,3,3,1,2,0,0,2,0,0,0,0,0,0,0,0,0,0,0,0,0,0,0,0,0,0,0,0,,14619,4225,2358,1826,1661,1661,399,106,9,0,5661,0
1034,2673,44.6,12/24/2024 12:22:41,21.52,3428,0,0,0,1,203,901,440,208,127,84,86,61,61,53,48,47,43,55,31,33,32,39,35,31,21,22,26,23,24,23,20,18,14,20,19,27,16,18,21,13,28,20,19,21,19,21,26,30,25,21,23,39,33,28,33,28,18,13,7,5,2,2,1,4,0,3,1,0,1,6,0,1,2,2,0,0,2,0,0,0,0,0,0,0,0,0,0,0,0,0,0,0,0,0,0,0,0,0,0,0,0,0,,9526,2556,1375,994,1064,1064,93,33,0,0,3248,0
1035,2675,44.6,12/24/2024 12:24:25,20.61,4646,0,0,0,0,309,1186,639,259,180,104,117,90,81,61,71,67,64,47,44,55,52,32,41,41,42,50,33,32,20,32,25,40,25,24,24,22,20,26,22,31,21,26,21,27,31,21,30,40,33,28,33,29,35,26,22,27,18,21,16,9,9,7,8,11,11,14,8,6,4,6,5,9,3,5,2,1,5,3,4,2,1,0,0,0,0,0,0,0,0,0,0,0,0,0,0,0,0,0,0,0,0,0,,13557,3634,1941,1359,1189,1189,432,194,5,0,4367,0
1036,2677,44.6,12/24/2024 12:26:26,22.22,6025,0,0,0,0,358,1451,740,343,211,142,145,102,129,86,92,83,75,82,80,61,63,63,66,54,64,44,63,48,41,43,53,33,41,42,30,38,32,42,23,33,36,37,45,34,45,40,54,44,54,55,51,53,60,40,54,34,20,24,15,21,12,9,6,12,8,12,8,6,12,7,1,9,2,3,1,0,2,0,0,1,2,0,0,0,0,0,0,0,0,0,0,0,0,0,0,0,0,0,0,0,0,0,,15257,4491,2709,1814,1728,1728,419,95,9,0,5792,0
1037,2679,44.7,12/24/2024 12:28:33,22.11,5001,0,0,0,0,307,1135,608,269,183,132,126,86,94,54,81,94,74,65,50,67,66,51,45,42,45,47,31,54,33,36,39,46,32,19,32,34,38,41,32,22,42,29,29,36,31,34,50,40,30,47,54,53,40,48,32,33,29,16,15,13,3,10,11,4,6,6,7,8,4,5,2,4,2,3,2,4,3,0,1,1,2,0,2,0,0,0,0,0,0,0,0,0,0,0,0,0,0,0,0,0,0,0,,12483,3876,2212,1705,1520,1520,299,109,18,0,5170,0
1038,2681,44.7,12/24/2024 12:30:39,22,5058,0,0,0,1,330,1153,606,262,190,115,105,93,93,77,88,67,60,73,70,65,64,60,53,41,45,36,43,42,36,37,32,38,34,34,32,32,35,32,37,24,36,41,43,45,34,29,53,42,43,36,49,56,48,38,37,45,17,19,16,16,11,4,8,5,8,7,6,7,4,2,5,2,0,2,3,0,4,0,1,0,0,0,1,0,0,0,0,0,0,0,0,0,0,0,0,0,0,0,0,0,0,0,,12555,3886,2223,1664,1600,1600,305,77,5,0,5250,0
1039,2683,44.7,12/24/2024 12:32:18,16.64,3050,0,0,0,2,260,904,451,173,109,58,70,49,44,43,33,41,32,33,29,27,27,19,19,13,16,14,20,16,17,21,17,11,15,15,16,15,14,12,10,12,14,15,15,19,7,20,16,29,26,22,25,20,24,23,24,12,9,6,4,10,6,2,3,6,3,1,3,1,1,0,0,1,1,2,0,1,0,0,0,0,0,2,0,0,0,0,0,0,0,0,0,0,0,0,0,0,0,0,0,0,0,0,,12181,2572,1196,907,980,980,156,30,12,0,3065,0
1040,2685,44.8,12/24/2024 12:34:23,22.03,5034,0,0,0,0,295,1182,660,256,200,116,121,103,95,77,78,62,58,60,58,62,48,48,56,47,47,35,42,33,33,49,40,32,30,28,40,19,31,29,33,31,30,33,38,32,40,37,40,58,34,51,49,52,46,50,34,41,34,18,10,15,8,6,6,6,4,4,5,3,3,2,2,0,2,1,3,0,1,0,2,0,0,0,0,0,0,0,0,0,0,0,0,0,0,0,0,0,0,0,0,0,0,0,,12846,3731,2170,1557,1621,1621,222,50,0,0,5070,0
1041,2687,44.8,12/24/2024 12:36:04,17.84,3428,0,0,0,1,266,958,444,178,139,74,77,60,61,53,33,44,39,32,31,29,32,35,30,24,21,19,18,19,25,16,21,13,23,19,13,19,23,19,19,23,19,23,23,16,24,21,23,27,25,29,26,21,28,14,19,18,14,7,7,7,9,7,5,6,7,5,8,4,7,3,3,2,2,2,5,1,3,2,0,2,1,3,0,0,0,0,0,0,0,0,0,0,0,0,0,0,0,0,0,0,0,0,,11979,2752,1457,1183,953,953,359,129,22,0,3599,0
1042,2689,44.8,12/24/2024 12:38:06,22.2,6521,0,0,0,0,426,1539,777,368,210,146,122,125,104,110,114,68,92,96,80,96,83,67,77,45,57,56,63,55,40,57,49,39,40,38,43,30,36,42,46,45,47,44,49,56,46,45,62,48,53,64,61,55,59,40,43,33,29,19,18,18,19,8,13,18,13,12,6,9,11,4,2,5,5,6,1,5,3,2,2,3,3,0,1,0,0,0,0,0,0,0,0,0,0,0,0,0,0,0,0,0,0,0,,16162,4910,2923,2050,1775,1775,518,167,18,0,6302,0
1043,2691,44.9,12/24/2024 12:39:47,17.34,2326,0,0,0,0,182,743,369,144,80,49,52,37,40,40,33,23,25,26,19,19,22,15,21,13,10,21,8,10,8,7,12,7,8,10,11,11,15,11,9,7,11,6,13,12,11,14,12,8,11,10,13,11,14,7,10,7,6,7,3,4,5,1,1,1,0,1,0,0,1,3,1,1,1,0,0,1,1,0,0,1,0,0,0,0,0,0,0,0,0,0,0,0,0,0,0,0,0,0,0,0,0,0,,9337,1938,848,646,502,502,81,35,0,0,1765,0
1044,2693,44.9,12/24/2024 12:41:49,22.72,6926,0,0,0,0,430,1501,827,400,252,182,169,126,126,117,117,91,79,83,79,77,70,68,79,72,64,58,62,53,56,55,51,51,50,60,39,32,36,50,62,58,47,48,45,55,48,62,68,66,57,59,71,51,60,41,38,43,25,37,25,13,21,15,16,13,10,9,19,18,6,10,6,4,5,8,3,4,3,7,3,4,0,1,0,0,0,0,0,0,0,0,0,0,0,0,0,0,0,0,0,0,0,0,,16554,4991,3028,2359,1871,1871,629,207,4,0,6941,0
1045,2695,44.9,12/24/2024 12:43:55,22.63,5241,0,0,0,1,357,1314,665,276,199,100,114,93,84,91,76,91,77,63,64,58,66,42,43,44,50,46,49,36,31,34,30,44,34,37,22,25,36,41,31,34,36,43,28,34,48,36,41,63,41,43,40,47,39,28,21,26,15,20,20,9,10,5,5,8,7,3,8,2,3,1,1,2,1,0,1,0,1,3,0,0,0,4,0,0,0,0,0,0,0,0,0,0,0,0,0,0,0,0,0,0,0,0,,13372,3875,2081,1635,1215,1215,234,40,18,0,4357,0
1046,2697,45.0,12/24/2024 12:46:04,22.31,4369,0,0,0,0,302,1181,569,218,157,97,103,77,85,59,72,62,50,46,47,46,38,31,38,36,28,33,34,29,29,19,29,30,23,19,28,22,28,27,37,23,37,25,33,29,27,37,29,46,34,35,36,28,37,37,39,24,16,16,9,10,6,2,4,1,3,1,3,2,1,2,2,2,1,1,0,1,0,1,0,0,0,0,0,0,0,0,0,0,0,0,0,0,0,0,0,0,0,0,0,0,0,0,,11775,3070,1542,1358,1156,1156,121,36,0,0,3828,0
1047,2699,45.0,12/24/2024 12:48:12,22.06,3790,0,0,0,0,266,943,505,211,142,82,77,60,84,66,62,52,41,54,50,53,42,49,33,31,44,23,26,20,19,27,28,33,15,20,22,22,18,18,26,14,22,20,37,26,20,19,31,25,32,33,25,38,29,33,23,19,15,20,4,2,5,4,5,5,3,1,3,5,4,0,1,0,0,1,1,0,0,0,1,0,0,0,0,0,0,0,0,0,0,0,0,0,0,0,0,0,0,0,0,0,0,0,,10091,2906,1550,1079,966,966,163,18,0,0,3191,0
1048,2701,45.0,12/24/2024 12:50:20,21.78,4126,0,0,0,0,263,1022,540,215,166,107,95,82,80,58,62,58,56,51,50,56,43,44,32,55,45,24,25,27,34,38,29,21,15,32,26,43,27,20,19,22,22,27,26,31,29,21,21,28,35,46,37,39,35,28,26,19,13,13,10,4,1,5,2,0,3,4,3,1,1,3,2,3,1,2,0,1,2,0,0,0,0,0,0,0,0,0,0,0,0,0,0,0,0,0,0,0,0,0,0,0,0,0,,11056,3173,1818,1267,1033,1033,115,51,0,0,3499,0
1049,2703,45.1,12/24/2024 12:52:25,22.13,5007,0,0,0,0,329,1243,625,258,187,109,133,118,90,80,77,75,72,56,55,50,56,43,49,57,43,36,45,36,34,34,30,33,37,30,20,32,42,21,30,34,31,27,25,34,38,57,36,42,34,37,31,31,57,28,40,25,28,17,12,16,11,7,7,7,5,5,3,3,2,1,1,1,1,3,1,0,1,1,0,1,0,1,0,0,0,0,0,0,0,0,0,0,0,0,0,0,0,0,0,0,0,0,,13032,3895,2092,1536,1338,1338,235,45,5,0,4496,0
1050,2705,45.1,12/24/2024 12:54:07,18.28,3676,0,0,0,0,316,1026,500,196,139,74,68,73,64,54,74,26,42,43,33,34,25,30,33,20,35,25,19,27,18,24,26,21,22,27,14,15,16,16,21,17,17,14,22,21,16,17,13,28,26,21,34,27,33,21,16,8,9,13,11,9,4,15,11,7,9,8,4,1,4,3,3,3,1,0,2,2,3,3,1,2,1,0,0,0,0,0,0,0,0,0,0,0,0,0,0,0,0,0,0,0,0,0,,12686,2932,1543,1160,1012,1012,377,115,5,0,3682,0
1051,2707,45.1,12/24/2024 12:56:13,21.88,5381,0,0,0,0,380,1353,706,289,204,122,149,109,102,74,86,69,68,64,60,55,56,44,43,36,55,44,40,32,40,43,41,29,32,21,31,20,40,38,37,34,23,37,27,32,31,46,36,35,40,44,42,44,49,25,37,32,21,21,18,10,11,8,13,5,6,3,2,6,7,5,3,7,0,1,1,2,2,1,0,0,2,0,0,0,0,0,0,0,0,0,0,0,0,0,0,0,0,0,0,0,0,0,,14639,4077,2166,1581,1417,1417,315,87,9,0,4826,0
1052,2709,45.2,12/24/2024 12:58:18,22.03,4870,0,0,0,1,324,1177,582,266,180,116,121,86,83,80,88,56,58,61,46,73,42,57,54,58,44,34,33,30,32,32,35,34,26,27,23,31,33,26,25,16,37,23,23,43,29,48,33,40,35,59,39,55,49,41,36,35,26,23,15,13,10,8,8,6,4,4,6,6,6,3,4,2,6,1,2,0,0,0,1,1,0,0,0,0,0,0,0,0,0,0,0,0,0,0,0,0,0,0,0,0,0,0,,12560,3604,2047,1421,1552,1552,295,77,0,0,4898,0
1053,2711,45.2,12/24/2024 13:00:25,22.09,4625,0,0,0,0,304,1136,602,219,164,103,126,81,96,76,95,57,53,66,59,61,45,51,43,34,44,41,37,37,44,27,22,27,24,33,28,27,29,25,26,27,25,29,31,29,39,31,33,39,29,38,33,44,51,35,27,28,27,18,11,14,6,5,4,8,2,4,1,2,1,0,2,2,1,3,1,1,1,1,0,0,0,0,0,0,0,0,0,0,0,0,0,0,0,0,0,0,0,0,0,0,0,0,,12014,3689,1924,1326,1331,1331,158,54,0,0,4201,0
1054,2713,45.2,12/24/2024 13:02:34,21.7,3527,0,0,0,0,229,910,480,202,144,67,92,72,57,52,60,47,33,47,40,35,34,28,30,22,28,34,30,23,23,27,19,22,26,26,15,26,13,26,15,19,24,19,24,28,18,15,24,31,27,26,31,32,26,31,16,24,25,17,10,2,1,3,3,2,2,0,2,0,1,3,1,0,0,1,1,1,1,0,1,0,1,0,0,0,0,0,0,0,0,0,0,0,0,0,0,0,0,0,0,0,0,0,,9788,2622,1373,1065,991,991,83,32,5,0,3166,0
1055,2715,45.3,12/24/2024 13:04:43,21.31,3217,0,0,0,0,232,788,415,200,136,81,96,65,51,45,45,42,41,37,44,35,26,32,28,27,21,37,22,21,29,22,22,13,17,22,25,17,26,18,18,13,19,19,15,17,17,11,19,12,25,15,27,26,30,29,27,27,18,16,9,6,2,8,2,4,2,0,1,2,0,0,0,0,0,0,0,2,1,0,0,0,0,0,0,0,0,0,0,0,0,0,0,0,0,0,0,0,0,0,0,0,0,0,,9141,2473,1347,985,1018,1018,99,14,0,0,3135,0
1056,2717,45.3,12/24/2024 13:06:50,21.41,3465,0,0,0,0,217,850,467,194,132,83,85,83,67,45,40,56,47,49,46,34,29,36,40,33,27,23,17,20,28,31,27,20,14,19,20,24,18,15,22,18,19,29,17,19,21,21,20,33,26,20,24,24,30,30,35,35,20,18,13,5,7,6,4,2,1,1,0,2,0,0,0,0,2,1,0,1,1,1,0,0,1,0,0,0,0,0,0,0,0,0,0,0,0,0,0,0,0,0,0,0,0,0,,9472,2714,1453,1009,1126,1126,107,33,5,0,3405,0
1057,2719,45.3,12/24/2024 13:08:56,21.3,3732,0,0,0,0,251,920,485,212,145,77,90,64,83,63,64,58,48,37,43,52,42,38,22,26,18,23,24,31,26,30,27,16,25,20,29,24,21,25,20,23,20,21,17,22,25,22,26,23,34,35,25,36,39,38,33,17,20,18,16,7,4,3,5,2,2,2,4,0,2,0,6,0,1,0,1,1,0,1,0,1,1,0,0,0,0,0,0,0,0,0,0,0,0,0,0,0,0,0,0,0,0,0,,10235,3023,1441,1174,1188,1188,141,56,5,0,3751,0
1058,2721,45.4,12/24/2024 13:11:04,21.33,2937,0,0,0,0,212,793,383,169,125,68,65,54,51,42,34,34,30,27,27,41,33,31,29,18,29,32,18,16,20,21,16,21,14,19,16,17,13,15,9,16,14,13,8,15,9,10,15,15,21,18,29,26,27,24,34,20,18,20,16,5,8,2,3,1,1,1,0,1,1,0,1,1,1,0,1,0,0,0,0,0,0,0,0,0,0,0,0,0,0,0,0,0,0,0,0,0,0,0,0,0,0,0,,8509,2053,1233,797,1064,1064,89,19,0,0,3033,0
1059,2723,45.4,12/24/2024 13:12:45,17.61,2593,0,0,0,0,212,832,351,169,97,55,46,42,34,47,40,17,31,29,22,20,22,22,21,10,27,16,16,21,17,8,11,11,7,9,10,11,8,11,8,12,6,9,9,11,11,11,17,8,15,12,20,16,9,25,18,11,16,10,3,3,5,5,2,2,0,3,2,0,0,4,1,1,0,4,1,0,0,0,0,0,0,1,0,0,0,0,0,0,0,0,0,0,0,0,0,0,0,0,0,0,0,0,,10006,1988,1085,591,772,772,136,40,6,0,2317,0
1060,2725,45.4,12/24/2024 13:14:49,21.84,5447,0,0,0,1,360,1295,713,295,169,115,135,86,103,106,82,88,85,72,60,63,69,39,63,38,44,41,39,47,33,45,43,26,34,29,39,34,41,47,27,37,38,36,35,37,37,37,39,37,35,36,50,51,45,59,30,35,31,18,15,14,13,6,6,10,8,6,6,11,4,3,2,0,0,0,4,2,1,1,3,1,2,0,0,0,0,0,0,0,0,0,0,0,0,0,0,0,0,0,0,0,0,0,,14116,4345,2294,1809,1653,1653,343,73,9,0,5540,0
1061,2727,45.5,12/24/2024 13:16:32,19.73,4272,0,0,0,0,338,1178,580,262,156,92,113,77,53,60,57,56,56,46,40,39,36,38,36,34,40,27,26,21,28,26,22,20,19,27,30,18,25,26,19,22,14,18,21,18,21,22,28,22,25,32,34,37,30,27,21,17,21,13,7,6,10,9,8,8,4,7,5,5,8,6,2,5,4,2,3,0,1,0,0,1,4,2,1,0,0,0,0,0,0,0,0,0,0,0,0,0,0,0,0,0,0,0,,13781,3208,1693,1227,1130,1130,365,112,35,0,3999,0
1062,2729,45.5,12/24/2024 13:18:35,22.13,6437,0,0,0,0,433,1548,749,319,239,142,137,129,104,112,93,96,99,83,57,69,83,66,56,58,52,55,49,38,53,42,43,47,44,39,52,53,37,50,43,33,46,40,47,44,53,47,45,54,60,47,54,65,51,57,52,32,26,26,19,16,14,12,12,7,16,12,11,10,9,5,6,7,1,5,2,5,1,1,9,4,0,3,0,2,0,0,0,0,0,0,0,0,0,0,0,0,0,0,0,0,0,0,,16118,4799,2689,2201,1862,1862,515,185,23,0,6647,0
1063,2731,45.5,12/24/2024 13:20:38,22.05,6182,0,0,0,1,434,1425,761,355,238,135,144,123,125,117,80,86,73,77,59,67,59,71,48,43,55,56,51,51,54,44,52,43,37,33,45,40,42,46,29,34,32,40,35,40,50,41,56,47,59,46,56,49,53,51,38,38,28,33,18,7,14,14,7,9,5,10,8,6,7,8,12,3,5,3,3,6,4,1,1,3,2,1,0,0,0,0,0,0,0,0,0,0,0,0,0,0,0,0,0,0,0,0,,15841,4580,2649,1964,1746,1746,454,195,14,0,6118,0
1064,2733,45.6,12/24/2024 13:22:44,21.97,5000,0,0,0,0,323,1165,610,247,219,107,115,106,99,95,77,72,59,78,55,64,42,59,56,44,46,54,39,47,35,37,31,38,27,28,27,30,28,28,32,32,28,30,29,28,35,43,40,34,50,36,50,44,40,52,35,34,33,14,9,10,9,7,5,7,9,4,5,3,3,3,3,5,4,3,2,0,2,0,0,0,1,0,0,0,0,0,0,0,0,0,0,0,0,0,0,0,0,0,0,0,0,0,,12681,3924,2230,1497,1502,1502,264,91,5,0,4861,0
1065,2735,45.6,12/24/2024 13:24:52,21.81,3711,0,0,0,0,246,920,463,202,149,92,89,75,58,57,51,59,42,46,42,46,51,37,32,29,37,38,25,34,24,26,28,37,18,29,26,22,17,16,19,34,20,20,19,21,17,16,30,29,28,29,26,28,37,33,27,23,22,14,3,6,7,3,8,4,6,4,3,4,1,3,0,1,1,0,0,0,1,1,0,0,0,0,0,0,0,0,0,0,0,0,0,0,0,0,0,0,0,0,0,0,0,0,,9908,2824,1655,1220,1036,1036,197,18,0,0,3508,0
1066,2737,45.6,12/24/2024 13:27:01,21.59,3283,0,0,0,0,188,832,416,190,132,74,76,64,54,57,53,49,40,44,40,44,39,30,39,23,30,35,24,27,26,15,24,27,14,26,14,18,22,11,15,18,19,13,21,15,22,18,25,25,29,24,36,37,28,18,30,17,13,14,13,4,3,6,3,5,3,2,3,5,0,0,0,0,0,1,0,1,0,0,0,0,0,0,0,0,0,0,0,0,0,0,0,0,0,0,0,0,0,0,0,0,0,0,,8837,2594,1445,963,987,987,139,9,0,0,3085,0
1067,2739,45.7,12/24/2024 13:29:10,21.27,3344,0,0,0,0,224,868,467,175,136,80,65,80,58,56,52,35,37,35,44,36,37,21,30,26,30,30,21,24,19,27,26,21,21,18,17,25,19,28,13,16,23,25,14,11,22,17,21,19,27,18,23,30,35,29,24,21,21,9,8,6,1,2,6,1,1,2,2,1,0,1,0,1,0,1,3,0,1,0,0,1,0,0,0,0,0,0,0,0,0,0,0,0,0,0,0,0,0,0,0,0,0,0,,9473,2515,1368,1067,973,973,80,33,0,0,3126,0
1068,2741,45.7,12/24/2024 13:31:17,20.98,3396,0,0,0,1,194,834,473,220,120,81,83,53,58,51,50,38,42,41,46,38,31,34,34,29,27,31,25,28,25,26,18,23,24,28,10,22,27,22,15,23,19,12,23,20,22,19,25,24,26,23,25,28,24,35,26,27,23,16,13,2,10,7,1,2,4,1,2,2,1,2,0,1,2,2,0,0,0,1,0,0,1,0,0,0,0,0,0,0,0,0,0,0,0,0,0,0,0,0,0,0,0,0,,9561,2531,1468,1101,1092,1092,153,33,5,0,3475,0
1069,2743,45.7,12/24/2024 13:32:59,19.52,3397,0,0,0,0,238,936,499,204,123,80,71,55,61,42,59,37,35,44,33,40,21,35,32,22,21,33,26,23,18,19,23,35,16,20,15,25,16,12,14,19,22,9,11,20,17,20,9,16,26,22,23,16,17,19,22,12,13,15,4,11,7,6,6,11,6,7,5,2,5,2,1,3,1,0,2,0,1,2,2,0,1,0,0,1,0,0,0,0,0,0,0,0,0,0,0,0,0,0,0,0,0,0,,11019,2551,1399,1112,815,815,297,67,10,0,3115,0
1070,2745,45.8,12/24/2024 13:35:03,22.17,6296,0,0,0,0,388,1468,788,378,220,136,146,136,116,100,120,90,82,75,63,86,74,37,49,55,60,52,56,42,57,46,47,66,43,47,34,38,26,43,43,34,48,37,31,41,39,40,42,59,49,54,66,41,58,39,40,35,36,22,22,28,16,12,9,7,4,9,11,13,5,9,5,3,7,1,4,2,3,2,1,2,0,1,2,0,0,0,0,0,0,0,0,0,0,0,0,0,0,0,0,0,0,0,,15895,4908,2594,2115,1818,1818,451,135,14,0,6351,0
1071,2747,45.8,12/24/2024 13:37:11,21.66,4047,0,0,0,0,253,979,538,226,163,80,92,73,66,64,51,53,56,57,55,42,39,40,39,44,28,40,34,31,32,36,27,28,31,14,34,25,26,29,19,23,24,15,28,26,18,40,24,20,36,30,41,34,40,42,45,24,19,9,12,5,6,6,5,3,5,1,5,2,3,0,4,4,0,0,2,1,0,0,0,0,0,1,0,0,0,0,0,0,0,0,0,0,0,0,0,0,0,0,0,0,0,0,,10762,2992,1801,1293,1279,1279,185,51,5,0,4090,0
1072,2749,45.8,12/24/2024 13:39:20,21.41,3522,0,0,0,0,194,899,475,188,145,79,70,53,56,60,56,38,41,52,38,40,33,44,31,32,40,36,27,19,29,17,24,24,29,19,16,18,13,27,16,16,28,26,24,21,25,19,24,16,23,36,24,33,35,32,39,33,18,19,8,5,6,6,4,2,3,4,2,2,0,2,1,1,1,0,3,1,1,0,0,0,1,0,0,0,0,0,0,0,0,0,0,0,0,0,0,0,0,0,0,0,0,0,,9575,2508,1551,1074,1177,1177,149,42,5,0,3624,0
1073,2751,45.9,12/24/2024 13:41:26,21,3894,0,0,0,0,226,975,537,196,127,103,95,62,68,72,50,64,49,39,45,44,40,32,44,39,32,31,22,24,27,24,22,37,23,28,22,25,19,24,24,24,22,24,21,26,17,24,27,29,29,33,36,26,34,38,32,33,22,28,19,13,6,10,4,2,4,6,2,1,2,1,1,3,1,1,1,0,1,0,0,0,0,0,0,0,0,0,0,0,0,0,0,0,0,0,0,0,0,0,0,0,0,0,,10757,2990,1605,1286,1367,1367,186,38,0,0,4243,0
1074,2753,45.9,12/24/2024 13:43:07,18.11,3870,0,0,0,0,245,1023,554,204,155,93,84,68,74,65,48,49,56,44,36,35,41,34,45,33,33,36,30,25,19,27,19,17,23,20,25,21,27,12,16,23,13,28,24,18,20,14,15,25,22,29,23,23,22,27,27,19,27,16,10,14,13,7,10,7,9,7,6,6,3,4,5,1,2,2,3,3,1,1,1,0,2,0,1,1,0,0,0,0,0,0,0,0,0,0,0,0,0,0,0,0,0,0,,13020,3313,1888,1193,1220,1220,425,116,22,0,4197,0
1075,2755,45.9,12/24/2024 13:45:11,21.48,4874,0,0,0,0,261,1158,608,277,183,122,109,96,95,72,63,75,66,68,58,56,52,39,64,42,54,37,36,32,30,36,31,27,29,29,27,34,29,29,37,28,34,28,33,41,27,29,37,38,52,38,54,37,43,47,37,40,27,33,10,14,8,7,6,13,5,6,6,2,3,3,2,1,4,4,3,4,0,3,3,1,1,1,0,0,0,0,0,0,0,0,0,0,0,0,0,0,0,0,0,0,0,0,,12654,3771,2109,1555,1629,1629,284,121,9,0,5228,0
1076,2757,46.0,12/24/2024 13:46:50,16.23,2747,0,0,0,0,220,840,398,175,97,67,62,43,34,36,34,32,23,26,27,25,17,23,26,17,17,20,18,17,19,12,13,12,13,17,13,12,4,12,10,12,12,12,13,15,7,18,13,13,15,18,20,13,18,15,22,10,9,7,3,7,3,5,3,3,4,7,4,2,2,1,0,4,0,1,0,1,0,1,2,0,0,1,0,0,0,0,0,0,0,0,0,0,0,0,0,0,0,0,0,0,0,0,,11454,2212,1226,801,783,783,209,55,6,0,2637,0
1077,2759,46.0,12/24/2024 13:48:52,21.81,6615,0,0,0,2,389,1568,805,363,240,171,163,127,112,116,101,89,104,82,81,74,68,66,66,73,55,55,55,51,41,65,42,44,42,50,58,39,44,39,25,42,32,42,42,41,40,54,42,49,57,49,46,41,49,50,48,44,45,35,24,25,12,24,15,6,18,12,11,12,9,5,4,1,3,2,5,2,3,2,4,1,2,0,0,0,0,0,0,0,0,0,0,0,0,0,0,0,0,0,0,0,0,0,,16969,5122,2921,2095,1921,1921,587,133,9,0,6667,0
1078,2761,46.0,12/24/2024 13:50:56,22.08,5871,0,0,0,0,370,1286,737,314,205,165,136,123,101,115,89,101,78,72,74,64,66,59,72,57,52,48,50,48,43,37,36,47,33,45,45,29,54,23,37,34,36,35,36,38,28,45,49,52,54,52,60,57,58,59,44,30,26,24,23,11,9,13,5,13,11,13,4,3,7,5,7,3,3,1,2,1,3,3,1,1,1,0,0,0,0,0,0,0,0,0,0,0,0,0,0,0,0,0,0,0,0,0,,14552,4615,2572,1898,1816,1816,408,118,5,0,6060,0
1079,2763,46.1,12/24/2024 13:53:01,21.64,5618,0,0,0,2,375,1244,664,334,221,126,146,95,100,84,98,69,84,78,67,65,58,61,44,54,41,46,45,47,41,37,38,35,43,36,29,36,42,25,35,26,40,37,30,32,38,39,48,44,48,50,46,62,47,48,59,50,38,38,22,15,15,18,3,12,9,13,9,6,4,7,5,1,2,2,3,1,0,1,1,0,3,0,1,0,0,0,0,0,0,0,0,0,0,0,0,0,0,0,0,0,0,0,,14381,4362,2366,1779,2033,2033,467,88,18,0,6419,0
1080,2765,46.1,12/24/2024 13:54:42,18.22,3801,0,0,0,1,301,1071,509,197,140,91,73,62,67,62,53,27,48,40,27,38,36,29,36,24,30,29,31,24,26,17,20,21,19,23,19,19,12,20,18,20,18,17,24,24,27,26,20,13,18,21,23,37,25,35,27,15,18,11,12,12,8,7,10,10,7,5,4,3,6,9,1,2,4,3,4,2,3,2,2,2,0,3,1,0,0,0,0,0,0,0,0,0,0,0,0,0,0,0,0,0,0,0,,13079,2925,1658,1147,1224,1224,384,137,22,0,4138,0
1081,2767,46.1,12/24/2024 13:56:45,21.83,6050,0,0,0,0,392,1351,737,321,210,123,160,139,121,95,105,100,84,82,71,68,72,63,61,50,53,51,52,49,37,42,40,46,42,47,37,45,32,38,30,33,36,30,28,36,37,46,50,45,45,50,62,57,55,33,50,46,41,31,24,16,10,16,12,15,12,12,7,9,8,6,6,2,6,8,3,5,6,3,4,0,0,2,1,0,0,0,0,0,0,0,0,0,0,0,0,0,0,0,0,0,0,0,,15089,5025,2611,1951,1947,1947,518,197,14,0,6574,0
1082,2769,46.2,12/24/2024 13:58:52,21.88,4451,0,0,0,0,271,1068,588,237,169,109,109,88,78,59,59,64,64,60,44,50,51,41,44,29,36,30,44,29,36,31,31,35,29,15,28,21,32,28,33,18,34,23,28,31,16,24,42,23,30,38,41,49,50,42,38,28,26,18,21,16,7,12,6,10,5,2,5,4,4,4,2,4,1,1,1,0,1,0,0,2,1,2,1,0,0,0,0,0,0,0,0,0,0,0,0,0,0,0,0,0,0,0,,11659,3318,1837,1389,1536,1536,279,59,18,0,4817,0
1083,2771,46.2,12/24/2024 14:01:00,21.81,3352,0,0,0,0,221,780,444,171,143,95,73,56,44,59,50,52,42,34,32,46,34,34,40,43,38,27,21,27,20,19,21,25,23,16,13,14,16,20,28,19,15,27,20,20,24,32,24,22,42,28,25,36,28,32,30,26,17,17,8,8,5,4,5,5,1,1,2,0,1,2,2,0,0,0,1,0,1,0,1,0,0,0,0,0,0,0,0,0,0,0,0,0,0,0,0,0,0,0,0,0,0,0,,8835,2393,1486,963,1064,1064,128,23,0,0,3242,0
1084,2773,46.2,12/24/2024 14:03:07,21.7,4299,0,0,0,2,285,1045,520,228,163,97,108,95,79,75,67,50,48,52,49,56,40,48,42,39,35,37,39,24,39,22,29,29,37,23,26,30,27,40,22,26,20,18,28,35,28,35,18,29,39,34,44,48,41,39,40,32,21,15,7,4,7,3,6,6,5,1,2,3,5,2,1,3,1,2,0,2,0,1,0,1,0,0,0,0,0,0,0,0,0,0,0,0,0,0,0,0,0,0,0,0,0,0,,11281,3313,1816,1424,1373,1373,189,51,0,0,4410,0
1085,2775,46.3,12/24/2024 14:04:53,23.25,6123,0,0,0,0,445,1520,813,321,195,197,147,106,102,83,86,74,73,88,73,60,58,63,50,54,46,46,40,52,45,44,31,29,39,35,44,31,42,30,29,38,44,26,26,42,39,37,36,26,56,40,43,48,44,33,50,35,25,20,17,16,16,13,18,18,18,15,15,12,12,8,9,3,3,6,3,3,3,2,2,5,6,1,0,0,0,0,0,0,0,0,0,0,0,0,0,0,0,0,0,0,0,0,,15647,4086,2275,1686,1492,1492,662,194,30,0,5557,0
1086,2777,46.3,12/24/2024 14:06:55,22.22,7168,0,0,0,1,457,1580,900,388,262,179,176,135,137,117,109,131,92,89,92,84,76,88,62,66,50,69,52,53,51,54,47,55,42,36,52,34,39,39,45,37,60,46,53,43,57,41,53,59,54,63,55,78,57,61,54,52,56,23,33,22,15,16,20,17,14,9,9,6,11,6,10,3,4,5,5,1,4,7,2,3,3,2,0,0,0,0,0,0,0,0,0,0,0,0,0,0,0,0,0,0,0,0,,17745,5572,3006,2187,2277,2277,599,212,23,0,7574,0
1087,2779,46.3,12/24/2024 14:09:00,22.09,5276,0,0,0,0,316,1232,677,279,196,142,123,90,80,81,76,76,68,77,70,60,70,50,54,43,42,39,41,48,56,47,42,42,29,33,28,39,36,27,37,22,32,36,36,40,38,38,49,39,48,41,43,52,34,53,37,46,23,21,14,12,8,7,11,4,5,5,9,5,0,4,3,2,3,2,1,1,0,2,2,1,0,0,1,0,0,0,0,0,0,0,0,0,0,0,0,0,0,0,0,0,0,0,,13422,3943,2408,1661,1553,1553,276,77,5,0,5124,0
1088,2781,46.4,12/24/2024 14:10:42,18.8,4277,0,0,0,0,316,1234,593,251,187,83,103,76,76,52,44,57,56,49,38,41,38,34,28,34,29,19,30,23,20,25,19,29,26,22,23,24,13,18,20,20,16,26,26,20,21,20,20,35,29,31,38,19,28,24,19,25,15,13,13,15,4,9,5,12,6,8,2,2,1,2,4,3,3,2,4,1,0,0,2,2,1,1,0,0,0,0,0,0,0,0,0,0,0,0,0,0,0,0,0,0,0,0,,14718,3351,1590,1223,1133,1133,293,117,11,0,3910,0
1089,2783,46.4,12/24/2024 14:12:48,22.09,5904,0,0,0,0,383,1390,750,329,224,145,137,96,92,83,86,92,64,67,70,60,72,47,52,66,54,39,46,54,49,42,45,26,50,35,31,34,40,41,28,43,31,32,44,45,43,55,47,52,63,49,46,66,66,58,31,29,28,22,17,10,12,10,7,21,9,6,4,2,6,4,5,0,3,2,5,4,2,1,3,1,0,1,0,0,0,0,0,0,0,0,0,0,0,0,0,0,0,0,0,0,0,0,,15201,4160,2562,1829,1743,1743,389,118,5,0,5826,0
1090,2785,46.4,12/24/2024 14:14:28,17.53,3548,0,0,0,1,262,1016,530,194,127,86,66,55,54,49,50,39,38,47,31,29,34,29,24,32,22,15,25,25,20,17,26,25,19,14,18,18,17,18,18,14,17,15,28,24,15,27,23,30,27,29,27,20,20,19,16,11,5,10,10,5,4,7,7,14,6,4,4,2,2,0,4,3,2,0,1,1,2,0,2,1,0,0,0,0,0,0,0,0,0,0,0,0,0,0,0,0,0,0,0,0,0,0,,13018,2807,1535,1164,839,839,308,91,0,0,3240,0
1091,2787,46.5,12/24/2024 14:16:30,22.42,7468,0,0,0,0,482,1750,963,394,303,177,170,131,146,132,118,92,92,72,73,76,83,69,78,57,64,71,56,45,61,67,54,56,45,49,54,40,43,42,56,55,52,45,63,62,54,57,53,64,71,60,61,60,47,39,47,39,32,29,22,19,18,21,28,13,10,18,11,8,10,7,4,7,0,1,5,2,2,3,3,2,2,1,0,0,0,0,0,0,0,0,0,0,0,0,0,0,0,0,0,0,0,0,,18907,5285,3145,2435,1842,1842,660,138,13,0,6931,0
1092,2789,46.5,12/24/2024 14:18:39,22.25,4517,0,0,0,0,356,1163,587,269,173,105,104,86,94,72,59,59,52,54,44,36,39,48,38,33,26,30,40,31,30,32,31,20,33,23,25,29,27,18,18,26,27,19,30,32,25,29,40,42,32,45,40,40,33,37,14,28,27,6,6,5,4,5,7,3,0,7,3,6,2,2,2,3,1,1,2,1,0,0,0,1,0,0,0,0,0,0,0,0,0,0,0,0,0,0,0,0,0,0,0,0,0,0,,12391,3142,1699,1245,1079,1079,184,49,0,0,3636,0
1093,2791,46.5,12/24/2024 14:20:22,19.55,4542,0,0,0,0,295,1180,640,270,183,103,106,83,72,86,61,52,50,52,45,46,50,42,38,41,32,33,27,24,33,29,26,19,25,19,28,29,22,25,18,27,22,20,14,29,29,28,37,30,35,26,34,32,36,31,27,22,11,27,8,11,13,12,9,9,13,10,7,6,2,5,4,5,3,2,3,6,4,4,0,2,1,2,0,0,0,0,0,0,0,0,0,0,0,0,0,0,0,0,0,0,0,0,,14205,3596,1918,1330,1289,1289,460,174,15,0,4558,0
1094,2793,46.6,12/24/2024 14:22:23,22.52,7368,0,0,0,0,500,1728,922,415,260,199,187,146,141,109,92,112,94,101,74,70,93,70,65,67,57,65,52,57,52,52,61,51,47,49,41,38,43,53,46,44,40,39,48,59,64,52,66,67,74,66,68,62,43,45,43,35,23,21,26,14,21,16,13,10,12,11,13,14,7,8,10,4,0,5,6,2,2,1,3,0,2,0,0,0,0,0,0,0,0,0,0,0,0,0,0,0,0,0,0,0,0,0,,18699,5413,3068,2278,1781,1781,599,155,9,0,6603,0
1095,2795,46.6,12/24/2024 14:24:31,22.22,4870,0,0,0,0,328,1204,615,308,171,112,116,84,82,60,66,62,60,76,55,65,53,41,55,54,51,38,34,30,39,27,35,36,28,30,27,38,29,28,30,30,24,28,38,32,28,37,30,36,35,46,58,43,34,28,27,24,22,14,10,11,17,11,5,3,10,3,2,2,2,1,3,1,1,1,2,1,0,1,1,1,0,0,0,0,0,0,0,0,0,0,0,0,0,0,0,0,0,0,0,0,0,0,,12844,3506,2057,1508,1296,1296,266,54,0,0,4419,0
1096,2797,46.6,12/24/2024 14:26:37,21.72,4732,0,0,0,0,321,1109,562,251,158,127,119,92,105,85,83,59,62,61,64,53,46,50,42,41,47,39,33,38,37,32,26,26,24,31,40,33,31,33,21,32,34,30,28,39,35,29,26,50,42,44,55,42,38,42,35,35,18,20,6,8,9,9,8,6,2,4,3,4,2,2,3,2,1,2,1,2,0,2,0,0,1,0,0,0,0,0,0,0,0,0,0,0,0,0,0,0,0,0,0,0,0,0,,12187,3817,1984,1524,1418,1418,239,64,5,0,4669,0
1097,2799,46.7,12/24/2024 14:28:46,21.63,3078,0,0,0,0,194,797,440,177,113,70,69,54,56,41,53,29,46,38,39,36,33,25,34,24,24,20,25,15,18,17,22,20,13,18,14,21,21,19,17,16,11,15,14,16,11,22,30,21,23,23,32,30,34,31,25,18,10,10,5,5,5,3,3,3,2,2,1,1,1,0,1,0,0,0,0,1,0,0,1,0,0,0,0,0,0,0,0,0,0,0,0,0,0,0,0,0,0,0,0,0,0,0,,8599,2284,1188,888,948,948,102,14,0,0,2899,0
1098,2801,46.7,12/24/2024 14:30:54,21.41,3856,0,0,0,0,254,926,482,198,172,93,91,71,69,63,64,51,49,44,51,44,31,36,44,28,22,37,26,28,41,32,20,30,25,26,21,19,23,15,17,20,21,20,24,33,32,28,23,28,27,27,42,43,45,34,43,22,16,19,11,5,7,6,3,8,5,1,3,4,4,1,4,0,2,0,1,0,0,0,0,1,0,0,0,0,0,0,0,0,0,0,0,0,0,0,0,0,0,0,0,0,0,0,,10350,2933,1611,1107,1340,1340,215,37,0,0,4040,0
1099,2803,46.7,12/24/2024 14:33:01,21.45,3681,0,0,0,0,189,849,436,209,153,84,84,73,72,76,74,49,53,39,50,55,38,34,43,19,34,33,35,30,27,26,22,36,25,27,25,26,24,25,32,18,29,25,25,20,23,41,28,25,31,31,31,44,35,29,40,28,22,14,7,6,3,3,3,3,2,0,3,0,3,0,1,0,1,0,0,0,0,1,0,0,0,0,0,0,0,0,0,0,0,0,0,0,0,0,0,0,0,0,0,0,0,0,,9343,3091,1590,1347,1207,1207,98,14,0,0,3874,0
1100,2805,46.8,12/24/2024 14:34:42,18,3721,0,0,0,0,308,1036,520,215,135,94,93,59,69,47,57,34,35,40,31,25,38,23,27,25,23,27,22,24,19,25,17,18,23,27,17,19,19,15,17,13,18,19,19,17,25,24,23,20,20,17,21,25,27,30,22,12,20,17,12,10,7,6,7,7,9,10,6,2,5,2,4,5,0,4,3,3,1,3,0,3,0,0,0,0,0,0,0,0,0,0,0,0,0,0,0,0,0,0,0,0,0,0,,13339,2933,1500,1128,1128,1128,361,144,0,0,3889,0
1101,2807,46.8,12/24/2024 14:36:44,22,7740,0,0,1,0,447,1770,1075,483,339,184,190,156,140,125,106,108,106,96,86,70,76,70,68,59,49,47,47,64,49,50,61,45,46,52,55,49,40,37,39,51,57,42,47,55,56,65,48,63,68,74,54,59,69,65,64,41,29,29,19,17,12,20,18,14,9,14,17,11,13,7,7,4,6,10,4,6,2,3,2,1,3,0,0,0,0,0,0,0,0,0,0,0,0,0,0,0,0,0,0,0,0,0,,20405,5723,2909,2418,2082,2082,645,218,14,0,7459,0
1102,2809,46.8,12/24/2024 14:38:25,18.42,5547,0,0,0,0,378,1656,1200,433,274,177,147,105,77,60,55,54,42,36,35,33,30,21,27,25,29,30,20,20,14,18,22,11,20,21,10,8,19,18,23,16,13,16,10,20,19,19,20,20,26,22,24,21,22,23,16,17,11,7,6,5,6,3,3,6,3,4,1,3,4,1,4,3,1,1,1,0,1,1,0,0,0,0,0,0,0,0,0,0,0,0,0,0,0,0,0,0,0,0,0,0,0,0,,23154,3659,1390,983,858,858,206,65,0,0,2970,0
1103,2811,46.9,12/24/2024 14:40:34,21.98,10787,0,0,0,0,604,2977,2416,1001,683,336,315,221,178,140,133,97,86,78,62,75,49,58,48,43,36,48,34,31,27,33,39,31,37,20,21,35,27,30,27,32,27,23,43,17,48,30,36,34,42,33,35,37,42,30,33,28,21,17,10,11,15,8,7,9,6,4,9,5,2,2,2,2,4,2,0,2,1,2,0,0,0,0,0,0,0,0,0,0,0,0,0,0,0,0,0,0,0,0,0,0,0,0,,37907,6524,2029,1483,1269,1269,314,68,0,0,4404,0
1104,2813,46.9,12/24/2024 14:42:41,23.42,0,0,0,0,0,0,0,0,0,0,0,0,0,0,0,0,0,0,0,0,0,0,0,0,0,0,0,0,0,0,0,0,0,0,0,0,0,0,0,0,0,0,0,0,0,0,0,0,0,0,0,0,0,0,0,0,0,0,0,0,0,0,0,0,0,0,0,0,0,0,0,0,0,0,0,0,0,0,0,0,0,0,0,0,0,0,0,0,0,0,0,0,0,0,0,0,0,0,0,0,0,0,0,,0,0,0,0,0,0,0,0,0,0,0,0
1105,2815,46.9,12/24/2024 14:44:53,23,6383,0,0,0,0,360,1837,1489,573,326,211,155,101,103,66,65,51,41,39,23,39,24,26,27,20,27,19,21,18,21,14,24,14,25,26,17,26,28,28,19,28,24,20,22,33,31,29,26,32,29,37,32,23,16,18,17,14,3,7,5,6,2,6,1,3,3,2,1,3,2,1,1,2,0,0,1,0,0,0,0,0,0,0,0,0,0,0,0,0,0,0,0,0,0,0,0,0,0,0,0,0,0,0,,21526,3074,1048,1126,622,622,109,17,0,0,2496,0
1106,2817,47.0,12/24/2024 14:47:02,22.34,4614,0,0,0,0,290,1334,900,380,240,143,132,82,79,67,55,42,45,39,38,34,24,33,28,30,24,28,23,23,23,22,20,16,23,18,14,18,21,15,22,14,9,9,18,8,15,21,23,16,26,30,24,12,12,13,10,4,3,4,5,0,3,1,0,0,1,0,2,3,0,0,1,0,0,1,1,0,0,0,0,0,0,0,0,0,0,0,0,0,0,0,0,0,0,0,0,0,0,0,0,0,0,0,,15304,2851,1244,850,403,403,49,13,0,0,1719,0
1107,2819,47.0,12/24/2024 14:49:11,21.61,4758,0,0,0,0,294,1258,820,340,201,138,124,80,95,81,76,58,45,58,44,53,38,35,38,46,26,39,26,22,29,24,18,32,22,27,15,25,22,27,25,29,24,19,24,16,12,17,14,25,33,23,29,34,33,32,21,10,17,7,6,3,6,4,1,1,7,2,2,2,3,0,0,1,0,0,0,0,0,0,0,0,0,0,0,0,0,0,0,0,0,0,0,0,0,0,0,0,0,0,0,0,0,0,,14692,3480,1578,1231,916,916,130,5,0,0,3198,0
1108,2821,47.0,12/24/2024 14:50:52,17.84,4477,0,0,1,1,385,1366,878,327,200,121,111,84,53,54,67,42,37,46,22,35,27,30,24,20,18,24,23,33,18,20,11,18,17,12,12,14,7,12,4,10,20,12,10,7,16,25,8,13,13,20,11,18,20,18,16,12,8,4,4,8,2,0,4,2,3,3,0,4,0,1,2,3,1,1,1,2,0,1,0,0,0,0,0,0,0,0,0,0,0,0,0,0,0,0,0,0,0,0,0,0,0,0,,19002,3240,1390,768,678,678,118,62,0,0,2304,0
1109,2823,47.1,12/24/2024 14:52:54,22.06,8525,4,0,5,7,516,2126,1404,647,411,252,244,199,173,142,143,116,100,88,85,83,67,69,63,60,49,45,50,45,43,51,51,49,41,49,37,36,40,34,41,36,43,41,31,34,41,43,38,47,43,47,49,48,45,39,44,27,16,10,11,13,9,12,9,11,8,10,6,5,8,6,5,1,1,3,5,4,2,2,6,0,1,0,0,0,0,0,0,0,0,0,0,0,0,0,0,0,0,0,0,0,0,0,,25458,6528,2688,2072,1410,1410,403,136,5,0,5435,0
1110,2825,47.1,12/24/2024 14:55:01,22.22,5748,0,0,0,0,353,1487,940,372,244,174,143,105,101,84,73,63,74,53,58,62,53,61,51,37,40,36,33,28,28,39,28,28,36,39,30,31,27,26,25,26,29,25,40,25,35,42,34,41,47,35,37,42,42,20,27,28,19,9,6,6,6,7,5,14,4,3,3,5,5,5,1,2,0,3,0,0,0,0,2,5,1,0,0,0,0,0,0,0,0,0,0,0,0,0,0,0,0,0,0,0,0,0,,16710,3911,1953,1463,1089,1089,261,63,5,0,3969,0
1111,2827,47.1,12/24/2024 14:57:09,21.72,3910,0,0,0,0,242,1024,571,248,150,87,103,82,70,48,55,39,62,53,48,49,37,43,31,33,35,28,35,25,24,31,27,21,19,21,25,19,28,20,11,17,24,27,20,17,29,25,23,23,29,24,34,37,24,26,15,14,18,7,4,6,0,1,2,1,4,3,0,1,3,4,1,0,0,2,0,1,0,0,0,0,0,0,0,0,0,0,0,0,0,0,0,0,0,0,0,0,0,0,0,0,0,0,,11165,2974,1607,1068,852,852,92,18,0,0,2882,0
1112,2829,47.2,12/24/2024 14:59:16,21.36,3285,0,0,0,0,236,795,468,180,144,80,87,69,77,62,48,48,34,28,36,29,30,35,31,27,27,24,25,18,18,23,24,20,24,18,8,24,17,18,17,15,22,24,17,16,24,14,23,33,23,28,23,30,26,32,22,18,13,7,3,5,3,0,1,0,2,3,1,0,2,1,2,0,1,1,0,0,0,1,0,0,0,0,0,0,0,0,0,0,0,0,0,0,0,0,0,0,0,0,0,0,0,0,,9316,2566,1320,969,852,852,70,23,0,0,2767,0
1113,2831,47.2,12/24/2024 15:00:57,17.31,5305,0,0,0,0,379,1585,965,376,255,140,153,99,96,76,62,67,47,51,46,46,40,34,31,28,21,24,29,24,29,23,21,18,21,17,16,13,9,11,12,18,14,14,18,22,16,16,19,23,23,24,31,20,19,18,15,7,14,7,7,8,11,13,6,10,7,4,7,3,2,5,2,3,1,0,5,5,0,3,0,1,0,0,0,0,0,0,0,0,0,0,0,0,0,0,0,0,0,0,0,0,0,0,,22259,4523,1756,982,907,907,404,116,0,0,3316,0
1114,2833,47.2,12/24/2024 15:02:58,21.95,6336,0,0,0,1,451,1507,765,369,271,145,145,111,120,110,92,80,83,76,79,82,49,66,60,53,45,48,43,47,47,47,44,46,31,41,53,35,39,39,43,30,42,52,55,43,36,50,56,51,54,59,55,51,54,52,34,23,21,24,19,14,8,5,11,8,7,11,9,3,5,7,5,2,3,0,2,1,6,1,2,2,0,0,0,0,0,0,0,0,0,0,0,0,0,0,0,0,0,0,0,0,0,0,,16647,4679,2501,2018,1617,1617,360,109,0,0,5722,0
1115,2835,47.3,12/24/2024 15:05:03,22,4971,0,0,0,0,334,1252,624,252,212,125,132,86,80,89,62,68,64,50,53,56,41,49,50,44,41,41,33,45,29,29,32,36,28,28,32,30,32,33,28,20,38,49,17,32,28,29,40,48,55,50,49,54,43,41,31,23,18,11,10,8,5,6,6,6,6,8,2,2,1,4,2,1,0,2,2,1,1,0,0,1,1,0,0,0,0,0,0,0,0,0,0,0,0,0,0,0,0,0,0,0,0,0,,13323,3550,1973,1532,1332,1332,218,50,5,0,4468,0
1116,2837,47.3,12/24/2024 15:07:09,21.86,4652,0,0,0,0,304,1066,601,267,196,124,106,82,80,85,87,68,71,50,57,51,38,43,50,40,48,31,34,36,40,36,39,31,27,33,30,30,31,17,32,27,27,32,35,36,27,35,40,35,42,35,51,35,40,38,30,17,19,14,8,14,9,5,6,5,4,6,0,2,3,2,1,3,1,2,1,1,1,1,1,0,0,0,0,0,0,0,0,0,0,0,0,0,0,0,0,0,0,0,0,0,0,0,,12187,3545,1990,1482,1258,1258,197,55,0,0,4250,0
1117,2839,47.3,12/24/2024 15:09:15,21.52,4413,0,0,0,0,225,1047,538,261,142,121,83,96,88,71,75,71,57,66,56,48,34,53,39,42,33,34,29,30,33,38,23,26,31,33,25,27,30,20,33,25,36,34,25,29,44,38,36,43,38,43,45,60,42,44,34,28,20,12,11,9,5,7,5,2,8,5,3,4,4,2,2,3,2,1,2,1,0,1,0,2,0,0,0,0,0,0,0,0,0,0,0,0,0,0,0,0,0,0,0,0,0,0,,11231,3462,1803,1436,1441,1441,218,65,0,0,4600,0
1118,2841,47.4,12/24/2024 15:11:23,21.8,3837,0,0,0,0,221,944,486,216,158,100,99,63,60,60,61,41,42,47,53,41,40,43,38,36,30,27,27,24,33,26,23,19,14,34,31,22,31,21,20,24,29,24,20,32,31,29,40,29,43,37,39,32,38,28,30,23,14,13,6,10,2,3,5,0,2,4,1,4,1,0,3,3,1,1,3,1,0,0,0,1,0,0,0,0,0,0,0,0,0,0,0,0,0,0,0,0,0,0,0,0,0,0,,10202,2784,1592,1229,1078,1078,115,60,0,0,3560,0
1119,2843,47.4,12/24/2024 15:13:32,21.63,3494,0,0,0,0,228,965,469,210,136,83,68,71,63,57,45,45,29,29,38,37,32,29,30,22,27,30,21,23,29,14,21,30,17,16,16,14,16,18,17,19,19,23,19,30,22,26,30,28,27,38,36,29,33,20,20,16,12,13,6,8,5,2,1,0,2,3,1,6,1,1,0,1,0,0,0,0,0,2,0,0,0,0,0,0,0,0,0,0,0,0,0,0,0,0,0,0,0,0,0,0,0,0,,9982,2376,1285,939,915,915,102,14,0,0,2885,0
1120,2845,47.4,12/24/2024 15:15:41,21.47,3664,0,0,0,0,241,890,528,182,143,76,70,88,60,55,59,43,44,39,41,40,35,47,43,29,40,33,29,21,33,23,27,21,17,29,16,27,29,17,26,20,20,18,18,29,22,20,19,28,26,32,40,34,32,36,34,22,15,7,7,14,4,3,3,1,1,1,3,2,2,1,4,2,0,1,1,1,0,0,0,0,0,0,0,0,0,0,0,0,0,0,0,0,0,0,0,0,0,0,0,0,0,0,,9921,2673,1677,1160,1141,1141,116,42,0,0,3600,0
1121,2847,47.5,12/24/2024 15:17:48,21.53,3748,0,0,0,1,229,943,449,217,160,106,83,73,81,60,63,57,43,54,45,33,43,42,28,30,34,25,28,25,36,25,19,27,26,26,24,31,19,14,21,9,18,18,20,24,11,22,19,28,40,31,36,31,36,28,37,21,19,15,8,10,5,4,4,2,3,8,2,6,2,2,2,1,1,2,2,0,0,1,0,0,0,0,0,0,0,0,0,0,0,0,0,0,0,0,0,0,0,0,0,0,0,0,,10163,2949,1556,1087,1143,1143,186,42,0,0,3600,0
1122,2849,47.5,12/24/2024 15:19:55,21.38,3746,0,0,1,0,228,917,523,205,138,92,78,67,68,62,69,53,55,42,45,52,26,32,29,37,44,34,26,28,29,25,20,29,26,28,18,22,24,18,14,21,15,23,17,28,14,30,23,29,31,25,30,41,32,36,23,30,17,21,8,5,6,3,2,8,5,3,1,2,2,1,1,1,1,1,1,3,1,1,0,0,0,0,0,0,0,0,0,0,0,0,0,0,0,0,0,0,0,0,0,0,0,0,,10206,2886,1543,1099,1165,1165,159,47,0,0,3634,0
1123,2851,47.5,12/24/2024 15:22:02,20.92,3893,0,0,0,0,244,907,497,217,166,94,103,70,79,73,64,58,49,40,42,40,48,47,39,34,36,29,28,26,28,23,16,27,26,23,27,33,21,26,25,26,31,26,21,18,32,19,31,29,38,38,25,30,32,39,43,23,24,8,12,6,5,6,5,2,5,4,4,1,0,1,1,0,0,1,0,0,2,0,0,0,0,0,0,0,0,0,0,0,0,0,0,0,0,0,0,0,0,0,0,0,0,0,,10650,3184,1692,1343,1181,1181,163,19,0,0,3886,0
1124,2853,47.6,12/24/2024 15:24:10,21.17,3334,0,0,0,1,194,840,444,173,129,83,76,59,70,49,45,65,49,41,42,36,24,29,29,26,27,33,29,31,28,15,26,20,33,15,22,19,16,24,26,14,12,22,17,19,20,24,25,17,20,24,37,24,31,33,29,27,16,9,15,5,7,1,2,2,4,1,2,1,3,0,2,0,0,0,0,0,1,0,0,0,0,0,0,0,0,0,0,0,0,0,0,0,0,0,0,0,0,0,0,0,0,0,,9164,2626,1403,1072,1101,1101,118,14,0,0,3406,0
1125,2855,47.6,12/24/2024 15:25:50,17.61,3553,0,0,0,2,244,995,466,196,103,105,87,64,61,53,56,47,43,38,36,34,33,24,26,26,22,32,31,22,21,19,28,25,27,19,13,16,12,25,19,21,23,18,20,23,13,14,21,18,25,24,29,22,20,31,19,16,23,12,12,5,9,8,11,6,5,6,1,2,5,5,1,4,4,0,3,1,0,2,1,0,0,0,0,0,0,0,0,0,0,0,0,0,0,0,0,0,0,0,0,0,0,0,,12482,3135,1613,1295,1124,1124,335,91,0,0,3969,0
1126,2857,47.6,12/24/2024 15:27:50,21.73,6110,0,0,0,0,372,1338,764,352,241,140,143,131,89,102,107,76,82,68,69,83,73,65,62,58,55,51,50,48,45,36,48,47,37,35,39,51,36,42,33,46,41,31,47,37,51,50,46,49,60,57,62,66,60,56,56,25,34,20,22,18,13,6,12,13,10,9,7,8,3,1,5,5,2,5,3,1,2,2,1,0,0,0,0,0,0,0,0,0,0,0,0,0,0,0,0,0,0,0,0,0,0,0,,15416,4708,2720,2094,1988,1988,400,120,0,0,6590,0
1127,2859,47.7,12/24/2024 15:29:52,21.95,6224,0,0,0,1,338,1397,705,295,248,169,172,121,122,111,103,95,66,76,72,73,79,65,73,72,56,49,49,53,49,42,52,55,45,34,52,46,43,43,32,37,45,49,45,50,54,62,50,58,59,55,62,61,56,51,53,35,27,25,21,13,14,12,12,7,8,10,7,4,2,4,5,5,4,3,1,1,1,1,0,2,0,0,0,0,0,0,0,0,0,0,0,0,0,0,0,0,0,0,0,0,0,0,,15148,4966,2911,2205,1904,1904,387,105,0,0,6506,0
1128,2861,47.7,12/24/2024 15:31:57,21.81,4805,0,0,0,0,276,1117,579,249,185,131,111,87,91,84,83,78,76,62,64,58,44,49,55,42,34,31,47,40,28,40,31,34,36,24,36,22,31,38,25,40,32,34,35,30,31,34,44,41,45,36,36,50,40,46,43,33,30,23,9,11,11,10,5,8,3,2,4,3,4,2,2,3,2,2,2,0,0,1,0,0,0,0,0,0,0,0,0,0,0,0,0,0,0,0,0,0,0,0,0,0,0,0,,12141,3842,2022,1600,1522,1522,248,55,0,0,4947,0
1129,2863,47.7,12/24/2024 15:34:04,21.47,3671,0,0,0,0,205,923,505,229,154,81,92,67,57,70,65,39,43,32,47,26,36,36,36,24,39,30,27,28,26,25,35,20,25,19,16,15,22,22,22,25,15,14,25,16,20,23,28,22,29,30,33,37,43,29,39,24,19,18,7,8,3,6,3,4,2,2,1,2,2,1,1,0,0,0,1,1,0,0,0,0,0,0,0,0,0,0,0,0,0,0,0,0,0,0,0,0,0,0,0,0,0,0,,10196,2673,1593,1099,1211,1211,126,14,0,0,3661,0
1130,2865,47.8,12/24/2024 15:36:12,21.13,3705,0,0,0,1,227,995,462,175,124,106,74,75,63,75,54,38,37,58,43,39,30,42,39,35,23,41,27,24,18,27,26,20,18,23,18,31,21,17,17,25,21,22,25,30,21,21,23,25,29,33,26,32,36,45,39,31,22,14,6,4,6,4,7,1,3,2,2,2,1,0,1,1,0,1,0,0,1,0,0,0,0,0,0,0,0,0,0,0,0,0,0,0,0,0,0,0,0,0,0,0,0,0,,10241,2773,1571,1122,1235,1235,137,19,0,0,3748,0
1131,2867,47.8,12/24/2024 15:37:54,18.77,3879,0,0,0,1,260,1096,532,216,162,99,109,64,78,55,47,58,38,41,46,37,22,33,32,34,35,26,28,19,25,25,30,26,26,23,21,14,19,13,14,9,17,19,17,22,21,23,17,29,22,25,27,32,24,27,18,18,11,11,8,9,11,8,8,6,4,6,3,2,3,3,1,0,1,2,2,4,1,1,2,1,0,0,0,0,0,0,0,0,0,0,0,0,0,0,0,0,0,0,0,0,0,0,,13186,3170,1646,1129,1044,1044,293,80,0,0,3591,0
1132,2869,47.8,12/24/2024 15:39:55,21.55,5756,0,0,0,0,331,1298,692,307,214,118,135,107,116,90,88,78,72,74,51,78,67,40,67,59,52,66,50,59,38,41,53,41,32,43,37,47,39,29,33,41,41,47,39,37,43,51,42,47,56,71,43,86,62,38,48,35,32,14,14,12,14,11,11,7,14,8,6,8,4,2,5,4,1,5,2,4,4,1,2,1,1,0,0,0,0,0,0,0,0,0,0,0,0,0,0,0,0,0,0,0,0,0,,14362,4436,2747,2023,1847,1847,418,139,5,0,6278,0
1133,2871,47.9,12/24/2024 15:42:00,21.44,4439,0,0,0,0,252,1059,553,236,178,117,113,70,91,76,75,60,65,57,66,46,40,51,49,43,44,46,33,38,26,32,32,33,32,32,21,15,26,24,25,38,33,30,27,29,21,36,32,35,42,35,39,30,46,37,28,31,27,16,10,8,4,9,7,5,4,7,3,3,1,0,1,0,1,0,2,3,1,2,0,0,0,0,0,0,0,0,0,0,0,0,0,0,0,0,0,0,0,0,0,0,0,0,,11698,3540,2024,1451,1287,1287,205,47,0,0,4277,0
1134,2873,47.9,12/24/2024 15:44:06,21.28,3854,0,0,0,0,264,972,535,204,146,85,96,70,69,61,63,49,48,49,39,45,38,35,40,38,35,29,32,27,18,18,34,19,22,35,18,16,21,22,16,30,27,19,27,23,22,16,27,27,33,30,32,43,39,32,23,22,16,8,8,6,6,4,7,6,1,1,1,1,1,1,1,3,0,0,0,1,2,0,0,0,0,0,0,0,0,0,0,0,0,0,0,0,0,0,0,0,0,0,0,0,0,0,,10818,2946,1617,1222,1104,1104,141,33,0,0,3604,0
1135,2875,47.9,12/24/2024 15:46:12,21.06,3829,0,0,0,0,233,874,470,191,149,92,91,74,78,71,78,59,44,56,56,43,38,35,28,45,49,35,34,32,25,30,25,23,35,31,20,25,19,20,30,22,32,32,22,25,22,20,27,30,25,35,24,32,38,29,46,30,23,17,11,10,6,4,5,3,6,2,3,0,2,3,1,0,0,2,1,1,0,0,0,0,0,0,0,0,0,0,0,0,0,0,0,0,0,0,0,0,0,0,0,0,0,0,,9972,3267,1785,1339,1263,1263,166,24,0,0,4055,0
1136,2877,48.0,12/24/2024 15:48:18,21.05,3921,0,0,0,0,238,986,461,210,144,96,86,90,67,56,74,64,48,55,42,45,44,33,38,30,32,31,26,31,24,34,27,19,18,25,21,10,25,26,25,24,23,23,24,21,24,24,35,32,29,50,32,41,40,44,36,32,23,22,9,7,7,4,9,3,7,4,2,4,1,1,2,0,0,0,0,0,0,0,1,0,0,0,0,0,0,0,0,0,0,0,0,0,0,0,0,0,0,0,0,0,0,0,,10551,3188,1663,1154,1392,1392,209,14,0,0,4162,0
1137,2879,48.0,12/24/2024 15:50:00,18.2,4272,0,0,0,0,274,1163,548,255,159,112,87,81,55,58,64,58,53,52,53,44,32,41,38,32,35,36,34,35,23,23,31,29,23,20,24,20,25,22,19,27,29,23,21,24,17,27,23,27,31,21,23,38,37,40,22,20,21,19,18,10,11,10,16,10,4,5,6,4,3,9,3,3,1,2,3,0,2,1,1,0,2,0,0,0,0,0,0,0,0,0,0,0,0,0,0,0,0,0,0,0,0,0,,14275,3500,1978,1478,1423,1423,445,99,11,0,4879,0
1138,2881,48.0,12/24/2024 15:52:03,21.36,5410,0,0,0,0,351,1344,669,305,210,134,85,99,115,68,85,87,67,68,68,69,53,51,59,55,44,48,47,46,41,36,39,33,40,29,33,32,25,32,29,24,47,27,37,32,44,52,30,46,46,45,49,42,44,49,30,31,24,25,9,8,12,6,6,9,4,1,6,8,4,2,2,3,2,2,3,1,0,1,1,0,0,0,0,0,0,0,0,0,0,0,0,0,0,0,0,0,0,0,0,0,0,0,,14504,4045,2430,1699,1512,1512,281,70,0,0,5075,0
1139,2883,48.1,12/24/2024 15:54:08,21.39,4726,0,0,0,0,261,1121,633,268,173,125,107,97,96,54,79,76,63,55,59,61,46,44,54,54,47,28,30,36,42,34,33,32,35,34,22,30,31,22,26,20,32,25,29,39,44,38,32,42,44,48,28,42,42,36,32,30,22,20,8,10,5,8,5,9,2,4,7,1,3,3,2,1,2,2,0,1,0,0,0,0,0,0,0,0,0,0,0,0,0,0,0,0,0,0,0,0,0,0,0,0,0,0,,12567,3707,2094,1482,1286,1286,229,37,0,0,4320,0
1140,2885,48.1,12/24/2024 15:56:16,21.28,2938,0,0,0,0,167,735,399,188,111,83,48,47,54,45,36,48,40,28,36,42,33,26,34,24,22,25,30,19,20,23,23,17,18,16,14,11,22,13,12,14,18,18,19,19,27,25,22,32,21,24,25,28,27,23,19,18,13,6,7,7,1,1,3,4,2,1,1,2,1,0,0,0,0,1,0,0,0,0,0,0,0,0,0,0,0,0,0,0,0,0,0,0,0,0,0,0,0,0,0,0,0,0,,8134,2148,1311,836,818,818,75,5,0,0,2552,0
1141,2887,48.1,12/24/2024 15:58:23,20.84,3168,0,0,0,0,171,792,441,206,125,73,72,72,58,46,54,41,45,43,32,32,38,37,28,33,23,23,20,23,25,18,23,17,15,25,23,20,19,19,13,14,16,10,25,13,20,14,23,20,26,25,23,23,30,33,27,26,11,11,9,8,3,2,3,1,2,1,0,1,1,0,1,0,0,0,1,0,0,0,0,0,0,0,0,0,0,0,0,0,0,0,0,0,0,0,0,0,0,0,0,0,0,0,,9021,2558,1396,979,979,979,72,10,0,0,3018,0
1142,2889,48.2,12/24/2024 16:00:31,20.66,2904,0,0,0,0,135,754,410,157,121,81,74,64,48,50,42,44,38,31,24,18,22,28,20,21,24,20,31,23,33,17,16,22,12,16,24,20,15,13,17,15,16,15,11,21,20,23,22,26,22,29,24,19,22,28,19,24,16,13,11,5,2,2,4,3,0,1,1,1,1,0,1,0,0,1,1,0,0,0,0,0,0,0,0,0,0,0,0,0,0,0,0,0,0,0,0,0,0,0,0,0,0,0,,8383,2202,1234,900,886,886,77,15,0,0,2764,0
1143,2891,48.2,12/24/2024 16:02:39,20.55,2434,0,0,0,0,167,658,343,148,88,65,55,61,37,27,46,30,34,36,30,24,13,19,22,14,28,19,15,11,25,7,19,10,9,24,12,7,12,10,15,8,7,18,7,11,14,13,7,25,14,12,19,23,17,18,18,21,12,5,6,7,3,3,1,2,2,0,0,0,0,0,0,0,1,0,0,0,0,0,0,0,0,0,0,0,0,0,0,0,0,0,0,0,0,0,0,0,0,0,0,0,0,0,,7416,1912,934,647,725,725,54,5,0,0,2156,0
1144,2893,48.2,12/24/2024 16:04:46,20.56,2833,0,0,0,0,162,712,382,166,105,87,60,65,53,40,46,31,30,33,31,20,30,27,29,18,24,25,20,24,27,21,23,21,17,12,8,13,23,20,23,18,15,10,14,18,18,28,17,20,26,23,36,29,25,22,14,16,14,6,17,5,3,3,1,2,2,1,0,0,2,0,0,0,0,0,0,0,0,0,0,0,0,0,0,0,0,0,0,0,0,0,0,0,0,0,0,0,0,0,0,0,0,0,,8142,2135,1304,939,910,910,68,0,0,0,2826,0
1145,2895,48.3,12/24/2024 16:06:52,20.58,2982,0,0,0,1,175,727,399,174,125,92,65,60,40,51,38,46,33,43,38,28,35,28,25,23,24,26,27,22,23,19,21,16,26,22,17,17,17,16,16,25,16,12,19,15,14,16,25,25,19,21,31,38,26,21,19,17,16,11,9,5,5,2,2,4,3,2,5,1,1,0,1,1,0,0,0,0,0,0,0,0,0,0,0,0,0,0,0,0,0,0,0,0,0,0,0,0,0,0,0,0,0,0,,8542,2318,1327,1016,962,962,126,10,0,0,3076,0
1146,2897,48.3,12/24/2024 16:08:58,20.56,3391,0,0,0,0,172,911,419,182,126,98,66,69,73,40,55,54,42,29,38,35,48,42,36,29,26,27,29,30,28,29,18,20,19,22,21,16,15,25,21,15,20,22,12,9,23,23,33,32,22,27,27,31,26,32,38,28,14,10,10,5,6,4,3,1,1,2,1,1,1,1,0,0,0,0,1,0,0,0,0,0,0,0,0,0,0,0,0,0,0,0,0,0,0,0,0,0,0,0,0,0,0,0,,9601,2670,1663,1031,1104,1104,102,5,0,0,3346,0
1147,2899,48.3,12/24/2024 16:11:04,20.69,3333,0,0,0,0,197,865,397,180,133,102,71,68,52,66,40,49,43,43,43,45,44,40,24,35,27,28,20,21,13,26,19,21,17,18,10,13,15,22,21,14,17,11,19,24,26,26,22,28,17,26,23,30,27,40,31,32,19,18,13,5,8,8,3,4,2,2,2,1,2,1,0,0,2,1,0,0,0,1,0,0,0,0,0,0,0,0,0,0,0,0,0,0,0,0,0,0,0,0,0,0,0,0,,9401,2726,1435,904,1189,1189,159,19,0,0,3461,0
1148,2901,48.4,12/24/2024 16:12:45,18.09,3581,0,0,0,0,253,976,499,195,151,88,65,68,55,57,45,39,38,47,34,25,38,29,33,37,23,29,26,30,23,21,15,32,16,21,14,21,18,22,19,14,16,20,20,18,19,23,19,18,17,27,22,32,21,32,29,14,11,12,11,8,10,7,9,7,5,6,7,3,3,3,0,2,5,3,0,1,3,0,1,1,0,0,0,0,0,0,0,0,0,0,0,0,0,0,0,0,0,0,0,0,0,0,,12311,2825,1680,1150,1117,1117,332,88,0,0,3803,0
1149,2903,48.4,12/24/2024 16:14:51,21.11,4382,0,0,0,0,260,1181,508,224,167,143,121,82,84,57,59,60,57,52,52,60,45,36,34,34,42,30,29,29,32,29,28,26,32,19,33,31,22,26,27,16,22,30,24,21,35,50,32,35,29,40,23,43,35,27,34,26,22,17,6,11,9,7,1,8,3,5,5,4,1,0,1,1,1,1,2,0,2,1,0,1,0,0,0,0,0,0,0,0,0,0,0,0,0,0,0,0,0,0,0,0,0,0,,12335,3453,1743,1336,1198,1198,208,47,0,0,3989,0
1150,2905,48.4,12/24/2024 16:16:58,21.28,3571,0,0,0,0,215,928,513,193,137,87,90,67,59,60,52,43,41,44,31,48,37,26,29,22,36,33,33,24,18,21,18,29,22,19,18,24,13,22,16,26,23,20,25,18,23,19,20,33,20,21,38,30,26,30,31,28,13,12,10,7,4,3,3,3,2,3,1,1,2,1,2,1,1,2,1,0,0,0,0,0,0,0,0,0,0,0,0,0,0,0,0,0,0,0,0,0,0,0,0,0,0,0,,10164,2688,1396,1081,1076,1076,117,33,0,0,3383,0
1151,2907,48.5,12/24/2024 16:19:05,21.08,2856,0,0,0,0,152,750,388,178,114,80,71,57,57,40,52,43,31,32,30,27,33,28,24,21,27,17,9,24,20,20,14,17,17,15,9,20,16,16,13,17,13,16,19,16,14,11,21,18,24,27,30,29,30,33,17,11,21,10,6,1,1,2,2,1,0,0,1,0,0,0,1,2,0,0,0,0,0,0,0,0,0,0,0,0,0,0,0,0,0,0,0,0,0,0,0,0,0,0,0,0,0,0,,8221,2244,1124,792,897,897,38,14,0,0,2638,0
1152,2909,48.5,12/24/2024 16:21:12,20.89,2721,0,0,0,0,157,640,351,171,110,82,47,59,47,39,46,41,31,48,39,34,19,18,22,30,21,23,22,29,20,18,21,20,25,19,17,17,15,16,13,19,17,13,15,22,19,22,18,11,21,23,24,23,23,28,27,9,17,8,8,5,3,6,2,2,2,0,1,1,1,0,1,1,0,0,2,0,0,0,0,0,0,0,0,0,0,0,0,0,0,0,0,0,0,0,0,0,0,0,0,0,0,0,,7458,2154,1163,953,838,838,91,19,0,0,2738,0
1153,2911,48.5,12/24/2024 16:23:20,21.05,2944,0,0,0,0,151,785,351,198,104,97,60,54,50,41,37,39,43,37,38,30,19,27,21,18,28,25,25,26,15,21,23,22,17,11,17,19,21,17,16,13,11,21,24,20,11,22,16,22,22,30,27,31,32,22,24,28,18,7,6,4,8,3,2,2,1,3,1,3,1,3,1,0,1,0,0,0,1,0,0,0,0,0,0,0,0,0,0,0,0,0,0,0,0,0,0,0,0,0,0,0,0,0,,8295,2128,1178,888,983,983,133,14,0,0,3002,0
1154,2913,48.6,12/24/2024 16:25:26,20.7,3449,0,0,0,0,203,822,432,189,127,101,72,72,56,51,82,41,44,40,30,42,41,22,25,34,35,28,26,29,26,24,24,24,17,18,30,20,23,33,17,20,22,18,17,24,26,23,31,39,33,31,31,21,29,46,28,28,20,10,10,15,7,1,6,2,0,0,2,1,1,1,1,1,2,1,1,0,0,0,0,0,0,0,0,0,0,0,0,0,0,0,0,0,0,0,0,0,0,0,0,0,0,0,,9401,2758,1517,1198,1184,1184,106,29,0,0,3700,0
1155,2915,48.6,12/24/2024 16:27:32,20.83,3621,0,0,0,0,194,969,474,187,150,84,77,60,72,60,56,52,56,45,46,30,41,36,23,21,26,26,28,31,25,17,23,26,26,18,13,20,21,15,19,25,22,24,20,23,19,38,36,19,32,27,28,42,26,32,30,21,17,19,10,5,11,4,4,3,0,3,4,3,0,2,1,0,2,2,0,0,0,0,0,0,0,0,0,0,0,0,0,0,0,0,0,0,0,0,0,0,0,0,0,0,0,0,,10250,2856,1426,1095,1157,1157,168,24,0,0,3601,0
1156,2917,48.6,12/24/2024 16:29:38,20.75,3355,0,0,0,0,187,880,429,168,137,79,109,50,72,67,61,47,44,42,41,37,30,26,33,21,30,24,26,29,27,23,14,21,21,22,21,15,21,20,22,19,21,14,18,17,22,27,20,32,31,25,25,29,29,30,22,16,17,9,7,5,3,7,0,1,2,2,3,1,2,1,0,0,1,0,0,1,0,0,0,0,0,0,0,0,0,0,0,0,0,0,0,0,0,0,0,0,0,0,0,0,0,0,,9586,2892,1364,1046,925,925,106,10,0,0,3012,0
1157,2919,48.7,12/24/2024 16:31:46,20.86,2622,0,0,0,0,125,633,342,152,109,65,59,59,45,54,48,26,37,28,27,39,28,30,29,22,27,19,23,11,27,22,16,14,26,17,17,12,19,17,18,12,18,15,16,12,14,16,16,12,27,20,18,32,12,24,20,23,10,10,7,10,8,9,5,1,3,1,2,2,3,0,2,0,0,0,0,0,0,0,0,0,0,0,0,0,0,0,0,0,0,0,0,0,0,0,0,0,0,0,0,0,0,0,,7119,2157,1218,892,834,834,173,10,0,0,2742,0
1158,2921,48.7,12/24/2024 16:33:53,20.8,2966,0,0,0,0,153,802,376,177,120,58,69,50,46,56,43,40,41,40,50,37,29,21,32,20,27,22,29,18,22,17,19,26,17,9,17,16,10,21,17,24,15,15,17,18,21,25,23,19,14,26,30,22,30,25,27,19,11,8,5,4,3,1,3,3,3,2,2,2,1,0,0,0,0,0,0,1,0,0,0,0,0,0,0,0,0,0,0,0,0,0,0,0,0,0,0,0,0,0,0,0,0,0,,8438,2409,1231,918,885,885,96,5,0,0,2788,0
1159,2923,48.7,12/24/2024 16:36:00,20.8,3388,0,0,0,0,182,788,449,192,131,97,80,68,79,57,59,53,43,57,55,26,35,28,34,33,27,24,22,21,27,24,23,19,18,28,21,21,21,25,21,18,23,18,16,23,27,19,20,30,24,28,24,21,35,34,31,22,18,18,20,5,6,5,2,2,1,3,1,0,0,1,1,2,0,1,0,0,1,0,0,0,0,0,0,0,0,0,0,0,0,0,0,0,0,0,0,0,0,0,0,0,0,0,,9226,2942,1433,1144,1125,1125,106,24,0,0,3524,0
1160,2925,48.8,12/24/2024 16:37:41,17.47,3329,0,0,0,0,238,882,455,215,155,87,65,64,59,41,40,32,40,47,37,27,40,29,29,24,32,23,31,22,23,18,19,22,11,25,15,12,15,8,20,13,12,15,8,22,21,22,25,20,15,23,29,17,25,28,16,21,9,13,8,5,5,7,4,7,6,3,2,2,4,3,4,2,2,3,1,1,0,2,2,0,0,0,0,0,0,0,0,0,0,0,0,0,0,0,0,0,0,0,0,0,0,0,,12003,2816,1660,985,1007,1007,269,97,0,0,3366,0
1161,2927,48.8,12/24/2024 16:39:45,21.47,4865,0,0,0,0,318,1208,624,277,163,125,97,86,99,64,73,68,61,49,55,48,45,43,56,56,33,40,43,45,40,41,39,28,33,28,23,35,27,29,38,39,33,31,26,38,24,41,38,38,30,38,36,47,39,34,30,22,17,16,13,13,6,6,9,5,10,10,6,3,8,2,2,5,5,1,0,2,1,2,0,2,0,0,0,0,0,0,0,0,0,0,0,0,0,0,0,0,0,0,0,0,0,0,,13097,3470,2240,1639,1272,1272,312,93,0,0,4588,0
1162,2929,48.8,12/24/2024 16:41:27,18.91,3653,0,0,0,1,319,1091,526,207,120,76,75,54,64,43,31,44,40,27,37,34,34,31,27,20,24,33,29,15,20,17,12,15,20,19,11,20,14,25,14,16,16,25,17,18,20,19,22,25,21,19,22,33,16,18,20,21,7,11,9,6,10,4,4,2,7,5,10,2,6,4,2,3,0,3,4,4,5,2,0,4,1,1,0,0,0,0,0,0,0,0,0,0,0,0,0,0,0,0,0,0,0,0,,12771,2554,1386,962,915,915,296,148,11,0,3247,0
1163,2931,48.9,12/24/2024 16:43:27,22.25,0,0,0,0,0,0,0,0,0,0,0,0,0,0,0,0,0,0,0,0,0,0,0,0,0,0,0,0,0,0,0,0,0,0,0,0,0,0,0,0,0,0,0,0,0,0,0,0,0,0,0,0,0,0,0,0,0,0,0,0,0,0,0,0,0,0,0,0,0,0,0,0,0,0,0,0,0,0,0,0,0,0,0,0,0,0,0,0,0,0,0,0,0,0,0,0,0,0,0,0,0,0,0,,0,0,0,0,0,0,0,0,0,0,0,0
1164,2933,48.9,12/24/2024 16:45:08,18.53,3176,0,0,0,0,254,988,480,177,112,64,54,46,55,53,43,25,33,31,27,22,27,17,22,24,23,19,21,18,10,13,19,22,19,11,18,16,23,17,10,9,17,19,18,12,19,18,16,16,21,20,18,19,15,15,12,10,4,5,10,7,6,4,6,3,4,4,3,4,3,1,3,1,5,4,3,3,3,2,1,0,0,0,0,0,0,0,0,0,0,0,0,0,0,0,0,0,0,0,0,0,0,0,,11489,2245,1149,977,653,653,221,135,0,0,2639,0
1165,2935,48.9,12/24/2024 16:47:16,22.28,4910,0,0,0,0,362,1335,655,322,200,128,82,89,56,62,77,65,55,66,53,52,47,44,36,42,34,24,33,39,30,37,38,25,31,32,21,27,24,27,25,32,31,33,22,34,39,36,36,30,44,32,29,36,26,24,23,16,13,11,3,7,7,7,8,13,3,4,7,2,2,4,2,2,2,5,1,5,0,1,1,2,0,0,0,0,0,0,0,0,0,0,0,0,0,0,0,0,0,0,0,0,0,0,,13842,3160,1813,1405,875,875,265,94,0,0,3514,0
1166,2937,49.0,12/24/2024 16:49:26,21.59,2708,0,0,0,0,195,734,384,156,109,57,66,45,55,38,40,36,30,32,31,23,34,17,26,23,21,18,11,19,18,22,8,19,11,21,20,16,14,12,10,13,14,17,17,19,19,21,18,18,17,23,23,18,19,14,17,16,8,7,2,2,0,4,1,2,2,1,1,1,0,2,0,0,1,0,0,0,0,0,0,0,0,0,0,0,0,0,0,0,0,0,0,0,0,0,0,0,0,0,0,0,0,0,,7879,1992,1005,732,584,584,65,5,0,0,1969,0
1167,2939,49.0,12/24/2024 16:51:35,21.81,2929,0,0,0,0,189,833,400,183,117,74,58,47,59,40,49,43,37,30,33,36,21,23,23,28,19,18,14,21,19,20,16,20,15,10,11,17,19,11,14,13,12,19,8,17,27,19,17,18,17,21,25,23,26,21,15,18,6,7,9,2,2,4,2,5,1,1,2,1,1,0,0,1,0,2,0,0,0,0,0,0,0,0,0,0,0,0,0,0,0,0,0,0,0,0,0,0,0,0,0,0,0,0,,8501,2077,1018,724,706,706,87,14,0,0,2238,0
1168,2941,49.0,12/24/2024 16:53:43,21.39,2783,0,0,0,0,163,687,365,155,119,58,58,52,55,44,36,48,41,36,27,24,33,30,31,22,20,22,18,19,21,19,16,13,15,21,15,17,17,12,17,15,11,15,18,20,22,25,21,29,28,22,20,39,31,19,20,18,13,8,10,5,1,6,0,3,2,4,2,2,4,1,1,0,0,0,1,0,1,0,0,0,0,0,0,0,0,0,0,0,0,0,0,0,0,0,0,0,0,0,0,0,0,0,,7504,2122,1173,790,860,860,122,14,0,0,2646,0
1169,2943,49.1,12/24/2024 16:55:52,21.41,2314,0,0,0,0,155,653,312,144,108,56,52,45,41,28,28,29,26,26,25,25,16,29,15,20,23,13,11,11,16,22,9,14,15,9,10,13,10,6,12,7,10,11,13,17,10,12,15,16,23,22,14,18,15,16,17,15,8,4,8,1,5,6,0,1,0,0,1,0,1,0,0,0,0,0,0,0,1,0,0,0,0,0,0,0,0,0,0,0,0,0,0,0,0,0,0,0,0,0,0,0,0,0,,6913,1593,864,537,565,565,65,5,0,0,1738,0
1170,2945,49.1,12/24/2024 16:57:33,18.13,3860,0,0,0,0,314,1158,549,203,134,89,78,74,60,59,40,49,44,45,36,35,31,36,34,25,37,25,21,26,24,11,23,16,22,18,21,14,12,15,14,21,17,13,21,18,22,19,25,15,20,21,24,30,14,19,20,17,14,12,12,9,3,7,9,10,10,4,5,1,3,2,5,6,2,4,1,2,3,1,2,3,1,1,0,0,0,0,0,0,0,0,0,0,0,0,0,0,0,0,0,0,0,0,,13927,3039,1616,1065,960,960,325,165,11,0,3486,0
1171,2947,49.1,12/24/2024 16:59:34,22.03,5670,0,0,0,0,385,1448,727,301,189,148,112,82,98,97,69,65,76,75,66,66,62,50,57,52,57,52,52,41,43,29,33,33,33,32,35,38,35,39,46,27,39,33,38,47,47,46,43,42,42,55,36,33,36,43,28,23,25,19,14,9,15,14,9,10,8,10,7,11,7,3,4,3,1,3,4,3,2,2,1,3,1,1,0,0,0,0,0,0,0,0,0,0,0,0,0,0,0,0,0,0,0,0,,15025,3940,2397,1770,1276,1276,445,123,9,0,4898,0
1172,2949,49.2,12/24/2024 17:01:42,21.92,3749,0,0,0,1,275,1035,504,206,145,85,93,64,68,59,59,43,48,34,37,40,31,38,30,28,39,27,27,29,23,34,29,25,22,15,14,9,18,24,13,18,29,24,18,34,27,25,30,27,31,27,24,21,25,22,18,13,15,10,5,5,3,2,5,1,5,3,2,1,2,1,0,1,1,0,0,2,0,0,0,0,0,1,0,0,0,0,0,0,0,0,0,0,0,0,0,0,0,0,0,0,0,0,,10693,2628,1528,985,734,734,114,18,5,0,2591,0
1173,2951,49.2,12/24/2024 17:03:51,21.67,2822,0,0,0,0,192,761,386,148,105,63,80,33,47,40,36,33,40,25,32,33,22,27,23,28,28,16,23,22,19,12,17,17,14,16,16,22,19,18,14,12,26,15,18,27,22,17,23,25,21,17,26,20,20,22,20,13,13,5,9,2,4,1,2,3,4,1,1,1,0,2,0,1,1,1,0,0,0,0,0,0,0,0,0,0,0,0,0,0,0,0,0,0,0,0,0,0,0,0,0,0,0,0,,8006,1943,1094,881,711,711,88,14,0,0,2404,0
1174,2953,49.2,12/24/2024 17:05:59,21.44,2867,0,0,0,0,211,777,401,167,113,69,84,49,47,48,35,41,39,33,18,33,31,28,23,22,24,20,25,14,20,23,17,14,15,10,14,10,17,19,24,15,9,14,12,21,13,18,14,21,19,16,17,23,22,20,20,14,11,5,6,7,1,2,0,3,1,0,1,2,1,1,0,1,2,0,0,0,0,0,0,0,0,0,0,0,0,0,0,0,0,0,0,0,0,0,0,0,0,0,0,0,0,0,,8498,2136,1152,765,681,681,56,14,0,0,2197,0
1175,2955,49.3,12/24/2024 17:07:40,18.13,4025,0,0,0,0,296,1183,544,214,159,99,84,66,62,51,59,57,47,41,25,34,36,32,26,31,24,28,29,28,24,22,25,30,18,18,26,23,20,19,21,21,24,18,26,25,27,31,24,32,26,16,27,26,16,22,19,12,13,11,15,5,7,6,3,7,5,8,2,13,6,4,5,1,4,3,5,5,2,1,0,1,0,0,0,0,0,0,0,0,0,0,0,0,0,0,0,0,0,0,0,0,0,0,,14225,3100,1682,1351,954,954,364,149,0,0,3773,0
1176,2957,49.3,12/24/2024 17:09:44,21.7,5074,0,0,0,0,330,1198,594,271,189,154,113,93,90,66,84,78,63,77,68,62,43,45,50,47,32,52,40,39,39,36,37,34,44,36,33,28,28,33,31,29,31,38,44,39,43,37,45,36,36,45,41,41,37,40,47,32,19,19,21,11,16,11,4,10,7,9,5,4,8,3,0,1,1,1,1,2,0,1,0,0,2,0,0,0,0,0,0,0,0,0,0,0,0,0,0,0,0,0,0,0,0,0,,13129,3857,2120,1677,1493,1493,355,41,9,0,5069,0
1177,2959,49.3,12/24/2024 17:11:53,21.73,3099,0,0,0,0,250,837,412,167,120,72,67,51,52,43,45,35,31,42,30,29,24,29,26,25,24,19,32,23,28,20,19,24,15,22,13,10,27,13,22,12,20,23,23,14,19,19,20,16,28,22,32,19,26,20,24,18,5,8,1,5,5,6,2,2,2,2,1,0,1,3,2,0,0,0,0,0,0,1,0,0,0,0,0,0,0,0,0,0,0,0,0,0,0,0,0,0,0,0,0,0,0,0,,8859,2066,1238,907,750,750,120,14,0,0,2540,0
1178,2961,49.4,12/24/2024 17:14:01,21.33,2689,0,0,0,0,173,708,351,150,87,79,67,45,59,37,47,42,39,36,32,19,34,25,23,19,22,23,23,20,19,10,18,16,16,16,19,14,12,19,13,18,18,17,21,17,13,20,21,17,18,18,19,19,26,17,18,17,12,8,10,3,3,2,1,0,2,1,0,0,0,0,0,0,0,0,0,0,0,0,1,0,0,0,0,0,0,0,0,0,0,0,0,0,0,0,0,0,0,0,0,0,0,0,,7571,2143,1106,839,713,713,42,5,0,0,2311,0
1179,2963,49.4,12/24/2024 17:15:42,17.88,3849,0,0,0,1,274,1035,558,251,163,109,90,59,60,57,58,44,29,45,40,37,31,34,35,23,26,26,28,24,25,19,27,23,18,23,18,23,24,29,18,18,20,15,21,24,18,23,17,21,22,16,23,14,20,25,16,14,14,12,11,9,11,6,6,8,4,8,8,2,6,5,3,2,4,4,4,3,2,2,0,1,1,1,1,0,0,0,0,0,0,0,0,0,0,0,0,0,0,0,0,0,0,0,,13876,3076,1667,1348,945,945,375,145,17,0,3775,0
1180,2965,49.4,12/24/2024 17:17:48,21.75,4468,0,0,0,0,298,1135,568,245,178,102,111,92,59,68,60,53,48,50,50,47,38,52,41,34,33,51,48,38,42,28,40,17,24,25,25,37,26,32,22,21,11,35,32,24,36,36,34,24,44,35,36,41,32,40,31,26,28,15,7,14,3,3,3,2,5,6,6,3,2,4,1,0,2,1,1,2,2,0,1,0,2,0,0,0,0,0,0,0,0,0,0,0,0,0,0,0,0,0,0,0,0,0,,12124,3108,2046,1287,1255,1255,175,55,9,0,4037,0
1181,2967,49.5,12/24/2024 17:19:56,21.44,3427,0,0,0,0,225,921,440,218,143,69,73,64,58,62,51,53,48,37,34,48,27,38,21,28,17,32,29,20,21,19,23,18,16,28,20,25,17,22,14,11,15,26,14,19,15,18,30,30,28,25,23,31,31,24,24,21,14,9,8,6,6,4,1,0,4,1,1,2,1,1,0,1,1,1,1,0,1,0,0,0,0,0,0,0,0,0,0,0,0,0,0,0,0,0,0,0,0,0,0,0,0,0,,9743,2589,1283,975,919,919,98,23,0,0,2934,0
1182,2969,49.5,12/24/2024 17:22:04,21.08,3065,0,0,0,0,186,812,395,156,112,51,69,50,64,49,46,36,39,41,43,45,36,31,35,19,29,25,29,22,24,9,19,15,13,15,15,19,9,14,22,21,19,21,24,21,26,17,16,20,21,28,25,32,29,21,22,21,21,16,11,8,5,6,1,3,4,1,1,3,0,1,3,1,0,0,1,0,0,0,0,0,1,0,0,0,0,0,0,0,0,0,0,0,0,0,0,0,0,0,0,0,0,0,,8449,2457,1319,859,1001,1001,133,28,5,0,3027,0
1183,2971,49.5,12/24/2024 17:23:46,18.88,3421,0,0,0,1,285,997,512,198,116,81,91,55,54,45,37,44,40,33,35,29,32,33,27,23,14,17,22,16,24,15,18,22,20,20,11,14,12,14,11,22,17,17,17,15,9,16,22,16,19,15,21,15,18,19,19,13,20,14,11,11,8,4,7,7,5,4,2,5,3,0,1,2,2,1,2,3,0,1,0,0,0,0,0,0,0,0,0,0,0,0,0,0,0,0,0,0,0,0,0,0,0,0,,12082,2622,1276,959,895,895,244,64,0,0,3056,0
1184,2973,49.6,12/24/2024 17:25:50,21.86,4978,0,0,0,1,310,1227,615,268,176,128,116,106,111,79,92,71,57,62,58,61,55,51,62,46,40,43,44,37,39,34,35,34,36,24,34,22,30,25,30,25,34,36,30,33,38,37,29,41,39,39,36,43,45,38,27,28,25,14,9,8,6,6,9,7,9,3,3,6,3,2,1,2,2,1,2,1,1,0,1,0,0,0,0,0,0,0,0,0,0,0,0,0,0,0,0,0,0,0,0,0,0,0,,12996,3971,2223,1505,1276,1276,252,50,0,0,4360,0
1185,2975,49.6,12/24/2024 17:27:58,21.59,4158,0,0,0,0,261,1104,517,229,181,83,94,69,75,62,68,50,50,50,30,57,37,54,45,37,31,33,27,25,36,28,24,35,32,27,22,17,24,22,30,11,30,28,24,17,23,24,29,30,37,42,41,41,34,32,17,33,21,13,14,6,5,4,6,4,2,4,2,3,5,1,2,1,1,0,3,1,1,0,0,0,0,0,0,0,0,0,0,0,0,0,0,0,0,0,0,0,0,0,0,0,0,0,,11436,2974,1746,1269,1190,1190,176,42,0,0,3868,0
1186,2977,49.6,12/24/2024 17:29:38,17.75,3368,0,0,0,0,298,985,508,203,116,78,72,59,69,44,59,39,30,35,30,29,27,21,37,21,20,23,21,17,18,13,18,14,12,16,18,22,19,15,21,12,9,17,25,16,14,17,18,19,19,26,10,17,14,16,18,2,9,8,7,4,2,7,3,4,3,5,4,2,3,1,4,1,2,1,0,2,0,0,0,0,0,0,0,0,0,0,0,0,0,0,0,0,0,0,0,0,0,0,0,0,0,0,,12732,2777,1330,992,603,603,214,56,0,0,2468,0
1187,2979,49.7,12/24/2024 17:31:41,21.98,5469,0,0,0,0,380,1381,684,289,205,139,108,88,99,91,94,67,91,69,62,62,76,42,59,36,43,46,44,37,37,43,29,25,42,32,34,34,35,37,34,29,34,39,40,39,51,44,45,55,29,40,38,50,37,27,28,18,19,21,14,10,9,6,7,5,6,4,6,4,7,5,4,3,4,2,4,1,4,3,1,1,0,1,1,0,0,0,0,0,0,0,0,0,0,0,0,0,0,0,0,0,0,0,,14495,4126,2238,1661,1233,1233,287,123,9,0,4545,0
1188,2981,49.7,12/24/2024 17:33:44,22.03,5865,0,0,0,0,426,1475,692,346,222,144,137,111,103,87,95,81,74,79,60,51,64,62,54,57,48,44,49,37,35,43,36,44,39,33,35,33,33,36,39,32,47,43,40,55,44,33,54,42,39,41,53,37,36,36,34,26,22,15,20,13,14,11,7,9,6,4,5,9,4,5,2,3,3,4,1,5,1,1,1,2,0,2,0,0,0,0,0,0,0,0,0,0,0,0,0,0,0,0,0,0,0,0,,15624,4276,2401,1847,1389,1389,345,104,9,0,5084,0
1189,2983,49.7,12/24/2024 17:35:52,21.66,3741,0,0,0,0,285,1021,454,214,139,81,85,77,70,59,57,54,38,37,49,44,39,37,24,31,31,37,24,27,25,22,24,27,29,20,16,22,18,22,15,20,17,25,22,18,27,29,18,28,25,22,37,31,32,26,22,15,20,12,6,6,3,3,5,3,6,2,0,2,2,0,1,0,1,0,0,0,1,0,0,0,0,0,0,0,0,0,0,0,0,0,0,0,0,0,0,0,0,0,0,0,0,0,,10522,2812,1482,1062,970,970,125,14,0,0,3139,0
1190,2985,49.8,12/24/2024 17:37:59,21.52,3731,0,0,0,0,213,927,531,232,159,77,92,58,52,65,59,45,51,39,37,42,50,45,23,38,37,20,27,28,23,25,27,23,21,23,25,22,21,19,23,33,20,28,25,23,26,22,20,26,28,38,24,24,29,23,27,31,14,18,8,4,10,7,3,1,3,3,1,1,1,1,0,3,1,1,2,0,1,0,0,0,1,1,0,0,0,0,0,0,0,0,0,0,0,0,0,0,0,0,0,0,0,0,,10367,2742,1594,1194,985,985,144,42,9,0,3360,0
1191,2987,49.8,12/24/2024 17:40:07,21.42,3642,0,0,0,0,220,965,482,197,153,83,75,69,74,60,53,56,36,42,44,26,37,29,28,28,26,25,38,20,34,28,15,27,25,32,19,19,19,24,13,17,25,24,17,24,28,17,24,27,27,40,26,27,27,21,30,26,18,19,8,10,8,5,1,2,1,1,7,3,4,1,2,0,0,0,1,0,1,1,0,1,0,0,0,0,0,0,0,0,0,0,0,0,0,0,0,0,0,0,0,0,0,0,,10154,2670,1438,1097,1027,1027,163,28,0,0,3343,0
1192,2989,49.8,12/24/2024 17:41:47,17.59,3998,0,0,0,0,309,1168,563,253,149,108,93,74,59,52,55,47,42,32,39,41,36,37,34,27,35,34,20,25,27,19,19,15,20,15,16,19,15,17,14,22,17,19,21,13,22,18,18,24,19,19,21,21,25,18,13,13,13,10,9,10,10,8,8,11,11,7,6,8,6,2,6,6,0,1,1,3,4,1,2,2,2,0,0,0,0,0,0,0,0,0,0,0,0,0,0,0,0,0,0,0,0,0,,15026,3240,1779,1074,927,927,472,159,11,0,3570,0
1193,2991,49.9,12/24/2024 17:43:55,21.61,4256,0,0,0,0,277,1093,542,233,156,108,105,86,76,75,61,60,59,45,49,37,48,36,29,31,30,40,33,26,28,28,34,26,24,19,28,28,27,20,22,24,27,23,30,31,34,35,35,35,30,35,44,48,25,24,29,19,19,16,9,12,11,4,7,2,5,3,3,2,1,2,1,3,1,0,3,1,1,2,0,0,0,1,0,0,0,0,0,0,0,0,0,0,0,0,0,0,0,0,0,0,0,0,,11634,3244,1680,1291,1185,1185,190,56,5,0,3910,0
1194,2993,49.9,12/24/2024 17:45:36,18.05,3671,0,0,0,1,281,1025,481,195,142,78,78,68,49,55,47,47,29,60,34,39,36,28,16,35,36,31,19,15,32,24,23,30,23,16,22,19,14,21,22,17,18,21,21,21,24,21,26,22,22,22,21,25,20,16,22,15,11,15,6,12,8,3,9,8,18,6,7,5,4,5,4,8,2,3,3,2,6,0,0,0,1,0,0,0,0,0,0,0,0,0,0,0,0,0,0,0,0,0,0,0,0,0,,12637,3003,1634,1247,947,947,427,161,6,0,3734,0
1195,2995,49.9,12/24/2024 17:47:38,22.23,5631,0,0,0,0,375,1428,735,327,232,141,127,110,96,84,94,66,63,69,65,63,57,58,55,43,48,48,48,36,31,42,36,41,30,29,35,37,51,30,27,31,35,29,41,32,39,44,42,40,42,40,38,34,43,30,34,23,27,13,14,14,8,7,9,11,8,7,3,5,1,4,5,3,2,4,2,3,2,1,1,1,2,0,0,0,0,0,0,0,0,0,0,0,0,0,0,0,0,0,0,0,0,0,,15137,4022,2258,1718,1251,1251,306,117,9,0,4651,0
1196,2997,50.0,12/24/2024 17:49:47,21.72,3701,0,0,0,2,275,985,471,210,146,94,84,67,66,49,51,43,62,49,48,39,26,41,38,35,27,25,21,18,24,23,28,25,18,27,23,13,20,27,20,29,25,15,21,23,21,18,30,15,30,22,36,31,32,34,18,16,14,8,6,8,7,2,2,1,2,4,0,1,1,0,3,2,0,0,1,0,2,0,0,0,0,1,0,0,0,0,0,0,0,0,0,0,0,0,0,0,0,0,0,0,0,0,,10437,2689,1409,1174,967,967,106,37,5,0,3255,0
1197,2999,50.0,12/24/2024 17:51:29,18.98,4475,0,0,0,2,352,1212,626,311,179,121,88,83,71,70,61,58,56,46,41,34,46,27,31,21,32,27,42,30,23,26,35,29,21,27,21,27,29,21,16,17,26,23,18,28,25,24,20,18,32,37,25,28,21,31,14,13,16,12,12,9,2,10,6,11,9,7,4,5,4,2,4,4,0,4,3,3,4,0,1,0,1,0,0,0,0,0,0,0,0,0,0,0,0,0,0,0,0,0,0,0,0,0,,15232,3446,1791,1417,964,964,337,126,5,0,3815,0
1198,3001,50.0,12/24/2024 17:53:36,22.23,5095,0,0,0,0,371,1328,618,296,177,126,106,103,80,72,82,74,58,52,60,56,53,66,45,39,43,47,43,53,37,41,32,34,37,29,35,38,35,29,28,30,29,23,28,32,35,28,40,51,31,37,47,38,32,22,24,13,17,12,9,11,12,12,9,5,4,9,6,1,4,5,4,2,1,1,2,0,3,2,1,0,0,0,0,0,0,0,0,0,0,0,0,0,0,0,0,0,0,0,0,0,0,0,,13594,3581,2245,1601,1066,1066,319,72,0,0,4125,0